kx,e_plus_real,e_plus_imag,e_minus_real,e_minus_imag
-1.6000000000000001,1.8245546733322386,-0.87692631160121515,-1.8245546733322386,0.87692631160121515
-1.5960000000000001,1.8208494587191337,-0.87651397668135467,-1.8208494587191337,0.87651397668135467
-1.5920000000000001,1.817144676434755,-0.87609975179494803,-1.817144676434755,0.87609975179494803
-1.5880000000000001,1.813440325258211,-0.87568362624443619,-1.813440325258211,0.87568362624443619
-1.5840000000000001,1.8097364039393615,-0.87526558926040965,-1.8097364039393615,0.87526558926040965
-1.5800000000000001,1.8060329111984386,-0.87484563000103432,-1.8060329111984386,0.87484563000103432
-1.5760000000000001,1.8023298457256611,-0.87442373755147174,-1.8023298457256611,0.87442373755147174
-1.5720000000000001,1.7986272061808486,-0.87399990092329249,-1.7986272061808486,0.87399990092329249
-1.5680000000000001,1.7949249911930272,-0.87357410905388444,-1.7949249911930272,0.87357410905388444
-1.5640000000000001,1.7912231993600303,-0.87314635080585568,-1.7912231993600303,0.87314635080585568
-1.5600000000000001,1.7875218292480972,-0.87271661496642983,-1.7875218292480972,0.87271661496642983
-1.556,1.7838208793914643,-0.8722848902468372,-1.7838208793914643,0.8722848902468372
-1.552,1.7801203482919505,-0.87185116528169848,-1.7801203482919505,0.87185116528169848
-1.548,1.7764202344185407,-0.8714154286284026,-1.7764202344185407,0.8714154286284026
-1.544,1.7727205362069596,-0.87097766876647886,-1.7727205362069596,0.87097766876647886
-1.54,1.7690212520592445,-0.87053787409696159,-1.7690212520592445,0.87053787409696159
-1.536,1.7653223803433098,-0.87009603294174942,-1.7653223803433098,0.87009603294174942
-1.532,1.761623919392507,-0.86965213354295712,-1.761623919392507,0.86965213354295712
-1.528,1.7579258675051779,-0.86920616406226203,-1.7579258675051779,0.86920616406226203
-1.524,1.7542282229442054,-0.86875811258024205,-1.7542282229442054,0.86875811258024205
-1.52,1.7505309839365546,-0.86830796709570846,-1.7505309839365546,0.86830796709570846
-1.516,1.7468341486728105,-0.86785571552503082,-1.7468341486728105,0.86785571552503082
-1.512,1.7431377153067096,-0.86740134570145522,-1.7431377153067096,0.86740134570145522
-1.508,1.7394416819546639,-0.86694484537441596,-1.7394416819546639,0.86694484537441596
-1.504,1.735746046695281,-0.86648620220883887,-1.735746046695281,0.86648620220883887
-1.5,1.7320508075688772,-0.86602540378443871,-1.7320508075688772,0.86602540378443871
-1.496,1.7283559625769835,-0.86556243759500784,-1.7283559625769835,0.86556243759500784
-1.492,1.7246615096818467,-0.86509729104769872,-1.7246615096818467,0.86509729104769872
-1.488,1.7209674468059226,-0.86462995146229815,-1.7209674468059226,0.86462995146229815
-1.484,1.7172737718313642,-0.86416040607049371,-1.7172737718313642,0.86416040607049371
-1.48,1.7135804825995025,-0.86368864201513273,-1.7135804825995025,0.86368864201513273
-1.476,1.7098875769103203,-0.86321464634947331,-1.7098875769103203,0.86321464634947331
-1.472,1.7061950525219196,-0.86273840603642771,-1.7061950525219196,0.86273840603642771
-1.468,1.7025029071499826,-0.8622599079477965,-1.7025029071499826,0.8622599079477965
-1.464,1.6988111384672249,-0.86177913886349577,-1.6988111384672249,0.86177913886349577
-1.46,1.6951197441028412,-0.86129608547077563,-1.6951197441028412,0.86129608547077563
-1.456,1.6914287216419457,-0.86081073436342948,-1.6914287216419457,0.86081073436342948
-1.4520000000000002,1.6877380686250034,-0.8603230720409959,-1.6877380686250034,0.8603230720409959
-1.4480000000000002,1.6840477825472542,-0.85983308490795118,-1.6840477825472542,0.85983308490795118
-1.4440000000000002,1.6803578608581307,-0.85934075927289288,-1.6803578608581307,0.85934075927289288
-1.4400000000000002,1.6766683009606662,-0.85884608134771545,-1.6766683009606662,0.85884608134771545
-1.4360000000000002,1.672979100210898,-0.85834903724677492,-1.672979100210898,0.85834903724677492
-1.4320000000000002,1.6692902559172598,-0.85784961298604667,-1.6692902559172598,0.85784961298604667
-1.4280000000000002,1.6656017653399677,-0.85734779448227205,-1.6656017653399677,0.85734779448227205
-1.4240000000000002,1.6619136256903979,-0.85684356755209656,-1.6619136256903979,0.85684356755209656
-1.4200000000000002,1.658225834130457,-0.85633691791119748,-1.658225834130457,0.85633691791119748
-1.4160000000000001,1.6545383877719406,-0.85582783117340377,-1.6545383877719406,0.85582783117340377
-1.4120000000000001,1.6508512836758891,-0.85531629284980315,-1.6508512836758891,0.85531629284980315
-1.4080000000000001,1.647164518851929,-0.85480228834784144,-1.647164518851929,0.85480228834784144
-1.4040000000000001,1.6434780902576098,-0.85428580297041123,-1.6434780902576098,0.85428580297041123
-1.4000000000000001,1.6397919947977302,-0.85376682191492914,-1.6397919947977302,0.85376682191492914
-1.3960000000000001,1.6361062293236541,-0.85324533027240479,-1.6361062293236541,0.85324533027240479
-1.3920000000000001,1.6324207906326214,-0.85272131302649634,-1.6324207906326214,0.85272131302649634
-1.3880000000000001,1.6287356754670443,-0.85219475505255782,-1.6287356754670443,0.85219475505255782
-1.3840000000000001,1.6250508805137993,-0.85166564111667376,-1.6250508805137993,0.85166564111667376
-1.3800000000000001,1.6213664024035062,-0.85113395587468343,-1.6213664024035062,0.85113395587468343
-1.3760000000000001,1.617682237709797,-0.85059968387119467,-1.617682237709797,0.85059968387119467
-1.3720000000000001,1.6139983829485798,-0.85006280953858337,-1.6139983829485798,0.85006280953858337
-1.3680000000000001,1.6103148345772857,-0.84952331719598528,-1.6103148345772857,0.84952331719598528
-1.3640000000000001,1.6066315889941118,-0.84898119104827274,-1.6066315889941118,0.84898119104827274
-1.3600000000000001,1.6029486425372494,-0.84843641518502133,-1.6029486425372494,0.84843641518502133
-1.3560000000000001,1.5992659914841045,-0.84788897357946336,-1.5992659914841045,0.84788897357946336
-1.3520000000000001,1.5955836320505068,-0.84733885008742915,-1.5955836320505068,0.84733885008742915
-1.3480000000000001,1.5919015603899065,-0.84678602844627704,-1.5919015603899065,0.84678602844627704
-1.3440000000000001,1.5882197725925629,-0.84623049227380809,-1.5882197725925629,0.84623049227380809
-1.3400000000000001,1.5845382646847188,-0.84567222506717099,-1.5845382646847188,0.84567222506717099
-1.3360000000000001,1.5808570326277667,-0.84511121020175051,-1.5808570326277667,0.84511121020175051
-1.3320000000000001,1.5771760723174,-0.84454743093004569,-1.5771760723174,0.84454743093004569
-1.3280000000000001,1.5734953795827558,-0.84398087038053216,-1.5734953795827558,0.84398087038053216
-1.3240000000000001,1.5698149501855436,-0.84341151155651206,-1.5698149501855436,0.84341151155651206
-1.3200000000000001,1.5661347798191625,-0.84283933733494953,-1.5661347798191625,0.84283933733494953
-1.3160000000000001,1.5624548641078069,-0.84226433046529159,-1.5624548641078069,0.84226433046529159
-1.3120000000000001,1.5587751986055585,-0.84168647356827508,-1.5587751986055585,0.84168647356827508
-1.3080000000000001,1.555095778795466,-0.84110574913471925,-1.555095778795466,0.84110574913471925
-1.304,1.5514166000886129,-0.84052213952430244,-1.5514166000886129,0.84052213952430244
-1.3,1.5477376578231705,-0.83993562696432467,-1.5477376578231705,0.83993562696432467
-1.296,1.5440589472634387,-0.83934619354845375,-1.5440589472634387,0.83934619354845375
-1.292,1.5403804635988738,-0.83875382123545694,-1.5403804635988738,0.83875382123545694
-1.288,1.5367022019431003,-0.83815849184791569,-1.5367022019431003,0.83815849184791569
-1.284,1.5330241573329113,-0.83756018707092483,-1.5330241573329113,0.83756018707092483
-1.28,1.5293463247272532,-0.83695888845077515,-1.5293463247272532,0.83695888845077515
-1.276,1.5256686990061963,-0.83635457739361918,-1.5256686990061963,0.83635457739361918
-1.272,1.5219912749698901,-0.83574723516412031,-1.5219912749698901,0.83574723516412031
-1.268,1.518314047337505,-0.8351368428840843,-1.518314047337505,0.8351368428840843
-1.264,1.514637010746158,-0.83452338153107308,-1.514637010746158,0.83452338153107308
-1.26,1.5109601597498217,-0.83390683193700188,-1.5109601597498217,0.83390683193700188
-1.256,1.5072834888182207,-0.8332871747867161,-1.5072834888182207,0.8332871747867161
-1.252,1.5036069923357083,-0.83266439061655262,-1.5036069923357083,0.83266439061655262
-1.2480000000000002,1.4999306646001302,-0.83203845981287894,-1.4999306646001302,0.83203845981287894
-1.2440000000000002,1.4962544998216687,-0.83140936261061638,-1.4962544998216687,0.83140936261061638
-1.2400000000000002,1.4925784921216732,-0.83077707909174192,-1.4925784921216732,0.83077707909174192
-1.2360000000000002,1.4889026355314703,-0.83014158918377134,-1.4889026355314703,0.83014158918377134
-1.2320000000000002,1.4852269239911595,-0.82950287265822109,-1.4852269239911595,0.82950287265822109
-1.2280000000000002,1.4815513513483889,-0.8288609091290513,-1.4815513513483889,0.8288609091290513
-1.2240000000000002,1.4778759113571145,-0.82821567805108665,-1.4778759113571145,0.82821567805108665
-1.2200000000000002,1.4742005976763388,-0.82756715871841724,-1.4742005976763388,0.82756715871841724
-1.2160000000000002,1.470525403868834,-0.82691533026277686,-1.470525403868834,0.82691533026277686
-1.2120000000000002,1.4668503233998442,-0.82626017165189991,-1.4668503233998442,0.82626017165189991
-1.2080000000000002,1.4631753496357673,-0.82560166168785665,-1.4631753496357673,0.82560166168785665
-1.2040000000000002,1.4595004758428205,-0.82493977900536419,-1.4595004758428205,0.82493977900536419
-1.2000000000000002,1.4558256951856814,-0.82427450207007624,-1.4558256951856814,0.82427450207007624
-1.1960000000000002,1.4521510007261129,-0.82360580917684822,-1.4521510007261129,0.82360580917684822
-1.1920000000000002,1.4484763854215648,-0.82293367844797849,-1.4484763854215648,0.82293367844797849
-1.1880000000000002,1.4448018421237543,-0.82225808783142607,-1.4448018421237543,0.82225808783142607
-1.1840000000000002,1.4411273635772266,-0.82157901509900266,-1.4411273635772266,0.82157901509900266
-1.1800000000000002,1.4374529424178917,-0.82089643784454014,-1.4374529424178917,0.82089643784454014
-1.1760000000000002,1.4337785711715409,-0.82021033348203143,-1.4337785711715409,0.82021033348203143
-1.1720000000000002,1.4301042422523378,-0.81952067924374716,-1.4301042422523378,0.81952067924374716
-1.1680000000000001,1.4264299479612885,-0.81882745217832331,-1.4264299479612885,0.81882745217832331
-1.1640000000000001,1.4227556804846886,-0.81813062914882306,-1.4227556804846886,0.81813062914882306
-1.1600000000000001,1.4190814318925429,-0.81743018683077151,-1.4190814318925429,0.81743018683077151
-1.1560000000000001,1.415407194136965,-0.8167261017101608,-1.415407194136965,0.8167261017101608
-1.1520000000000001,1.4117329590505479,-0.81601835008142798,-1.4117329590505479,0.81601835008142798
-1.1480000000000001,1.4080587183447126,-0.81530690804540262,-1.4080587183447126,0.81530690804540262
-1.1440000000000001,1.4043844636080287,-0.81459175150722596,-1.4043844636080287,0.81459175150722596
-1.1400000000000001,1.4007101863045091,-0.81387285617423821,-1.4007101863045091,0.81387285617423821
-1.1360000000000001,1.3970358777718785,-0.81315019755383633,-1.3970358777718785,0.81315019755383633
-1.1320000000000001,1.3933615292198143,-0.81242375095129948,-1.3933615292198143,0.81242375095129948
-1.1280000000000001,1.3896871317281583,-0.81169349146758329,-1.3896871317281583,0.81169349146758329
-1.1240000000000001,1.3860126762451028,-0.81095939399708039,-1.3860126762451028,0.81095939399708039
-1.1200000000000001,1.3823381535853443,-0.8102214332253489,-1.3823381535853443,0.8102214332253489
-1.1160000000000001,1.3786635544282106,-0.80947958362680583,-1.3786635544282106,0.80947958362680583
-1.1120000000000001,1.3749888693157559,-0.80873381946238698,-1.3749888693157559,0.80873381946238698
-1.1080000000000001,1.3713140886508268,-0.80798411477717014,-1.3713140886508268,0.80798411477717014
-1.1040000000000001,1.3676392026950948,-0.80723044339796457,-1.3676392026950948,0.80723044339796457
-1.1000000000000001,1.3639642015670597,-0.80647277893086133,-1.3639642015670597,0.80647277893086133
-1.0960000000000001,1.3602890752400172,-0.80571109475874869,-1.3602890752400172,0.80571109475874869
-1.0920000000000001,1.3566138135399974,-0.8049453640387868,-1.3566138135399974,0.8049453640387868
-1.0880000000000001,1.3529384061436651,-0.80417555969984644,-1.3529384061436651,0.80417555969984644
-1.0840000000000001,1.349262842576189,-0.80340165443990552,-1.349262842576189,0.80340165443990552
-1.0800000000000001,1.345587112209073,-0.80262362072340743,-1.345587112209073,0.80262362072340743
-1.0760000000000001,1.3419112042579546,-0.80184143077857584,-1.3419112042579546,0.80184143077857584
-1.0720000000000001,1.3382351077803638,-0.80105505659468978,-1.3382351077803638,0.80105505659468978
-1.0680000000000001,1.3345588116734461,-0.8002644699193141,-1.3345588116734461,0.8002644699193141
-1.0640000000000001,1.3308823046716476,-0.79946964225548689,-1.3308823046716476,0.79946964225548689
-1.0600000000000001,1.3272055753443597,-0.79867054485886269,-1.3272055753443597,0.79867054485886269
-1.056,1.3235286120935255,-0.79786714873480891,-1.3235286120935255,0.79786714873480891
-1.052,1.3198514031512054,-0.79705942463545676,-1.3198514031512054,0.79705942463545676
-1.048,1.3161739365771006,-0.79624734305670464,-1.3161739365771006,0.79624734305670464
-1.044,1.3124962002560352,-0.79543087423517245,-1.3124962002560352,0.79543087423517245
-1.04,1.308818181895395,-0.79460998814510675,-1.308818181895395,0.79460998814510675
-1.036,1.3051398690225207,-0.79378465449523672,-1.3051398690225207,0.79378465449523672
-1.032,1.3014612489820594,-0.79295484272557559,-1.3014612489820594,0.79295484272557559
-1.028,1.2977823089332674,-0.79212052200417249,-1.2977823089332674,0.79212052200417249
-1.024,1.2941030358472665,-0.79128166122380938,-1.2941030358472665,0.79128166122380938
-1.02,1.2904234165042536,-0.79043822899864258,-1.2904234165042536,0.79043822899864258
-1.016,1.2867434374906608,-0.78959019366078886,-1.2867434374906608,0.78959019366078886
-1.012,1.2830630851962646,-0.78873752325685431,-1.2830630851962646,0.78873752325685431
-1.008,1.2793823458112457,-0.78788018554440475,-1.2793823458112457,0.78788018554440475
-1.004,1.2757012053231953,-0.78701814798837588,-1.2757012053231953,0.78701814798837588
-1,1.272019649514069,-0.78615137775742328,-1.272019649514069,0.78615137775742328
-0.99600000000000011,1.2683376639570856,-0.78527984172020926,-1.2683376639570856,0.78527984172020926
-0.9920000000000001,1.2646552340135704,-0.78440350644162637,-1.2646552340135704,0.78440350644162637
-0.9880000000000001,1.2609723448297421,-0.78352233817895589,-1.2609723448297421,0.78352233817895589
-0.9840000000000001,1.2572889813334409,-0.7826363028779596,-1.2572889813334409,0.7826363028779596
-0.98000000000000009,1.2536051282307972,-0.78174536616890378,-1.2536051282307972,0.78174536616890378
-0.97600000000000009,1.2499207700028403,-0.78084949336251308,-1.2499207700028403,0.78084949336251308
-0.97200000000000009,1.2462358909020443,-0.77994864944585396,-1.2462358909020443,0.77994864944585396
-0.96800000000000008,1.2425504749488097,-0.77904279907814578,-1.2425504749488097,0.77904279907814578
-0.96400000000000008,1.238864505927882,-0.77813190658649589,-1.238864505927882,0.77813190658649589
-0.96000000000000008,1.2351779673847025,-0.77721593596156102,-1.2351779673847025,0.77721593596156102
-0.95600000000000007,1.2314908426216908,-0.77629485085312933,-1.2314908426216908,0.77629485085312933
-0.95200000000000007,1.227803114694459,-0.77536861456562356,-1.227803114694459,0.77536861456562356
-0.94800000000000006,1.224114766407953,-0.77443719005352318,-1.224114766407953,0.77443719005352318
-0.94400000000000006,1.2204257803125231,-0.77350053991670287,-1.2204257803125231,0.77350053991670287
-0.94000000000000006,1.2167361386999191,-0.77255862639568573,-1.2167361386999191,0.77255862639568573
-0.93600000000000005,1.2130458235992081,-0.77161141136681055,-1.2130458235992081,0.77161141136681055
-0.93200000000000005,1.2093548167726165,-0.77065885633730868,-1.2093548167726165,0.77065885633730868
-0.92800000000000005,1.2056630997112896,-0.76970092244029087,-1.2056630997112896,0.76970092244029087
-0.92400000000000004,1.201970653630972,-0.76873757042964019,-1.201970653630972,0.76873757042964019
-0.92000000000000004,1.1982774594676027,-0.76776876067480904,-1.1982774594676027,0.76776876067480904
-0.91600000000000004,1.1945834978728245,-0.76679445315551942,-1.1945834978728245,0.76679445315551942
-0.91200000000000003,1.1908887492094058,-0.76581460745636287,-1.1908887492094058,0.76581460745636287
-0.90800000000000003,1.187193193546574,-0.76482918276129663,-1.187193193546574,0.76482918276129663
-0.90400000000000003,1.1834968106552537,-0.76383813784803722,-1.1834968106552537,0.76383813784803722
-0.90000000000000002,1.1797995800032135,-0.76284143108234415,-1.1797995800032135,0.76284143108234415
-0.89600000000000013,1.1761014807501153,-0.7618390204121952,-1.1761014807501153,0.7618390204121952
-0.89200000000000013,1.1724024917424629,-0.76083086336184813,-1.1724024917424629,0.76083086336184813
-0.88800000000000012,1.1687025915084523,-0.75981691702578713,-1.1687025915084523,0.75981691702578713
-0.88400000000000012,1.1650017582527155,-0.75879713806255078,-1.1650017582527155,0.75879713806255078
-0.88000000000000012,1.1612999698509578,-0.75777148268843919,-1.1612999698509578,0.75777148268843919
-0.87600000000000011,1.1575972038444888,-0.75673990667109592,-1.1575972038444888,0.75673990667109592
-0.87200000000000011,1.1538934374346368,-0.75570236532296353,-1.1538934374346368,0.75570236532296353
-0.8680000000000001,1.150188647477052,-0.75465881349460806,-1.150188647477052,0.75465881349460806
-0.8640000000000001,1.1464828104758904,-0.75360920556790967,-1.1464828104758904,0.75360920556790967
-0.8600000000000001,1.1427759025778774,-0.75255349544911598,-1.1427759025778774,0.75255349544911598
-0.85600000000000009,1.1390678995662482,-0.75149163656175455,-1.1390678995662482,0.75149163656175455
-0.85200000000000009,1.1353587768545581,-0.75042358183940228,-1.1353587768545581,0.75042358183940228
-0.84800000000000009,1.131648509480367,-0.74934928371830467,-1.131648509480367,0.74934928371830467
-0.84400000000000008,1.1279370720987869,-0.74826869412984498,-1.1279370720987869,0.74826869412984498
-0.84000000000000008,1.1242244389758924,-0.74718176449285745,-1.1242244389758924,0.74718176449285745
-0.83600000000000008,1.1205105839819927,-0.74608844570577937,-1.1205105839819927,0.74608844570577937
-0.83200000000000007,1.1167954805847551,-0.74498868813864128,-1.1167954805847551,0.74498868813864128
-0.82800000000000007,1.1130791018421842,-0.74388244162488681,-1.1130791018421842,0.74388244162488681
-0.82400000000000007,1.1093614203954456,-0.74276965545302187,-1.1093614203954456,0.74276965545302187
-0.82000000000000006,1.1056424084615351,-0.74165027835808417,-1.1056424084615351,0.74165027835808417
-0.81600000000000006,1.1019220378257848,-0.74052425851293358,-1.1019220378257848,0.74052425851293358
-0.81200000000000006,1.0982002798342074,-0.73939154351935299,-1.0982002798342074,0.73939154351935299
-0.80800000000000005,1.0944771053856681,-0.73825208039895884,-1.0944771053856681,0.73825208039895884
-0.80400000000000005,1.0907524849238837,-0.73710581558391397,-1.0907524849238837,0.73710581558391397
-0.80000000000000004,1.0870263884292419,-0.73595269490743798,-1.0870263884292419,0.73595269490743798
-0.79600000000000004,1.083298785410437,-0.73479266359411077,-1.083298785410437,0.73479266359411077
-0.79200000000000004,1.0795696448959176,-0.73362566624995984,-1.0795696448959176,0.73362566624995984
-0.78800000000000003,1.0758389354251368,-0.732451646852331,-1.0758389354251368,0.732451646852331
-0.78400000000000003,1.0721066250396065,-0.73127054873953135,-1.0721066250396065,0.73127054873953135
-0.78000000000000003,1.0683726812737426,-0.73008231460024142,-1.0683726812737426,0.73008231460024142
-0.77600000000000002,1.0646370711455015,-0.72888688646268818,-1.0646370711455015,0.72888688646268818
-0.77200000000000002,1.0608997611467978,-0.72768420568357306,-1.0608997611467978,0.72768420568357306
-0.76800000000000002,1.0571607172336988,-0.72647421293674863,-1.0571607172336988,0.72647421293674863
-0.76400000000000012,1.0534199048163886,-0.72525684820163483,-1.0534199048163886,0.72525684820163483
-0.76000000000000012,1.0496772887488961,-0.72403205075136901,-1.0496772887488961,0.72403205075136901
-0.75600000000000012,1.0459328333185782,-0.72279975914068262,-1.0459328333185782,0.72279975914068262
-0.75200000000000011,1.0421865022353545,-0.72155991119349361,-1.0421865022353545,0.72155991119349361
-0.74800000000000011,1.03843825862068,-0.72031244399021033,-1.03843825862068,0.72031244399021033
-0.74400000000000011,1.0346880649962555,-0.71905729385473538,-1.0346880649962555,0.71905729385473538
-0.7400000000000001,1.0309358832724629,-0.71779439634116193,-1.0309358832724629,0.71779439634116193
-0.7360000000000001,1.0271816747365177,-0.71652368622015328,-1.0271816747365177,0.71652368622015328
-0.7320000000000001,1.0234254000403316,-0.71524509746499665,-1.0234254000403316,0.71524509746499665
-0.72800000000000009,1.019667019188077,-0.71395856323731988,-1.019667019188077,0.71395856323731988
-0.72400000000000009,1.0159064915234408,-0.71266401587246342,-1.0159064915234408,0.71266401587246342
-0.72000000000000008,1.0121437757165619,-0.71136138686449524,-1.0121437757165619,0.71136138686449524
-0.71600000000000008,1.0083788297506406,-0.71005060685085764,-1.0083788297506406,0.71005060685085764
-0.71200000000000008,1.0046116109082095,-0.70873160559663784,-1.0046116109082095,0.70873160559663784
-0.70800000000000007,1.0008420757570582,-0.70740431197844456,-1.0008420757570582,0.70740431197844456
-0.70400000000000007,0.9970701801357944,-0.70606865396788809,-0.9970701801357944,0.70606865396788809
-0.70000000000000007,0.99329587913903994,-0.70472455861463934,-0.99329587913903994,0.70472455861463934
-0.69600000000000006,0.98951912710223988,-0.70337195202906611,-0.98951912710223988,0.70337195202906611
-0.69200000000000006,0.98573987758607917,-0.70201075936442625,-0.98573987758607917,0.70201075936442625
-0.68800000000000006,0.98195808336049151,-0.7006409047986063,-0.98195808336049151,0.7006409047986063
-0.68400000000000005,0.97817369638824758,-0.69926231151539076,-0.97817369638824758,0.69926231151539076
-0.68000000000000005,0.97438666780811034,-0.69787490168524657,-0.97438666780811034,0.69787490168524657
-0.67600000000000005,0.97059694791754048,-0.69647859644560861,-0.97059694791754048,0.69647859644560861
-0.67200000000000004,0.96680448615494041,-0.69507331588064758,-0.96680448615494041,0.69507331588064758
-0.66800000000000004,0.96300923108141878,-0.69365897900050677,-0.96300923108141878,0.69365897900050677
-0.66400000000000003,0.95921113036206185,-0.69223550371998699,-0.95921113036206185,0.69223550371998699
-0.66000000000000003,0.95541013074669323,-0.69080280683666417,-0.95541013074669323,0.69080280683666417
-0.65600000000000003,0.9516061780501075,-0.68936080400841815,-0.9516061780501075,0.68936080400841815
-0.65200000000000002,0.94779921713175508,-0.68790940973035697,-0.94779921713175508,0.68790940973035697
-0.64800000000000002,0.94398919187486663,-0.68644853731111111,-0.94398919187486663,0.68644853731111111
-0.64400000000000002,0.94017604516499009,-0.6849780988484826,-0.94017604516499009,0.6849780988484826
-0.64000000000000012,0.93635971886792668,-0.68349800520442072,-0.93635971886792668,0.68349800520442072
-0.63600000000000012,0.93254015380704003,-0.68200816597930691,-0.93254015380704003,0.68200816597930691
-0.63200000000000012,0.92871728973992118,-0.68050848948552034,-0.92871728973992118,0.68050848948552034
-0.62800000000000011,0.92489106533438159,-0.67899888272026432,-0.92489106533438159,0.67899888272026432
-0.62400000000000011,0.92106141814375531,-0.67747925133762243,-0.92106141814375531,0.67747925133762243
-0.62000000000000011,0.91722828458148165,-0.67594949961982187,-0.91722828458148165,0.67594949961982187
-0.6160000000000001,0.913391599894947,-0.67440953044767304,-0.913391599894947,0.67440953044767304
-0.6120000000000001,0.9095512981385534,-0.67285924527015861,-0.9095512981385534,0.67285924527015861
-0.6080000000000001,0.90570731214599143,-0.67129854407313905,-0.90570731214599143,0.67129854407313905
-0.60400000000000009,0.90185957350168466,-0.66972732534714485,-0.90185957350168466,0.66972732534714485
-0.60000000000000009,0.89800801251137685,-0.66814548605422242,-0.89800801251137685,0.66814548605422242
-0.59600000000000009,0.89415255817182915,-0.66655292159379687,-0.89415255817182915,0.66655292159379687
-0.59200000000000008,0.89029313813959521,-0.66494952576751898,-0.89029313813959521,0.66494952576751898
-0.58800000000000008,0.88642967869883882,-0.66333519074305602,-0.88642967869883882,0.66333519074305602
-0.58400000000000007,0.88256210472815777,-0.66170980701678861,-0.88256210472815777,0.66170980701678861
-0.58000000000000007,0.87869033966637733,-0.66007326337537231,-0.87869033966637733,0.66007326337537231
-0.57600000000000007,0.87481430547727235,-0.65842544685612081,-0.87481430547727235,0.65842544685612081
-0.57200000000000006,0.87093392261317737,-0.6567662427061669,-0.87093392261317737,0.6567662427061669
-0.56800000000000006,0.86704910997744145,-0.65509553434035361,-0.86704910997744145,0.65509553434035361
-0.56400000000000006,0.8631597848856839,-0.65341320329780617,-0.8631597848856839,0.65341320329780617
-0.56000000000000005,0.85926586302580021,-0.65171912919713604,-0.85926586302580021,0.65171912919713604
-0.55600000000000005,0.85536725841667227,-0.65001318969022026,-0.85536725841667227,0.65001318969022026
-0.55200000000000005,0.85146388336552969,-0.64829526041450292,-0.85146388336552969,0.64829526041450292
-0.54800000000000004,0.84755564842390674,-0.64656521494375874,-0.84755564842390674,0.64656521494375874
-0.54400000000000004,0.84364246234214046,-0.64482292473725678,-0.84364246234214046,0.64482292473725678
-0.54000000000000004,0.83972423202234825,-0.64306825908726262,-0.83972423202234825,0.64306825908726262
-0.53600000000000003,0.8358008624698231,-0.6413010850648081,-0.8358008624698231,0.6413010850648081
-0.53200000000000003,0.83187225674278154,-0.63952126746366145,-0.83187225674278154,0.63952126746366145
-0.52800000000000002,0.8279383159003938,-0.63772866874242085,-0.8279383159003938,0.63772866874242085
-0.52400000000000002,0.82399893894902743,-0.63592314896465496,-0.82399893894902743,0.63592314896465496
-0.52000000000000002,0.82005402278662276,-0.63410456573701057,-0.82005402278662276,0.63410456573701057
-0.51600000000000001,0.81610346214512774,-0.63227277414519745,-0.81610346214512774,0.63227277414519745
-0.51200000000000001,0.8121471495309015,-0.63042762668776542,-0.8121471495309015,0.63042762668776542
-0.50800000000000001,0.80818497516300458,-0.62856897320757588,-0.80818497516300458,0.62856897320757588
-0.504,0.80421682690927832,-0.62669666082086961,-0.80421682690927832,0.62669666082086961
-0.5,0.80024259022012045,-0.62481053384382657,-0.80024259022012045,0.62481053384382657
-0.496,0.79626214805985096,-0.62291043371650789,-0.79626214805985096,0.62291043371650789
-0.49199999999999999,0.79227538083556281,-0.62099619892406432,-0.79227538083556281,0.62099619892406432
-0.48799999999999999,0.78828216632334247,-0.61906766491508969,-0.78828216632334247,0.61906766491508969
-0.48399999999999999,0.78428237959174152,-0.6171246640169914,-0.78428237959174152,0.6171246640169914
-0.47999999999999998,0.78027589292237254,-0.61516702534824286,-0.78027589292237254,0.61516702534824286
-0.47599999999999998,0.77626257572749668,-0.61319457472737615,-0.77626257572749668,0.61319457472737615
-0.47199999999999998,0.77224229446446313,-0.61120713457856379,-0.77224229446446313,0.61120713457856379
-0.46799999999999997,0.76821491254684982,-0.60920452383363344,-0.76821491254684982,0.60920452383363344
-0.46399999999999997,0.76418029025215306,-0.60718655783034658,-0.76418029025215306,0.60718655783034658
-0.45999999999999996,0.7601382846258572,-0.6051530482067663,-0.7601382846258572,0.6051530482067663
-0.45599999999999996,0.75608874938171167,-0.60310380279152676,-0.75608874938171167,0.60310380279152676
-0.45199999999999996,0.75203153479802964,-0.60103862548981002,-0.75203153479802964,0.60103862548981002
-0.44799999999999995,0.74796648760981399,-0.59895731616481818,-0.74796648760981399,0.59895731616481818
-0.44400000000000017,0.74389345089650305,-0.59685967051452549,-0.74389345089650305,0.59685967051452549
-0.44000000000000017,0.73981226396511668,-0.59474547994347238,-0.73981226396511668,0.59474547994347238
-0.43600000000000017,0.73572276222857236,-0.59261453142936038,-0.73572276222857236,0.59261453142936038
-0.43200000000000016,0.73162477707892393,-0.59046660738418133,-0.73162477707892393,0.59046660738418133
-0.42800000000000016,0.72751813575526114,-0.58830148550960715,-0.72751813575526114,0.58830148550960715
-0.42400000000000015,0.72340266120599661,-0.5861189386463449,-0.72340266120599661,0.5861189386463449
-0.42000000000000015,0.71927817194524235,-0.58391873461714638,-0.71927817194524235,0.58391873461714638
-0.41600000000000015,0.7151444819029662,-0.58170063606314004,-0.7151444819029662,0.58170063606314004
-0.41200000000000014,0.71100140026859526,-0.57946440027313417,-0.71100140026859526,0.57946440027313417
-0.40800000000000014,0.70684873132771375,-0.57720977900551762,-0.70684873132771375,0.57720977900551762
-0.40400000000000014,0.70268627429147923,-0.57493651830235992,-0.70268627429147923,0.57493651830235992
-0.40000000000000013,0.69851382311835675,-0.57264435829528859,-0.69851382311835675,0.57264435829528859
-0.39600000000000013,0.69433116632774683,-0.57033303300269156,-0.69433116632774683,0.57033303300269156
-0.39200000000000013,0.6901380868050504,-0.5680022701177655,-0.6901380868050504,0.5680022701177655
-0.38800000000000012,0.68593436159768684,-0.56565179078689931,-0.68593436159768684,0.56565179078689931
-0.38400000000000012,0.68171976170154958,-0.56328130937784326,-0.68171976170154958,0.56328130937784326
-0.38000000000000012,0.67749405183734313,-0.56089053323708415,-0.67749405183734313,0.56089053323708415
-0.37600000000000011,0.67325699021621388,-0.55847916243580209,-0.67325699021621388,0.55847916243580209
-0.37200000000000011,0.669008328294041,-0.55604688950374248,-0.669008328294041,0.55604688950374248
-0.3680000000000001,0.66474781051371234,-0.55359339915029182,-0.66474781051371234,0.55359339915029182
-0.3640000000000001,0.66047517403465961,-0.55111836797199365,-0.66047517403465961,0.55111836797199365
-0.3600000000000001,0.65619014844887735,-0.54862146414568902,-0.65619014844887735,0.54862146414568902
-0.35600000000000009,0.65189245548259189,-0.54610234710640349,-0.65189245548259189,0.54610234710640349
-0.35200000000000009,0.64758180868268689,-0.54356066720904295,-0.64758180868268689,0.54356066720904295
-0.34800000000000009,0.64325791308692393,-0.54099606537288658,-0.64325791308692393,0.54099606537288658
-0.34400000000000008,0.63892046487692544,-0.53840817270779462,-0.63892046487692544,0.53840817270779462
-0.34000000000000008,0.63456915101280775,-0.53579661012096336,-0.63456915101280775,0.53579661012096336
-0.33600000000000008,0.63020364884826885,-0.53316098790297106,-0.63020364884826885,0.53316098790297106
-0.33200000000000007,0.62582362572483707,-0.53050090529176386,-0.62582362572483707,0.53050090529176386
-0.32800000000000007,0.62142873854389247,-0.52781595001312109,-0.62142873854389247,0.52781595001312109
-0.32400000000000007,0.61701863331495366,-0.52510569779602767,-0.61701863331495366,0.52510569779602767
-0.32000000000000006,0.61259294467860748,-0.52236971186125203,-0.61259294467860748,0.52236971186125203
-0.31600000000000006,0.60815129540232415,-0.51960754238129081,-0.60815129540232415,0.51960754238129081
-0.31200000000000006,0.60369329584725218,-0.51681872590969269,-0.60369329584725218,0.51681872590969269
-0.30800000000000005,0.59921854340393244,-0.51400278477760264,-0.59921854340393244,0.51400278477760264
-0.30400000000000005,0.59472662189469105,-0.51115922645519252,-0.59472662189469105,0.51115922645519252
-0.30000000000000004,0.59021710094028135,-0.50828754287543809,-0.59021710094028135,0.50828754287543809
-0.29600000000000004,0.58568953528813106,-0.50538720971748674,-0.58568953528813106,0.50538720971748674
-0.29200000000000004,0.58114346409931672,-0.50245768564661619,-0.58114346409931672,0.50245768564661619
-0.28800000000000003,0.57657841019113176,-0.49949841150751728,-0.57657841019113176,0.49949841150751728
-0.28400000000000003,0.57199387923182787,-0.4965088094673395,-0.57199387923182787,0.4965088094673395
-0.28000000000000003,0.5673893588837926,-0.4934882821046121,-0.5673893588837926,0.4934882821046121
-0.27600000000000002,0.56276431789108194,-0.49043621143979027,-0.56276431789108194,0.49043621143979027
-0.27200000000000002,0.55811820510683274,-0.48735195790277952,-0.55811820510683274,0.48735195790277952
-0.26800000000000002,0.55345044845565461,-0.48423485923234122,-0.55345044845565461,0.48423485923234122
-0.26400000000000001,0.54876045382561933,-0.48108422930179257,-0.54876045382561933,0.48108422930179257
-0.26000000000000001,0.54404760388393214,-0.47789935686486135,-0.54404760388393214,0.47789935686486135
-0.25600000000000001,0.53931125680977599,-0.47467950421493882,-0.53931125680977599,0.47467950421493882
-0.252,0.53455074493714971,-0.47142390575029341,-0.53455074493714971,0.47142390575029341
-0.248,0.52976537329978057,-0.46813176643703208,-0.52976537329978057,0.46813176643703208
-0.24399999999999999,0.52495441806935139,-0.46480226016073894,-0.52495441806935139,0.46480226016073894
-0.23999999999999999,0.52011712487734152,-0.46143452795675366,-0.52011712487734152,0.46143452795675366
-0.23599999999999999,0.5152527070097298,-0.45802767610795586,-0.5152527070097298,0.45802767610795586
-0.23199999999999998,0.51036034346260373,-0.45458077409770303,-0.51036034346260373,0.45458077409770303
-0.22799999999999998,0.50543917684537898,-0.45109285240417446,-0.50543917684537898,0.45109285240417446
-0.22399999999999998,0.50048831111680059,-0.44756290012080696,-0.50048831111680059,0.44756290012080696
-0.21999999999999997,0.49550680913716549,-0.44398986238572535,-0.49550680913716549,0.44398986238572535
-0.21599999999999997,0.49049369001823373,-0.44037263760104711,-0.49049369001823373,0.44037263760104711
-0.21199999999999997,0.48544792625004912,-0.43671007442063103,-0.48544792625004912,0.43671007442063103
-0.20799999999999996,0.48036844058132094,-0.43300096848220804,-0.48036844058132094,0.43300096848220804
-0.20399999999999996,0.47525410262707979,-0.42924405885681272,-0.47525410262707979,0.42924405885681272
-0.19999999999999996,0.47010372517394261,-0.42543802418497778,-0.47010372517394261,0.42543802418497778
-0.19599999999999995,0.46491606014943743,-0.42158147846516619,-0.46491606014943743,0.42158147846516619
-0.19200000000000017,0.45968979421735273,-0.4176729664553262,-0.45968979421735273,0.4176729664553262
-0.18800000000000017,0.45442354395588264,-0.41371095864313756,-0.45442354395588264,0.41371095864313756
-0.18400000000000016,0.44911585056932057,-0.40969384573435347,-0.44911585056932057,0.40969384573435347
-0.18000000000000016,0.44376517407702781,-0.40561993260146217,-0.44376517407702781,0.40561993260146217
-0.17600000000000016,0.43836988691521861,-0.40148743162652234,-0.43836988691521861,0.40148743162652234
-0.17200000000000015,0.43292826687749758,-0.39729445536220825,-0.43292826687749758,0.39729445536220825
-0.16800000000000015,0.42743848930879702,-0.39303900842357431,-0.42743848930879702,0.39303900842357431
-0.16400000000000015,0.42189861845403875,-0.38871897850944526,-0.42189861845403875,0.38871897850944526
-0.16000000000000014,0.41630659784706892,-0.38433212643623887,-0.41630659784706892,0.38433212643623887
-0.15600000000000014,0.41066023960664916,-0.37987607504789045,-0.41066023960664916,0.37987607504789045
-0.15200000000000014,0.40495721248389122,-0.37534829684271037,-0.40495721248389122,0.37534829684271037
-0.14800000000000013,0.39919502847865673,-0.37074610013063591,-0.39919502847865673,0.37074610013063591
-0.14400000000000013,0.39337102781009564,-0.36606661350138314,-0.39337102781009564,0.36606661350138314
-0.14000000000000012,0.38748236198733871,-0.36130676834414138,-0.38748236198733871,0.36130676834414138
-0.13600000000000012,0.38152597467873783,-0.35646327911099179,-0.38152597467873783,0.35646327911099179
-0.13200000000000012,0.37549858001981901,-0.35153262095700361,-0.37549858001981901,0.35153262095700361
-0.12800000000000011,0.36939663792852334,-0.34651100431717402,-0.36939663792852334,0.34651100431717402
-0.12400000000000011,0.3632163259077697,-0.34139434589040751,-0.3632163259077697,0.34139434589040751
-0.12000000000000011,0.35695350670519371,-0.33617823538881092,-0.35695350670519371,0.33617823538881092
-0.1160000000000001,0.35060369106189859,-0.33085789727045534,-0.35060369106189859,0.33085789727045534
-0.1120000000000001,0.34416199460794733,-0.32542814649707347,-0.34416199460794733,0.32542814649707347
-0.1080000000000001,0.33762308774105682,-0.31988333713372025,-0.33762308774105682,0.31988333713372025
-0.10400000000000009,0.33098113704150017,-0.31421730232004136,-0.33098113704150017,0.31421730232004136
-0.10000000000000009,0.32422973641000918,-0.30842328377167638,-0.32422973641000918,0.30842328377167638
-0.096000000000000085,0.31736182563800286,-0.30249384848668598,-0.31736182563800286,0.30249384848668598
-0.092000000000000082,0.31036959349082727,-0.29642078969542829,-0.31036959349082727,0.29642078969542829
-0.088000000000000078,0.30324436154824969,-0.29019500824584421,-0.30324436154824969,0.29019500824584421
-0.084000000000000075,0.29597644392075828,-0.28380636947746213,-0.29597644392075828,0.28380636947746213
-0.080000000000000071,0.28855497642643357,-0.27724352908672112,-0.28855497642643357,0.27724352908672112
-0.076000000000000068,0.28096770669508825,-0.27049371934574951,-0.28096770669508825,0.27049371934574951
-0.072000000000000064,0.27320073369821624,-0.26354248403861502,-0.27320073369821624,0.26354248403861502
-0.06800000000000006,0.2652381809764664,-0.25637334621154506,-0.2652381809764664,0.25637334621154506
-0.064000000000000057,0.25706178170954214,-0.24896738665071028,-0.25706178170954214,0.24896738665071028
-0.060000000000000053,0.24865034471669703,-0.241302701865794,-0.24865034471669703,0.241302701865794
-0.05600000000000005,0.23997905679265813,-0.23335369656187974,-0.23997905679265813,0.23335369656187974
-0.052000000000000046,0.23101855559815884,-0.22509014423261536,-0.23101855559815884,0.22509014423261536
-0.048000000000000043,0.22173367360398183,-0.21647591554239271,-0.22173367360398183,0.21647591554239271
-0.044000000000000039,0.21208169820119732,-0.20746721840306179,-0.21208169820119732,0.20746721840306179
-0.040000000000000036,0.20200989876775841,-0.19801009873276665,-0.20200989876775841,0.19801009873276665
-0.036000000000000032,0.1914519039541904,-0.18803678237963056,-0.1914519039541904,0.18803678237963056
-0.032000000000000028,0.1803221997921764,-0.17746012436006456,-0.1803221997921764,0.17746012436006456
-0.028000000000000025,0.16850740003203776,-0.16616480934769912,-0.16850740003203776,0.16616480934769912
-0.024000000000000021,0.15585162154368654,-0.15399262299797514,-0.15585162154368654,0.15399262299797514
-0.020000000000000018,0.14213022189176117,-0.14071602600628427,-0.14213022189176117,0.14071602600628427
-0.016000000000000014,0.12699807869337346,-0.12598615793732371,-0.12699807869337346,0.12598615793732371
-0.012000000000000011,0.10987363650146494,-0.10921637239011395,-0.10987363650146494,0.10921637239011395
-0.0080000000000000071,0.089621783064967028,-0.089264012904103782,-0.089621783064967028,0.089264012904103782
-0.0040000000000000036,0.063308830347685335,-0.063182339304524035,-0.063308830347685335,0.063182339304524035
0,0,0,-0,-0
0.0040000000000000036,0.063308830347685335,0.063182339304524035,-0.063308830347685335,-0.063182339304524035
0.0080000000000000071,0.089621783064967028,0.089264012904103782,-0.089621783064967028,-0.089264012904103782
0.012000000000000011,0.10987363650146494,0.10921637239011395,-0.10987363650146494,-0.10921637239011395
0.016000000000000014,0.12699807869337346,0.12598615793732371,-0.12699807869337346,-0.12598615793732371
0.020000000000000018,0.14213022189176117,0.14071602600628427,-0.14213022189176117,-0.14071602600628427
0.024000000000000021,0.15585162154368654,0.15399262299797514,-0.15585162154368654,-0.15399262299797514
0.028000000000000025,0.16850740003203776,0.16616480934769912,-0.16850740003203776,-0.16616480934769912
0.032000000000000028,0.1803221997921764,0.17746012436006456,-0.1803221997921764,-0.17746012436006456
0.036000000000000032,0.1914519039541904,0.18803678237963056,-0.1914519039541904,-0.18803678237963056
0.040000000000000036,0.20200989876775841,0.19801009873276665,-0.20200989876775841,-0.19801009873276665
0.044000000000000039,0.21208169820119732,0.20746721840306179,-0.21208169820119732,-0.20746721840306179
0.048000000000000043,0.22173367360398183,0.21647591554239271,-0.22173367360398183,-0.21647591554239271
0.052000000000000046,0.23101855559815884,0.22509014423261536,-0.23101855559815884,-0.22509014423261536
0.05600000000000005,0.23997905679265813,0.23335369656187974,-0.23997905679265813,-0.23335369656187974
0.060000000000000053,0.24865034471669703,0.241302701865794,-0.24865034471669703,-0.241302701865794
0.064000000000000057,0.25706178170954214,0.24896738665071028,-0.25706178170954214,-0.24896738665071028
0.067999999999999838,0.26523818097646595,0.25637334621154462,-0.26523818097646595,-0.25637334621154462
0.071999999999999842,0.27320073369821579,0.26354248403861463,-0.27320073369821579,-0.26354248403861463
0.075999999999999845,0.2809677066950878,0.27049371934574917,-0.2809677066950878,-0.27049371934574917
0.079999999999999849,0.28855497642643313,0.27724352908672079,-0.28855497642643313,-0.27724352908672079
0.083999999999999853,0.29597644392075784,0.2838063694774618,-0.29597644392075784,-0.2838063694774618
0.087999999999999856,0.3032443615482493,0.29019500824584382,-0.3032443615482493,-0.29019500824584382
0.09199999999999986,0.31036959349082688,0.29642078969542796,-0.31036959349082688,-0.29642078969542796
0.095999999999999863,0.31736182563800247,0.30249384848668565,-0.31736182563800247,-0.30249384848668565
0.099999999999999867,0.3242297364100088,0.30842328377167605,-0.3242297364100088,-0.30842328377167605
0.10399999999999987,0.33098113704149973,0.31421730232004108,-0.33098113704149973,-0.31421730232004108
0.10799999999999987,0.33762308774105648,0.31988333713371991,-0.33762308774105648,-0.31988333713371991
0.11199999999999988,0.34416199460794694,0.32542814649707319,-0.34416199460794694,-0.32542814649707319
0.11599999999999988,0.3506036910618982,0.33085789727045506,-0.3506036910618982,-0.33085789727045506
0.11999999999999988,0.35695350670519338,0.33617823538881059,-0.35695350670519338,-0.33617823538881059
0.12399999999999989,0.36321632590776942,0.34139434589040718,-0.36321632590776942,-0.34139434589040718
0.12799999999999989,0.36939663792852301,0.34651100431717369,-0.36939663792852301,-0.34651100431717369
0.1319999999999999,0.37549858001981867,0.35153262095700333,-0.37549858001981867,-0.35153262095700333
0.1359999999999999,0.38152597467873745,0.35646327911099157,-0.38152597467873745,-0.35646327911099157
0.1399999999999999,0.38748236198733843,0.36130676834414105,-0.38748236198733843,-0.36130676834414105
0.14399999999999991,0.39337102781009536,0.36606661350138286,-0.39337102781009536,-0.36606661350138286
0.14799999999999991,0.3991950284786564,0.37074610013063569,-0.3991950284786564,-0.37074610013063569
0.15199999999999991,0.40495721248389094,0.37534829684271009,-0.40495721248389094,-0.37534829684271009
0.15599999999999992,0.41066023960664888,0.37987607504789017,-0.41066023960664888,-0.37987607504789017
0.15999999999999992,0.41630659784706858,0.38433212643623865,-0.41630659784706858,-0.38433212643623865
0.16399999999999992,0.42189861845403848,0.38871897850944503,-0.42189861845403848,-0.38871897850944503
0.16799999999999993,0.42743848930879669,0.39303900842357409,-0.42743848930879669,-0.39303900842357409
0.17199999999999993,0.4329282668774973,0.39729445536220803,-0.4329282668774973,-0.39729445536220803
0.17599999999999993,0.43836988691521828,0.40148743162652212,-0.43836988691521828,-0.40148743162652212
0.17999999999999994,0.44376517407702754,0.40561993260146195,-0.44376517407702754,-0.40561993260146195
0.18399999999999994,0.4491158505693203,0.40969384573435325,-0.4491158505693203,-0.40969384573435325
0.18799999999999994,0.4544235439558823,0.41371095864313739,-0.4544235439558823,-0.41371095864313739
0.19199999999999995,0.45968979421735245,0.41767296645532598,-0.45968979421735245,-0.41767296645532598
0.19599999999999995,0.46491606014943743,0.42158147846516619,-0.46491606014943743,-0.42158147846516619
0.19999999999999996,0.47010372517394261,0.42543802418497778,-0.47010372517394261,-0.42543802418497778
0.20399999999999996,0.47525410262707979,0.42924405885681272,-0.47525410262707979,-0.42924405885681272
0.20799999999999996,0.48036844058132094,0.43300096848220804,-0.48036844058132094,-0.43300096848220804
0.21199999999999997,0.48544792625004912,0.43671007442063103,-0.48544792625004912,-0.43671007442063103
0.21599999999999997,0.49049369001823373,0.44037263760104711,-0.49049369001823373,-0.44037263760104711
0.21999999999999997,0.49550680913716549,0.44398986238572535,-0.49550680913716549,-0.44398986238572535
0.22399999999999998,0.50048831111680059,0.44756290012080696,-0.50048831111680059,-0.44756290012080696
0.22799999999999998,0.50543917684537898,0.45109285240417446,-0.50543917684537898,-0.45109285240417446
0.23199999999999998,0.51036034346260373,0.45458077409770303,-0.51036034346260373,-0.45458077409770303
0.23599999999999999,0.5152527070097298,0.45802767610795586,-0.5152527070097298,-0.45802767610795586
0.23999999999999999,0.52011712487734152,0.46143452795675366,-0.52011712487734152,-0.46143452795675366
0.24399999999999999,0.52495441806935139,0.46480226016073894,-0.52495441806935139,-0.46480226016073894
0.248,0.52976537329978057,0.46813176643703208,-0.52976537329978057,-0.46813176643703208
0.252,0.53455074493714971,0.47142390575029341,-0.53455074493714971,-0.47142390575029341
0.25600000000000001,0.53931125680977599,0.47467950421493882,-0.53931125680977599,-0.47467950421493882
0.26000000000000001,0.54404760388393214,0.47789935686486135,-0.54404760388393214,-0.47789935686486135
0.26400000000000001,0.54876045382561933,0.48108422930179257,-0.54876045382561933,-0.48108422930179257
0.26800000000000002,0.55345044845565461,0.48423485923234122,-0.55345044845565461,-0.48423485923234122
0.27200000000000002,0.55811820510683274,0.48735195790277952,-0.55811820510683274,-0.48735195790277952
0.27600000000000002,0.56276431789108194,0.49043621143979027,-0.56276431789108194,-0.49043621143979027
0.28000000000000003,0.5673893588837926,0.4934882821046121,-0.5673893588837926,-0.4934882821046121
0.28400000000000003,0.57199387923182787,0.4965088094673395,-0.57199387923182787,-0.4965088094673395
0.28800000000000003,0.57657841019113176,0.49949841150751728,-0.57657841019113176,-0.49949841150751728
0.29200000000000004,0.58114346409931672,0.50245768564661619,-0.58114346409931672,-0.50245768564661619
0.29600000000000004,0.58568953528813106,0.50538720971748674,-0.58568953528813106,-0.50538720971748674
0.30000000000000004,0.59021710094028135,0.50828754287543809,-0.59021710094028135,-0.50828754287543809
0.30400000000000005,0.59472662189469105,0.51115922645519252,-0.59472662189469105,-0.51115922645519252
0.30800000000000005,0.59921854340393244,0.51400278477760264,-0.59921854340393244,-0.51400278477760264
0.31200000000000006,0.60369329584725218,0.51681872590969269,-0.60369329584725218,-0.51681872590969269
0.31600000000000006,0.60815129540232415,0.51960754238129081,-0.60815129540232415,-0.51960754238129081
0.31999999999999984,0.61259294467860725,0.52236971186125181,-0.61259294467860725,-0.52236971186125181
0.32399999999999984,0.61701863331495344,0.52510569779602745,-0.61701863331495344,-0.52510569779602745
0.32799999999999985,0.62142873854389236,0.52781595001312087,-0.62142873854389236,-0.52781595001312087
0.33199999999999985,0.62582362572483685,0.53050090529176375,-0.62582362572483685,-0.53050090529176375
0.33599999999999985,0.63020364884826863,0.53316098790297084,-0.63020364884826863,-0.53316098790297084
0.33999999999999986,0.63456915101280753,0.53579661012096325,-0.63456915101280753,-0.53579661012096325
0.34399999999999986,0.63892046487692511,0.53840817270779451,-0.63892046487692511,-0.53840817270779451
0.34799999999999986,0.6432579130869237,0.54099606537288647,-0.6432579130869237,-0.54099606537288647
0.35199999999999987,0.64758180868268655,0.54356066720904284,-0.64758180868268655,-0.54356066720904284
0.35599999999999987,0.65189245548259156,0.54610234710640349,-0.65189245548259156,-0.54610234710640349
0.35999999999999988,0.65619014844887702,0.54862146414568891,-0.65619014844887702,-0.54862146414568891
0.36399999999999988,0.66047517403465938,0.55111836797199354,-0.66047517403465938,-0.55111836797199354
0.36799999999999988,0.66474781051371212,0.55359339915029171,-0.66474781051371212,-0.55359339915029171
0.37199999999999989,0.66900832829404078,0.55604688950374237,-0.66900832829404078,-0.55604688950374237
0.37599999999999989,0.67325699021621366,0.55847916243580187,-0.67325699021621366,-0.55847916243580187
0.37999999999999989,0.6774940518373429,0.56089053323708404,-0.6774940518373429,-0.56089053323708404
0.3839999999999999,0.68171976170154935,0.56328130937784315,-0.68171976170154935,-0.56328130937784315
0.3879999999999999,0.68593436159768661,0.5656517907868992,-0.68593436159768661,-0.5656517907868992
0.3919999999999999,0.69013808680505007,0.5680022701177655,-0.69013808680505007,-0.5680022701177655
0.39599999999999991,0.69433116632774672,0.57033303300269134,-0.69433116632774672,-0.57033303300269134
0.39999999999999991,0.69851382311835652,0.57264435829528848,-0.69851382311835652,-0.57264435829528848
0.40399999999999991,0.70268627429147901,0.57493651830235981,-0.70268627429147901,-0.57493651830235981
0.40799999999999992,0.70684873132771353,0.57720977900551751,-0.70684873132771353,-0.57720977900551751
0.41199999999999992,0.71100140026859504,0.57946440027313395,-0.71100140026859504,-0.57946440027313395
0.41599999999999993,0.71514448190296587,0.58170063606313993,-0.71514448190296587,-0.58170063606313993
0.41999999999999993,0.71927817194524213,0.58391873461714627,-0.71927817194524213,-0.58391873461714627
0.42399999999999993,0.72340266120599639,0.58611893864634479,-0.72340266120599639,-0.58611893864634479
0.42799999999999994,0.72751813575526092,0.58830148550960704,-0.72751813575526092,-0.58830148550960704
0.43199999999999994,0.7316247770789237,0.59046660738418122,-0.7316247770789237,-0.59046660738418122
0.43599999999999994,0.73572276222857225,0.59261453142936027,-0.73572276222857225,-0.59261453142936027
0.43999999999999995,0.73981226396511646,0.59474547994347227,-0.73981226396511646,-0.59474547994347227
0.44399999999999995,0.74389345089650283,0.59685967051452538,-0.74389345089650283,-0.59685967051452538
0.44799999999999995,0.74796648760981399,0.59895731616481818,-0.74796648760981399,-0.59895731616481818
0.45199999999999996,0.75203153479802964,0.60103862548981002,-0.75203153479802964,-0.60103862548981002
0.45599999999999996,0.75608874938171167,0.60310380279152676,-0.75608874938171167,-0.60310380279152676
0.45999999999999996,0.7601382846258572,0.6051530482067663,-0.7601382846258572,-0.6051530482067663
0.46399999999999997,0.76418029025215306,0.60718655783034658,-0.76418029025215306,-0.60718655783034658
0.46799999999999997,0.76821491254684982,0.60920452383363344,-0.76821491254684982,-0.60920452383363344
0.47199999999999998,0.77224229446446313,0.61120713457856379,-0.77224229446446313,-0.61120713457856379
0.47599999999999998,0.77626257572749668,0.61319457472737615,-0.77626257572749668,-0.61319457472737615
0.47999999999999998,0.78027589292237254,0.61516702534824286,-0.78027589292237254,-0.61516702534824286
0.48399999999999999,0.78428237959174152,0.6171246640169914,-0.78428237959174152,-0.6171246640169914
0.48799999999999999,0.78828216632334247,0.61906766491508969,-0.78828216632334247,-0.61906766491508969
0.49199999999999999,0.79227538083556281,0.62099619892406432,-0.79227538083556281,-0.62099619892406432
0.496,0.79626214805985096,0.62291043371650789,-0.79626214805985096,-0.62291043371650789
0.5,0.80024259022012045,0.62481053384382657,-0.80024259022012045,-0.62481053384382657
0.504,0.80421682690927832,0.62669666082086961,-0.80421682690927832,-0.62669666082086961
0.50800000000000001,0.80818497516300458,0.62856897320757588,-0.80818497516300458,-0.62856897320757588
0.51200000000000001,0.8121471495309015,0.63042762668776542,-0.8121471495309015,-0.63042762668776542
0.51600000000000001,0.81610346214512774,0.63227277414519745,-0.81610346214512774,-0.63227277414519745
0.52000000000000002,0.82005402278662276,0.63410456573701057,-0.82005402278662276,-0.63410456573701057
0.52400000000000002,0.82399893894902743,0.63592314896465496,-0.82399893894902743,-0.63592314896465496
0.52800000000000002,0.8279383159003938,0.63772866874242085,-0.8279383159003938,-0.63772866874242085
0.53200000000000003,0.83187225674278154,0.63952126746366145,-0.83187225674278154,-0.63952126746366145
0.53600000000000003,0.8358008624698231,0.6413010850648081,-0.8358008624698231,-0.6413010850648081
0.54000000000000004,0.83972423202234825,0.64306825908726262,-0.83972423202234825,-0.64306825908726262
0.54400000000000004,0.84364246234214046,0.64482292473725678,-0.84364246234214046,-0.64482292473725678
0.54800000000000004,0.84755564842390674,0.64656521494375874,-0.84755564842390674,-0.64656521494375874
0.55200000000000005,0.85146388336552969,0.64829526041450292,-0.85146388336552969,-0.64829526041450292
0.55600000000000005,0.85536725841667227,0.65001318969022026,-0.85536725841667227,-0.65001318969022026
0.56000000000000005,0.85926586302580021,0.65171912919713604,-0.85926586302580021,-0.65171912919713604
0.56400000000000006,0.8631597848856839,0.65341320329780617,-0.8631597848856839,-0.65341320329780617
0.56800000000000006,0.86704910997744145,0.65509553434035361,-0.86704910997744145,-0.65509553434035361
0.57200000000000006,0.87093392261317737,0.6567662427061669,-0.87093392261317737,-0.6567662427061669
0.57600000000000007,0.87481430547727235,0.65842544685612081,-0.87481430547727235,-0.65842544685612081
0.58000000000000007,0.87869033966637733,0.66007326337537231,-0.87869033966637733,-0.66007326337537231
0.58400000000000007,0.88256210472815777,0.66170980701678861,-0.88256210472815777,-0.66170980701678861
0.58800000000000008,0.88642967869883882,0.66333519074305602,-0.88642967869883882,-0.66333519074305602
0.59200000000000008,0.89029313813959521,0.66494952576751898,-0.89029313813959521,-0.66494952576751898
0.59600000000000009,0.89415255817182915,0.66655292159379687,-0.89415255817182915,-0.66655292159379687
0.60000000000000009,0.89800801251137685,0.66814548605422242,-0.89800801251137685,-0.66814548605422242
0.60400000000000009,0.90185957350168466,0.66972732534714485,-0.90185957350168466,-0.66972732534714485
0.6080000000000001,0.90570731214599143,0.67129854407313905,-0.90570731214599143,-0.67129854407313905
0.6120000000000001,0.9095512981385534,0.67285924527015861,-0.9095512981385534,-0.67285924527015861
0.6160000000000001,0.913391599894947,0.67440953044767304,-0.913391599894947,-0.67440953044767304
0.62000000000000011,0.91722828458148165,0.67594949961982187,-0.91722828458148165,-0.67594949961982187
0.62400000000000011,0.92106141814375531,0.67747925133762243,-0.92106141814375531,-0.67747925133762243
0.62800000000000011,0.92489106533438159,0.67899888272026432,-0.92489106533438159,-0.67899888272026432
0.63200000000000012,0.92871728973992118,0.68050848948552034,-0.92871728973992118,-0.68050848948552034
0.63600000000000012,0.93254015380704003,0.68200816597930691,-0.93254015380704003,-0.68200816597930691
0.64000000000000012,0.93635971886792668,0.68349800520442072,-0.93635971886792668,-0.68349800520442072
0.64400000000000013,0.9401760451649902,0.6849780988484826,-0.9401760451649902,-0.6849780988484826
0.64800000000000013,0.94398919187486674,0.68644853731111111,-0.94398919187486674,-0.68644853731111111
0.65200000000000014,0.9477992171317553,0.68790940973035686,-0.9477992171317553,-0.68790940973035686
0.65600000000000014,0.9516061780501075,0.68936080400841826,-0.9516061780501075,-0.68936080400841826
0.66000000000000014,0.95541013074669345,0.69080280683666417,-0.95541013074669345,-0.69080280683666417
0.66400000000000015,0.95921113036206185,0.6922355037199871,-0.95921113036206185,-0.6922355037199871
0.66800000000000015,0.96300923108141889,0.69365897900050677,-0.96300923108141889,-0.69365897900050677
0.67200000000000015,0.96680448615494052,0.69507331588064758,-0.96680448615494052,-0.69507331588064758
0.67600000000000016,0.9705969479175407,0.6964785964456085,-0.9705969479175407,-0.6964785964456085
0.68000000000000016,0.97438666780811045,0.69787490168524668,-0.97438666780811045,-0.69787490168524668
0.68400000000000016,0.97817369638824769,0.69926231151539076,-0.97817369638824769,-0.69926231151539076
0.68800000000000017,0.98195808336049151,0.70064090479860641,-0.98195808336049151,-0.70064090479860641
0.69200000000000017,0.98573987758607939,0.70201075936442625,-0.98573987758607939,-0.70201075936442625
0.69600000000000017,0.98951912710223999,0.70337195202906622,-0.98951912710223999,-0.70337195202906622
0.70000000000000018,0.99329587913904005,0.70472455861463934,-0.99329587913904005,-0.70472455861463934
0.70400000000000018,0.99707018013579451,0.70606865396788809,-0.99707018013579451,-0.70606865396788809
0.70799999999999974,1.0008420757570577,0.70740431197844456,-1.0008420757570577,-0.70740431197844456
0.71199999999999974,1.0046116109082093,0.70873160559663761,-1.0046116109082093,-0.70873160559663761
0.71599999999999975,1.0083788297506402,0.71005060685085764,-1.0083788297506402,-0.71005060685085764
0.71999999999999975,1.0121437757165617,0.71136138686449502,-1.0121437757165617,-0.71136138686449502
0.72399999999999975,1.0159064915234406,0.71266401587246331,-1.0159064915234406,-0.71266401587246331
0.72799999999999976,1.0196670191880766,0.71395856323731977,-1.0196670191880766,-0.71395856323731977
0.73199999999999976,1.0234254000403313,0.71524509746499643,-1.0234254000403313,-0.71524509746499643
0.73599999999999977,1.0271816747365172,0.71652368622015328,-1.0271816747365172,-0.71652368622015328
0.73999999999999977,1.0309358832724624,0.71779439634116193,-1.0309358832724624,-0.71779439634116193
0.74399999999999977,1.0346880649962553,0.71905729385473527,-1.0346880649962553,-0.71905729385473527
0.74799999999999978,1.0384382586206797,0.72031244399021022,-1.0384382586206797,-0.72031244399021022
0.75199999999999978,1.0421865022353543,0.7215599111934935,-1.0421865022353543,-0.7215599111934935
0.75599999999999978,1.045932833318578,0.72279975914068251,-1.045932833318578,-0.72279975914068251
0.75999999999999979,1.0496772887488957,0.72403205075136901,-1.0496772887488957,-0.72403205075136901
0.76399999999999979,1.0534199048163884,0.72525684820163461,-1.0534199048163884,-0.72525684820163461
0.76799999999999979,1.0571607172336985,0.72647421293674863,-1.0571607172336985,-0.72647421293674863
0.7719999999999998,1.0608997611467976,0.72768420568357306,-1.0608997611467976,-0.72768420568357306
0.7759999999999998,1.0646370711455013,0.72888688646268807,-1.0646370711455013,-0.72888688646268807
0.7799999999999998,1.0683726812737424,0.73008231460024142,-1.0683726812737424,-0.73008231460024142
0.78399999999999981,1.0721066250396063,0.73127054873953123,-1.0721066250396063,-0.73127054873953123
0.78799999999999981,1.0758389354251365,0.732451646852331,-1.0758389354251365,-0.732451646852331
0.79199999999999982,1.0795696448959173,0.73362566624995973,-1.0795696448959173,-0.73362566624995973
0.79599999999999982,1.0832987854104368,0.73479266359411077,-1.0832987854104368,-0.73479266359411077
0.79999999999999982,1.0870263884292415,0.73595269490743809,-1.0870263884292415,-0.73595269490743809
0.80399999999999983,1.0907524849238834,0.73710581558391386,-1.0907524849238834,-0.73710581558391386
0.80799999999999983,1.0944771053856679,0.73825208039895884,-1.0944771053856679,-0.73825208039895884
0.81199999999999983,1.0982002798342072,0.73939154351935299,-1.0982002798342072,-0.73939154351935299
0.81599999999999984,1.1019220378257846,0.74052425851293358,-1.1019220378257846,-0.74052425851293358
0.81999999999999984,1.1056424084615348,0.74165027835808406,-1.1056424084615348,-0.74165027835808406
0.82399999999999984,1.1093614203954454,0.74276965545302176,-1.1093614203954454,-0.74276965545302176
0.82799999999999985,1.1130791018421839,0.74388244162488681,-1.1130791018421839,-0.74388244162488681
0.83199999999999985,1.1167954805847549,0.74498868813864116,-1.1167954805847549,-0.74498868813864116
0.83599999999999985,1.1205105839819922,0.74608844570577948,-1.1205105839819922,-0.74608844570577948
0.83999999999999986,1.1242244389758922,0.74718176449285745,-1.1242244389758922,-0.74718176449285745
0.84399999999999986,1.1279370720987865,0.74826869412984509,-1.1279370720987865,-0.74826869412984509
0.84799999999999986,1.1316485094803668,0.74934928371830456,-1.1316485094803668,-0.74934928371830456
0.85199999999999987,1.1353587768545579,0.75042358183940217,-1.1353587768545579,-0.75042358183940217
0.85599999999999987,1.139067899566248,0.75149163656175444,-1.139067899566248,-0.75149163656175444
0.85999999999999988,1.1427759025778774,0.75255349544911576,-1.1427759025778774,-0.75255349544911576
0.86399999999999988,1.1464828104758902,0.75360920556790967,-1.1464828104758902,-0.75360920556790967
0.86799999999999988,1.1501886474770517,0.75465881349460806,-1.1501886474770517,-0.75465881349460806
0.87199999999999989,1.1538934374346366,0.75570236532296353,-1.1538934374346366,-0.75570236532296353
0.87599999999999989,1.1575972038444888,0.75673990667109581,-1.1575972038444888,-0.75673990667109581
0.87999999999999989,1.1612999698509576,0.75777148268843919,-1.1612999698509576,-0.75777148268843919
0.8839999999999999,1.165001758252715,0.75879713806255089,-1.165001758252715,-0.75879713806255089
0.8879999999999999,1.1687025915084521,0.75981691702578713,-1.1687025915084521,-0.75981691702578713
0.8919999999999999,1.1724024917424625,0.76083086336184824,-1.1724024917424625,-0.76083086336184824
0.89599999999999991,1.1761014807501151,0.7618390204121952,-1.1761014807501151,-0.7618390204121952
0.89999999999999991,1.1797995800032133,0.76284143108234426,-1.1797995800032133,-0.76284143108234426
0.90399999999999991,1.1834968106552535,0.76383813784803722,-1.1834968106552535,-0.76383813784803722
0.90799999999999992,1.1871931935465738,0.76482918276129663,-1.1871931935465738,-0.76482918276129663
0.91199999999999992,1.1908887492094058,0.76581460745636276,-1.1908887492094058,-0.76581460745636276
0.91599999999999993,1.1945834978728243,0.76679445315551942,-1.1945834978728243,-0.76679445315551942
0.91999999999999993,1.1982774594676027,0.76776876067480893,-1.1982774594676027,-0.76776876067480893
0.92399999999999993,1.201970653630972,0.76873757042964019,-1.201970653630972,-0.76873757042964019
0.92799999999999994,1.2056630997112894,0.76970092244029098,-1.2056630997112894,-0.76970092244029098
0.93199999999999994,1.2093548167726162,0.77065885633730868,-1.2093548167726162,-0.77065885633730868
0.93599999999999994,1.2130458235992081,0.77161141136681044,-1.2130458235992081,-0.77161141136681044
0.93999999999999995,1.2167361386999189,0.77255862639568573,-1.2167361386999189,-0.77255862639568573
0.94399999999999995,1.2204257803125231,0.77350053991670276,-1.2204257803125231,-0.77350053991670276
0.94799999999999995,1.2241147664079528,0.77443719005352329,-1.2241147664079528,-0.77443719005352329
0.95199999999999996,1.2278031146944588,0.77536861456562356,-1.2278031146944588,-0.77536861456562356
0.95599999999999996,1.2314908426216908,0.77629485085312921,-1.2314908426216908,-0.77629485085312921
0.95999999999999996,1.2351779673847025,0.77721593596156091,-1.2351779673847025,-0.77721593596156091
0.96399999999999997,1.238864505927882,0.77813190658649578,-1.238864505927882,-0.77813190658649578
0.96799999999999997,1.2425504749488097,0.77904279907814566,-1.2425504749488097,-0.77904279907814566
0.97199999999999998,1.2462358909020441,0.77994864944585396,-1.2462358909020441,-0.77994864944585396
0.97599999999999998,1.2499207700028403,0.78084949336251297,-1.2499207700028403,-0.78084949336251297
0.97999999999999998,1.2536051282307972,0.78174536616890367,-1.2536051282307972,-0.78174536616890367
0.98399999999999999,1.2572889813334409,0.78263630287795949,-1.2572889813334409,-0.78263630287795949
0.98799999999999999,1.2609723448297421,0.78352233817895578,-1.2609723448297421,-0.78352233817895578
0.99199999999999999,1.2646552340135704,0.78440350644162626,-1.2646552340135704,-0.78440350644162626
0.996,1.2683376639570856,0.78527984172020915,-1.2683376639570856,-0.78527984172020915
1,1.272019649514069,0.78615137775742328,-1.272019649514069,-0.78615137775742328
1.004,1.2757012053231953,0.78701814798837588,-1.2757012053231953,-0.78701814798837588
1.008,1.2793823458112457,0.78788018554440475,-1.2793823458112457,-0.78788018554440475
1.012,1.2830630851962646,0.78873752325685431,-1.2830630851962646,-0.78873752325685431
1.016,1.2867434374906608,0.78959019366078886,-1.2867434374906608,-0.78959019366078886
1.02,1.2904234165042536,0.79043822899864258,-1.2904234165042536,-0.79043822899864258
1.024,1.2941030358472665,0.79128166122380938,-1.2941030358472665,-0.79128166122380938
1.028,1.2977823089332674,0.79212052200417249,-1.2977823089332674,-0.79212052200417249
1.032,1.3014612489820594,0.79295484272557559,-1.3014612489820594,-0.79295484272557559
1.036,1.3051398690225207,0.79378465449523672,-1.3051398690225207,-0.79378465449523672
1.04,1.308818181895395,0.79460998814510675,-1.308818181895395,-0.79460998814510675
1.044,1.3124962002560352,0.79543087423517245,-1.3124962002560352,-0.79543087423517245
1.048,1.3161739365771006,0.79624734305670464,-1.3161739365771006,-0.79624734305670464
1.052,1.3198514031512054,0.79705942463545676,-1.3198514031512054,-0.79705942463545676
1.056,1.3235286120935255,0.79786714873480891,-1.3235286120935255,-0.79786714873480891
1.0600000000000001,1.3272055753443597,0.79867054485886269,-1.3272055753443597,-0.79867054485886269
1.0640000000000001,1.3308823046716476,0.79946964225548689,-1.3308823046716476,-0.79946964225548689
1.0680000000000001,1.3345588116734461,0.8002644699193141,-1.3345588116734461,-0.8002644699193141
1.0720000000000001,1.3382351077803638,0.80105505659468978,-1.3382351077803638,-0.80105505659468978
1.0760000000000001,1.3419112042579546,0.80184143077857584,-1.3419112042579546,-0.80184143077857584
1.0800000000000001,1.345587112209073,0.80262362072340743,-1.345587112209073,-0.80262362072340743
1.0840000000000001,1.349262842576189,0.80340165443990552,-1.349262842576189,-0.80340165443990552
1.0880000000000001,1.3529384061436651,0.80417555969984644,-1.3529384061436651,-0.80417555969984644
1.0920000000000001,1.3566138135399974,0.8049453640387868,-1.3566138135399974,-0.8049453640387868
1.0960000000000001,1.3602890752400172,0.80571109475874869,-1.3602890752400172,-0.80571109475874869
1.1000000000000001,1.3639642015670597,0.80647277893086133,-1.3639642015670597,-0.80647277893086133
1.1040000000000001,1.3676392026950948,0.80723044339796457,-1.3676392026950948,-0.80723044339796457
1.1080000000000001,1.3713140886508268,0.80798411477717014,-1.3713140886508268,-0.80798411477717014
1.1120000000000001,1.3749888693157559,0.80873381946238698,-1.3749888693157559,-0.80873381946238698
1.1160000000000001,1.3786635544282106,0.80947958362680583,-1.3786635544282106,-0.80947958362680583
1.1200000000000001,1.3823381535853443,0.8102214332253489,-1.3823381535853443,-0.8102214332253489
1.1240000000000001,1.3860126762451028,0.81095939399708039,-1.3860126762451028,-0.81095939399708039
1.1280000000000001,1.3896871317281583,0.81169349146758329,-1.3896871317281583,-0.81169349146758329
1.1320000000000001,1.3933615292198143,0.81242375095129948,-1.3933615292198143,-0.81242375095129948
1.1360000000000001,1.3970358777718785,0.81315019755383633,-1.3970358777718785,-0.81315019755383633
1.1400000000000001,1.4007101863045091,0.81387285617423821,-1.4007101863045091,-0.81387285617423821
1.1440000000000001,1.4043844636080287,0.81459175150722596,-1.4043844636080287,-0.81459175150722596
1.1480000000000001,1.4080587183447126,0.81530690804540262,-1.4080587183447126,-0.81530690804540262
1.1520000000000001,1.4117329590505479,0.81601835008142798,-1.4117329590505479,-0.81601835008142798
1.1560000000000001,1.415407194136965,0.8167261017101608,-1.415407194136965,-0.8167261017101608
1.1600000000000001,1.4190814318925429,0.81743018683077151,-1.4190814318925429,-0.81743018683077151
1.1640000000000001,1.4227556804846886,0.81813062914882306,-1.4227556804846886,-0.81813062914882306
1.1680000000000001,1.4264299479612885,0.81882745217832331,-1.4264299479612885,-0.81882745217832331
1.1720000000000002,1.4301042422523378,0.81952067924374716,-1.4301042422523378,-0.81952067924374716
1.1760000000000002,1.4337785711715409,0.82021033348203143,-1.4337785711715409,-0.82021033348203143
1.1800000000000002,1.4374529424178917,0.82089643784454014,-1.4374529424178917,-0.82089643784454014
1.1840000000000002,1.4411273635772266,0.82157901509900266,-1.4411273635772266,-0.82157901509900266
1.1880000000000002,1.4448018421237543,0.82225808783142607,-1.4448018421237543,-0.82225808783142607
1.1920000000000002,1.4484763854215648,0.82293367844797849,-1.4484763854215648,-0.82293367844797849
1.1960000000000002,1.4521510007261129,0.82360580917684822,-1.4521510007261129,-0.82360580917684822
1.2000000000000002,1.4558256951856814,0.82427450207007624,-1.4558256951856814,-0.82427450207007624
1.2040000000000002,1.4595004758428205,0.82493977900536419,-1.4595004758428205,-0.82493977900536419
1.2080000000000002,1.4631753496357673,0.82560166168785665,-1.4631753496357673,-0.82560166168785665
1.2120000000000002,1.4668503233998442,0.82626017165189991,-1.4668503233998442,-0.82626017165189991
1.2159999999999997,1.4705254038688336,0.82691533026277675,-1.4705254038688336,-0.82691533026277675
1.2199999999999998,1.4742005976763384,0.82756715871841713,-1.4742005976763384,-0.82756715871841713
1.2239999999999998,1.4778759113571143,0.82821567805108642,-1.4778759113571143,-0.82821567805108642
1.2279999999999998,1.4815513513483887,0.82886090912905119,-1.4815513513483887,-0.82886090912905119
1.2319999999999998,1.4852269239911591,0.82950287265822109,-1.4852269239911591,-0.82950287265822109
1.2359999999999998,1.4889026355314698,0.83014158918377123,-1.4889026355314698,-0.83014158918377123
1.2399999999999998,1.4925784921216727,0.83077707909174192,-1.4925784921216727,-0.83077707909174192
1.2439999999999998,1.4962544998216682,0.83140936261061638,-1.4962544998216682,-0.83140936261061638
1.2479999999999998,1.4999306646001298,0.83203845981287883,-1.4999306646001298,-0.83203845981287883
1.2519999999999998,1.503606992335708,0.83266439061655262,-1.503606992335708,-0.83266439061655262
1.2559999999999998,1.5072834888182205,0.8332871747867161,-1.5072834888182205,-0.8332871747867161
1.2599999999999998,1.5109601597498217,0.83390683193700166,-1.5109601597498217,-0.83390683193700166
1.2639999999999998,1.5146370107461578,0.83452338153107308,-1.5146370107461578,-0.83452338153107308
1.2679999999999998,1.5183140473375047,0.8351368428840843,-1.5183140473375047,-0.8351368428840843
1.2719999999999998,1.5219912749698898,0.83574723516412031,-1.5219912749698898,-0.83574723516412031
1.2759999999999998,1.5256686990061961,0.83635457739361907,-1.5256686990061961,-0.83635457739361907
1.2799999999999998,1.529346324727253,0.83695888845077515,-1.529346324727253,-0.83695888845077515
1.2839999999999998,1.5330241573329111,0.83756018707092472,-1.5330241573329111,-0.83756018707092472
1.2879999999999998,1.5367022019431,0.83815849184791569,-1.5367022019431,-0.83815849184791569
1.2919999999999998,1.5403804635988734,0.83875382123545705,-1.5403804635988734,-0.83875382123545705
1.2959999999999998,1.5440589472634385,0.83934619354845375,-1.5440589472634385,-0.83934619354845375
1.2999999999999998,1.5477376578231701,0.83993562696432467,-1.5477376578231701,-0.83993562696432467
1.3039999999999998,1.5514166000886127,0.84052213952430244,-1.5514166000886127,-0.84052213952430244
1.3079999999999998,1.555095778795466,0.84110574913471903,-1.555095778795466,-0.84110574913471903
1.3119999999999998,1.5587751986055585,0.84168647356827486,-1.5587751986055585,-0.84168647356827486
1.3159999999999998,1.5624548641078069,0.84226433046529137,-1.5624548641078069,-0.84226433046529137
1.3199999999999998,1.5661347798191625,0.84283933733494942,-1.5661347798191625,-0.84283933733494942
1.3239999999999998,1.5698149501855434,0.84341151155651206,-1.5698149501855434,-0.84341151155651206
1.3279999999999998,1.5734953795827558,0.84398087038053204,-1.5734953795827558,-0.84398087038053204
1.3319999999999999,1.5771760723173998,0.84454743093004569,-1.5771760723173998,-0.84454743093004569
1.3359999999999999,1.5808570326277664,0.84511121020175051,-1.5808570326277664,-0.84511121020175051
1.3399999999999999,1.5845382646847186,0.84567222506717099,-1.5845382646847186,-0.84567222506717099
1.3439999999999999,1.5882197725925626,0.84623049227380809,-1.5882197725925626,-0.84623049227380809
1.3479999999999999,1.5919015603899063,0.84678602844627693,-1.5919015603899063,-0.84678602844627693
1.3519999999999999,1.5955836320505068,0.84733885008742904,-1.5955836320505068,-0.84733885008742904
1.3559999999999999,1.5992659914841043,0.84788897357946325,-1.5992659914841043,-0.84788897357946325
1.3599999999999999,1.602948642537249,0.84843641518502144,-1.602948642537249,-0.84843641518502144
1.3639999999999999,1.6066315889941116,0.84898119104827274,-1.6066315889941116,-0.84898119104827274
1.3679999999999999,1.6103148345772855,0.84952331719598528,-1.6103148345772855,-0.84952331719598528
1.3719999999999999,1.6139983829485796,0.85006280953858337,-1.6139983829485796,-0.85006280953858337
1.3759999999999999,1.617682237709797,0.85059968387119456,-1.617682237709797,-0.85059968387119456
1.3799999999999999,1.6213664024035059,0.85113395587468343,-1.6213664024035059,-0.85113395587468343
1.3839999999999999,1.6250508805137993,0.85166564111667364,-1.6250508805137993,-0.85166564111667364
1.3879999999999999,1.6287356754670443,0.85219475505255771,-1.6287356754670443,-0.85219475505255771
1.3919999999999999,1.6324207906326211,0.85272131302649634,-1.6324207906326211,-0.85272131302649634
1.3959999999999999,1.6361062293236539,0.85324533027240479,-1.6361062293236539,-0.85324533027240479
1.3999999999999999,1.6397919947977297,0.85376682191492925,-1.6397919947977297,-0.85376682191492925
1.4039999999999999,1.6434780902576096,0.85428580297041112,-1.6434780902576096,-0.85428580297041112
1.4079999999999999,1.6471645188519288,0.85480228834784144,-1.6471645188519288,-0.85480228834784144
1.4119999999999999,1.6508512836758888,0.85531629284980315,-1.6508512836758888,-0.85531629284980315
1.4159999999999999,1.6545383877719404,0.85582783117340377,-1.6545383877719404,-0.85582783117340377
1.4199999999999999,1.6582258341304568,0.85633691791119748,-1.6582258341304568,-0.85633691791119748
1.4239999999999999,1.6619136256903979,0.85684356755209645,-1.6619136256903979,-0.85684356755209645
1.4279999999999999,1.6656017653399673,0.85734779448227216,-1.6656017653399673,-0.85734779448227216
1.4319999999999999,1.6692902559172595,0.85784961298604667,-1.6692902559172595,-0.85784961298604667
1.4359999999999999,1.6729791002108978,0.85834903724677492,-1.6729791002108978,-0.85834903724677492
1.4399999999999999,1.676668300960666,0.85884608134771545,-1.676668300960666,-0.85884608134771545
1.444,1.6803578608581302,0.859340759272893,-1.6803578608581302,-0.859340759272893
1.448,1.6840477825472542,0.85983308490795107,-1.6840477825472542,-0.85983308490795107
1.452,1.6877380686250034,0.86032307204099578,-1.6877380686250034,-0.86032307204099578
1.456,1.6914287216419457,0.86081073436342948,-1.6914287216419457,-0.86081073436342948
1.46,1.6951197441028412,0.86129608547077563,-1.6951197441028412,-0.86129608547077563
1.464,1.6988111384672249,0.86177913886349577,-1.6988111384672249,-0.86177913886349577
1.468,1.7025029071499826,0.8622599079477965,-1.7025029071499826,-0.8622599079477965
1.472,1.7061950525219196,0.86273840603642771,-1.7061950525219196,-0.86273840603642771
1.476,1.7098875769103203,0.86321464634947331,-1.7098875769103203,-0.86321464634947331
1.48,1.7135804825995025,0.86368864201513273,-1.7135804825995025,-0.86368864201513273
1.484,1.7172737718313642,0.86416040607049371,-1.7172737718313642,-0.86416040607049371
1.488,1.7209674468059226,0.86462995146229815,-1.7209674468059226,-0.86462995146229815
1.492,1.7246615096818467,0.86509729104769872,-1.7246615096818467,-0.86509729104769872
1.496,1.7283559625769835,0.86556243759500784,-1.7283559625769835,-0.86556243759500784
1.5,1.7320508075688772,0.86602540378443871,-1.7320508075688772,-0.86602540378443871
1.504,1.735746046695281,0.86648620220883887,-1.735746046695281,-0.86648620220883887
1.508,1.7394416819546639,0.86694484537441596,-1.7394416819546639,-0.86694484537441596
1.512,1.7431377153067096,0.86740134570145522,-1.7431377153067096,-0.86740134570145522
1.516,1.7468341486728105,0.86785571552503082,-1.7468341486728105,-0.86785571552503082
1.52,1.7505309839365546,0.86830796709570846,-1.7505309839365546,-0.86830796709570846
1.524,1.7542282229442054,0.86875811258024205,-1.7542282229442054,-0.86875811258024205
1.528,1.7579258675051779,0.86920616406226203,-1.7579258675051779,-0.86920616406226203
1.532,1.761623919392507,0.86965213354295712,-1.761623919392507,-0.86965213354295712
1.536,1.7653223803433098,0.87009603294174942,-1.7653223803433098,-0.87009603294174942
1.54,1.7690212520592445,0.87053787409696159,-1.7690212520592445,-0.87053787409696159
1.544,1.7727205362069596,0.87097766876647886,-1.7727205362069596,-0.87097766876647886
1.548,1.7764202344185407,0.8714154286284026,-1.7764202344185407,-0.8714154286284026
1.552,1.7801203482919505,0.87185116528169848,-1.7801203482919505,-0.87185116528169848
1.556,1.7838208793914643,0.8722848902468372,-1.7838208793914643,-0.8722848902468372
1.5600000000000001,1.7875218292480972,0.87271661496642983,-1.7875218292480972,-0.87271661496642983
1.5640000000000001,1.7912231993600303,0.87314635080585568,-1.7912231993600303,-0.87314635080585568
1.5680000000000001,1.7949249911930272,0.87357410905388444,-1.7949249911930272,-0.87357410905388444
1.5720000000000001,1.7986272061808486,0.87399990092329249,-1.7986272061808486,-0.87399990092329249
1.5760000000000001,1.8023298457256611,0.87442373755147174,-1.8023298457256611,-0.87442373755147174
1.5800000000000001,1.8060329111984386,0.87484563000103432,-1.8060329111984386,-0.87484563000103432
1.5840000000000001,1.8097364039393615,0.87526558926040965,-1.8097364039393615,-0.87526558926040965
1.5880000000000001,1.813440325258211,0.87568362624443619,-1.813440325258211,-0.87568362624443619
1.5920000000000001,1.817144676434755,0.87609975179494803,-1.817144676434755,-0.87609975179494803
1.5960000000000001,1.8208494587191337,0.87651397668135467,-1.8208494587191337,-0.87651397668135467
1.6000000000000001,1.8245546733322386,0.87692631160121515,-1.8245546733322386,-0.87692631160121515
