frequency_mhz,intensity
-50.0,3.723358990213242e-08
-49.95,4.4155592207474246e-08
-49.9,5.231989416772749e-08
-49.85,6.194101187388269e-08
-49.8,7.326895309582007e-08
-49.75,8.659481395529031e-08
-49.7,1.022572109069898e-07
-49.65,1.2064966489986418e-07
-49.6,1.4222906970603035e-07
-49.55,1.675253932866855e-07
-49.5,1.97152779891908e-07
-49.45,2.3182224155807732e-07
-49.4,2.723561509802506e-07
-49.35,3.1970477362136107e-07
-49.3,3.74965105614565e-07
-49.25,4.394023157747775e-07
-49.2,5.144741251332068e-07
-49.15,6.018584961316998e-07
-49.1,7.034850462681772e-07
-49.05,8.21570647890859e-07
-49.0,9.586597273334427e-07
-48.95,1.1176698330196724e-06
-48.9,1.3019431039064334e-06
-48.85,1.5153043370604147e-06
-48.8,1.7621264266618287e-06
-48.75,2.0474040266956555e-06
-48.7,2.376836376433421e-06
-48.65,2.756920321926531e-06
-48.6,3.1950546685358627e-06
-48.55,3.6996571094086016e-06
-48.5,4.280295093168124e-06
-48.45,4.947832121288545e-06
-48.4,5.714591102019419e-06
-48.35,6.5945365336430805e-06
-48.3,7.603477445563024e-06
-48.25,8.759293191471271e-06
-48.2,1.0082184364822704e-05
-48.15,1.1594951293144997e-05
-48.1,1.3323302764397201e-05
-48.05,1.529619784558835e-05
-48.0,1.7546223871018116e-05
-47.95,2.0110013904556172e-05
-47.9,2.30287072168832e-05
-47.85,2.6348456564061276e-05
-47.8,3.012098630744036e-05
-47.75,3.440420567581252e-05
-47.7,3.926288173786056e-05
-47.65,4.476937692489027e-05
-47.6,5.100445621911714e-05
-47.55,5.805816939953758e-05
-47.5,6.603081401352632e-05
-47.45,7.503398501551404e-05
-47.4,8.51917172815349e-05
-47.35,9.664172746726974e-05
-47.3,0.00010953676192399185
-47.25,0.00012404605761781343
-47.2,0.0001403569232089584
-47.15,0.00015867644763471663
-47.1,0.00017923334369778597
-47.05,0.00020227993428547942
-47.0,0.00022809428892918272
-46.95,0.0002569825184518805
-46.9,0.0002892812354376958
-46.85,0.0003253601881851708
-46.8,0.00036562507566815865
-46.75,0.00041052055081734485
-46.7,0.00046053341914471574
-46.65,0.0005161960393541306
-46.6,0.0005780899321065103
-46.55,0.0006468496025297807
-46.5,0.0007231665813730801
-46.45,0.0008077936888953263
-46.4,0.0009015495246403497
-46.35,0.001005323185178653
-46.3,0.0011200792106812313
-46.25,0.0012468627598266051
-46.2,0.0013868050110239314
-46.15,0.0015411287862542686
-46.1,0.0017111543919871629
-46.05,0.0018983056696150443
-46.0,0.002104116245660443
-45.95,0.002330235969652445
-45.9,0.0025784375250343643
-45.85,0.002850623195760931
-45.8,0.0031488317683709107
-45.75,0.003475245546284381
-45.7,0.003832197449885479
-45.65,0.004222178172612683
-45.6,0.004647843359810165
-45.55,0.005112020773504291
-45.5,0.005617717402575581
-45.45,0.006168126474024964
-45.4,0.006766634317195252
-45.35,0.0074168270289411056
-45.3,0.008122496883864603
-45.25,0.008887648429878587
-45.2,0.009716504205570273
-45.15,0.010613510012133594
-45.1,0.011583339669076117
-45.05,0.012630899179518013
-45.0,0.013761330227725594
-44.95,0.014980012928627282
-44.9,0.016292567746463333
-44.85,0.01770485649750222
-44.8,0.01922298234994931
-44.75,0.020853288732826783
-44.7,0.022602357064793726
-44.65,0.024477003213617385
-44.6,0.026484272597388604
-44.55,0.028631433839626966
-44.5,0.03092597089218522
-44.45,0.03337557354241998
-44.4,0.035988126224437846
-44.35,0.03877169505844221
-44.3,0.04173451304730363
-44.25,0.04488496336547534
-44.2,0.04823156068234955
-44.15,0.05178293047003997
-44.1,0.055547786254469156
-44.05,0.059534904778492916
-44.0,0.06375309905658798
-43.95,0.06821118931242302
-43.9,0.07291797180328918
-43.85,0.07788218554895972
-43.8,0.083112476996967
-43.75,0.0886173626714631
-43.7,0.09440518986878757
-43.65,0.10048409547938558
-43.6,0.10686196303285042
-43.55,0.11354637808042241
-43.5,0.12054458204713356
-43.45,0.1278634247039404
-43.4,0.13550931542832312
-43.35,0.14348817343998424
-43.3,0.1518053772161996
-43.25,0.16046571330888515
-43.2,0.1694733248025235
-43.15,0.17883165966835224
-43.1,0.18854341928571067
-43.05,0.19861050741584604
-43.0,0.20903397992662406
-42.95,0.21981399557845402
-42.9,0.23094976819188906
-42.85,0.2424395205259062
-42.8,0.2542804402024764
-42.75,0.2664686380175345
-42.7,0.27899910898091684
-42.65,0.29186569642780463
-42.6,0.305061059541884
-42.55,0.31857664462553814
-42.5,0.3324026604447966
-42.45,0.3465280579666797
-42.4,0.3609405147935641
-42.35,0.375626424583614
-42.3,0.39057089172796233
-42.25,0.40575773153416467
-42.2,0.42116947614185657
-42.15,0.4367873863701352
-42.1,0.4525914696675093
-42.05,0.4685605043041945
-42.0,0.48467206991319933
-41.95,0.5009025844515397
-41.9,0.5172273476157865
-41.85,0.533620590707666
-41.8,0.5500555329055887
-41.75,0.5665044438570223
-41.7,0.5829387124651548
-41.65,0.599328921701155
-41.6,0.6156449292312854
-41.55,0.631855953606267
-41.5,0.6479306657188872
-41.45,0.6638372851956036
-41.4,0.6795436813486521
-41.35,0.6950174782777548
-41.3,0.7102261636749841
-41.25,0.72513720085301
-41.2,0.7397181434864469
-41.15,0.7539367525281614
-41.1,0.767761114737966
-41.05,0.7811597622400591
-41.0,0.7941017925081474
-40.95,0.8065569881638682
-40.9,0.8184959359646734
-40.85,0.8298901443523218
-40.8,0.8407121589323829
-40.75,0.8509356752587968
-40.7,0.8605356483058041
-40.65,0.8694883980221096
-40.6,0.8777717103792793
-40.55,0.8853649333477868
-40.5,0.8922490672597416
-40.45,0.8984068490471159
-40.4,0.9038228298778254
-40.35,0.9084834457492822
-40.3,0.9123770806396457
-40.25,0.9154941218606237
-40.2,0.9178270073021259
-40.15,0.9193702643078058
-40.1,0.9201205399713249
-40.05,0.9200766226955137
-40.0,0.9192394549101497
-39.95,0.9176121368983343
-39.9,0.9151999217360327
-39.85,0.912010201403769
-39.8,0.9080524841833105
-39.75,0.903338363505011
-39.7,0.8978814784628275
-39.65,0.8916974662635475
-39.6,0.8848039069239695
-39.55,0.8772202605743527
-39.5,0.8689677977680489
-39.45,0.860069523235425
-39.4,0.8505500935548372
-39.35,0.8404357292441286
-39.3,0.829754121802705
-39.25,0.8185343362566271
-39.2,0.8068067097769286
-39.15,0.7946027469547764
-39.1,0.7819550123257344
-39.05,0.7688970207394502
-39.0,0.7554631261706094
-38.95,0.7416884095617913
-38.9,0.7276085662794314
-38.85,0.7132597937501839
-38.8,0.6986786798270107
-38.75,0.6839020924125433
-38.7,0.6689670708416381
-38.65,0.6539107194962915
-38.6,0.6387701040940844
-38.55,0.623582151056682
-38.5,0.6083835503279852
-38.45,0.5932106619724252
-38.4,0.5780994268434163
-38.35,0.5630852815701199
-38.3,0.5482030780680822
-38.25,0.5334870077364025
-38.2,0.5189705304610078
-38.15,0.5046863085011725
-38.1,0.49066614529458785
-38.05,0.47694092917572756
-38.0,0.4635405819632772
-37.95,0.45049401233514186
-37.9,0.4378290738746975
-37.85,0.42557252763942144
-37.8,0.41375000907334053
-37.75,0.40238599905809197
-37.7,0.39150379887378667
-37.65,0.38112550882083474
-37.6,0.37127201023720113
-37.55,0.3619629506325531
-37.5,0.35321673165147693
-37.45,0.3450504995722268
-37.4,0.337480138045618
-37.35,0.3305202627803474
-37.3,0.32418421788633595
-37.25,0.31848407359649117
-37.2,0.3134306250993245
-37.15,0.30903339223015264
-37.1,0.3053006197867538
-37.05,0.3022392782562512
-37.0,0.29985506476335
-36.95,0.29815240407553895
-36.9,0.2971344495282749
-36.85,0.2968030837620876
-36.8,0.2971589191937032
-36.75,0.2982012981743229
-36.7,0.2999282928197526
-36.65,0.30233670452881567
-36.6,0.3054220632380291
-36.55,0.30917862649154243
-36.5,0.3135993784354387
-36.45,0.3186760288744083
-36.4,0.3243990125560995
-36.35,0.3307574888739064
-36.3,0.3377393422022178
-36.25,0.34533118309891564
-36.2,0.3535183506280408
-36.15,0.3622849160706256
-36.1,0.3716136883036951
-36.05,0.3814862211361028
-36.0,0.391882822894987
-35.95,0.4027825685583099
-35.9,0.4141633147267996
-35.85,0.4260017177228994
-35.8,0.4382732550948665
-35.75,0.4509522507909586
-35.7,0.4640119042519895
-35.65,0.47742432365018656
-35.6,0.4911605634787161
-35.55,0.5051906666694386
-35.5,0.5194837113865743
-35.45,0.5340078626115219
-35.4,0.5487304285989189
-35.35,0.5636179222468808
-35.3,0.5786361273852635
-35.25,0.5937501699450922
-35.2,0.6089245939306338
-35.15,0.6241234420728972
-35.1,0.6393103410004412
-35.05,0.6544485907204072
-35.0,0.6695012581600399
-34.95,0.6844312744773327
-34.9,0.6992015358087692
-34.85,0.713775007083287
-34.8,0.7281148284946563
-34.75,0.7421844241898516
-34.7,0.7559476126992758
-34.65,0.769368718605838
-34.6,0.782412684924569
-34.55,0.7950451856427344
-34.5,0.8072327378525233
-34.45,0.818942812894796
-34.4,0.830143945922898
-34.35,0.8408058432906568
-34.3,0.85089948716831
-34.25,0.8603972367942755
-34.2,0.8692729257796289
-34.15,0.8775019548955538
-34.1,0.8850613797921011
-34.05,0.8919299931190647
-34.0,0.8980884005465012
-33.95,0.9035190902133452
-33.9,0.908206495167267
-33.849999999999994,0.9121370483973157
-33.8,0.9152992301025619
-33.75,0.9176836068846264
-33.7,0.9192828625992977
-33.65,0.920091820652011
-33.599999999999994,0.9201074575733877
-33.55,0.919328907763899
-33.5,0.9177574593505907
-33.45,0.9153965411532559
-33.4,0.9122517008120031
-33.349999999999994,0.9083305741824378
-33.3,0.9036428461581482
-33.25,0.8982002031325239
-33.2,0.8920162773626192
-33.15,0.8851065835464824
-33.099999999999994,0.8774884479716786
-33.05,0.869180930636288
-33.0,0.8602047407841603
-32.95,0.8505821463333038
-32.9,0.8403368777097504
-32.849999999999994,0.829494026628825
-32.8,0.8180799403912379
-32.75,0.8061221122827112
-32.7,0.7936490686827647
-32.65,0.7806902535007544
-32.599999999999994,0.7672759105652979
-32.55,0.7534369645967349
-32.5,0.7392049013913959
-32.45,0.724611647841217
-32.4,0.709689452402718
-32.349999999999994,0.6944707666158231
-32.3,0.6789881282554734
-32.25,0.663274046677829
-32.2,0.6473608908982142
-32.15,0.6312807809100986
-32.099999999999994,0.6150654827237058
-32.05,0.5987463075694712
-32.0,0.5823540156759769
-31.95,0.5659187249944455
-31.9,0.5494698252026801
-31.849999999999998,0.5330358972809303
-31.8,0.516644638910852
-31.75,0.5003227959068056
-31.7,0.48409609984665225
-31.65,0.46798921202715604
-31.599999999999998,0.4520256738275662
-31.55,0.43622786352408266
-31.5,0.4206169595581056
-31.45,0.4052129102226779
-31.4,0.3900344096945436
-31.349999999999998,0.37509888030411226
-31.3,0.3604224609024338
-31.25,0.34602000115328224
-31.2,0.3319050615498138
-31.15,0.31808991892902644
-31.099999999999998,0.3045855772336549
-31.05,0.2914017832501431
-31.0,0.2785470470330511
-30.95,0.26602866671073433
-30.9,0.2538527573542856
-30.849999999999998,0.24202428358166572
-30.799999999999997,0.23054709556150635
-30.75,0.21942396807625997
-30.7,0.2086566423020768
-30.65,0.19824586996294574
-30.599999999999998,0.18819145951905764
-30.549999999999997,0.1784923240540134
-30.5,0.16914653053214965
-30.45,0.16015135010581996
-30.4,0.15150330916276614
-30.349999999999998,0.1431982408155352
-30.299999999999997,0.13523133654815642
-30.25,0.1275971977497259
-30.2,0.12028988688002847
-30.15,0.1133029780286936
-30.099999999999998,0.10662960664639795
-30.049999999999997,0.10026251824421623
-30.0,0.09419411587513363
-29.95,0.0884165062298654
-29.9,0.0829215441973212
-29.849999999999998,0.07770087575813697
-29.799999999999997,0.07274597909758625
-29.75,0.06804820384172364
-29.7,0.06359880833769345
-29.65,0.059388994915686416
-29.599999999999998,0.05540994308590798
-29.549999999999997,0.05165284063910988
-29.5,0.04810891263361626
-29.45,0.044769448265320796
-29.4,0.04162582562979033
-29.349999999999998,0.03866953439733103
-29.299999999999997,0.03589219643266223
-29.25,0.033285584400654954
-29.2,0.030841638408436404
-29.15,0.028552480742043737
-29.099999999999998,0.026410428762722152
-29.049999999999997,0.024408006033949093
-29.0,0.022537951755324404
-28.95,0.020793228583645122
-28.9,0.019167028924811157
-28.849999999999998,0.01765277978271957
-28.799999999999997,0.016244146253056615
-28.75,0.014935033750919797
-28.7,0.013719589061555406
-28.65,0.012592200303230022
-28.599999999999998,0.01154749589041135
-28.549999999999997,0.010580342584079782
-28.5,0.009685842714165676
-28.45,0.00885933065687148
-28.4,0.00809636864703747
-28.349999999999998,0.007392742002795234
-28.299999999999997,0.006744453836576902
-28.25,0.006147719323150402
-28.2,0.005598959591780113
-28.15,0.00509479530590995
-28.099999999999998,0.004632039989967358
-28.049999999999997,0.004207693159034992
-28.0,0.0038189333032586713
-27.95,0.0034631107749920793
-27.9,0.003137740622845708
-27.849999999999998,0.002840495413034854
-27.799999999999997,0.002569198074733839
-27.75,0.002321814802557533
-27.7,0.002096448045825681
-27.65,0.00189132961093453
-27.599999999999998,0.0017048138999744534
-27.549999999999997,0.0015353713057031455
-27.5,0.001381581780117001
-27.45,0.001242128591164861
-27.4,0.0011157922796215618
-27.349999999999998,0.0010014448257846362
-27.299999999999997,0.0008980440334773945
-27.25,0.0008046281368327248
-27.2,0.0007203106334924042
-27.15,0.0006442753461828177
-27.099999999999998,0.000575771713114242
-27.049999999999997,0.0005141103062927195
-27.0,0.0004586585756239072
-26.95,0.0004088368156208134
-26.9,0.0003641143505946317
-26.849999999999998,0.0003240059334023004
-26.799999999999997,0.00028806835213833585
-26.75,0.0002558972385837711
-26.7,0.00022712407175385724
-26.65,0.00020141336951052884
-26.599999999999998,0.00017846006091763516
-26.549999999999997,0.0001579870318090251
-26.5,0.0001397428359041223
-26.45,0.00012349956373550213
-26.4,0.00010905086164126557
-26.349999999999998,9.621009311498405e-05
-26.299999999999997,8.480863489153006e-05
-26.25,7.469430027218129e-05
-26.2,6.572988235147827e-05
-26.15,5.7791809996305403e-05
-26.099999999999998,5.076890963965948e-05
-26.049999999999997,4.456126618327026e-05
-26.0,3.907917655047713e-05
-25.95,3.424218968994473e-05
-25.9,2.997822709854495e-05
-25.849999999999998,2.6222778205031974e-05
-25.799999999999997,2.291816523235475e-05
-25.75,2.0012872433175918e-05
-25.7,1.746093486835058e-05
-25.65,1.5221382169937517e-05
-25.599999999999998,1.3257732997221895e-05
-25.549999999999997,1.1537536154915778e-05
-25.5,1.0031954596054423e-05
-25.45,8.715388777240333e-06
-25.4,7.5651360700769245e-06
-25.349999999999998,6.561083159328788e-06
-25.299999999999997,5.685428575147814e-06
-25.25,4.922432713335601e-06
-25.2,4.258192893922587e-06
-25.15,3.6804411942846633e-06
-25.099999999999998,3.178362968622799e-06
-25.049999999999997,2.742434131026391e-06
-25.0,2.3642754347009515e-06
-24.95,2.036522125512031e-06
-24.9,1.752707484062354e-06
-24.849999999999998,1.507158897398825e-06
-24.799999999999997,1.294905219496339e-06
-24.75,1.1115942892555623e-06
-24.7,9.534195762743612e-07
-24.65,8.170550185062528e-07
-24.599999999999998,6.995972025079276e-07
-24.549999999999997,5.985141167091623e-07
-24.5,5.115997814132226e-07
-24.45,4.369341264524703e-07
-24.4,3.7284754896993616e-07
-24.349999999999998,3.178896400508871e-07
-24.299999999999997,2.7080162025415516e-07
-24.25,2.3049207084212303e-07
-24.2,1.960155900170341e-07
-24.15,1.665540420605229e-07
-24.099999999999998,1.4140010224683256e-07
-24.049999999999997,1.1994283204649205e-07
-24.0,1.0165504772720574e-07
-23.95,8.608227124757379e-08
-23.9,7.283307556577229e-08
-23.849999999999998,6.157065737221054e-08
-23.799999999999997,5.200548901041572e-08
-23.75,4.388891816635118e-08
-23.7,3.700759896184196e-08
-23.65,3.117865154758524e-08
-23.599999999999998,2.624545930731204e-08
-23.549999999999997,2.2074023496887775e-08
-23.5,1.854980467857862e-08
-23.45,1.5574988788767187e-08
-23.4,1.3066123204229742e-08
-23.349999999999998,1.0952074845359622e-08
-23.299999999999997,9.17226826332903e-09
-23.25,7.675166882767347e-09
-23.2,6.416965185209487e-09
-23.15,5.360463687448892e-09
-23.099999999999998,4.474102152680479e-09
-23.049999999999997,3.731129624742029e-09
-23.0,3.108892645211898e-09
-22.95,2.5882254430538266e-09
-22.9,2.1529280158502998e-09
-22.849999999999998,1.7893198852831226e-09
-22.799999999999997,1.4858589385483641e-09
-22.75,1.2328161895985418e-09
-22.7,1.0219985342305996e-09
-22.65,8.465126530759285e-10
-22.599999999999998,7.005641560247785e-10
-22.549999999999997,5.792868778440332e-10
-22.5,4.785979430426341e-10
-22.45,3.9507483194513255e-10
-22.4,3.258512113985354e-10
-22.349999999999998,2.6852875309057447e-10
-22.299999999999997,2.2110255936348963e-10
-22.25,1.8189815880673325e-10
-22.2,1.4951832894738276e-10
-22.15,1.2279825728699148e-10
-22.099999999999998,1.0076777023354533e-10
-22.049999999999997,8.261954693217452e-11
-22.0,6.768239578295642e-11
-21.95,5.5398809186728406e-11
-21.9,4.530612994637806e-11
-21.849999999999998,3.702076352296717e-11
-21.799999999999997,3.022495639160685e-11
-21.75,2.4655734131137067e-11
-21.7,2.009565540650967e-11
-21.65,1.636509121262586e-11
-21.599999999999998,1.3315783980981762e-11
-21.549999999999997,1.0825479559571122e-11
-21.5,8.793457655630168e-12
-21.45,7.1368139347666604e-12
-21.4,5.787370333072322e-12
-21.349999999999998,4.6891098910845936e-12
-21.299999999999997,3.796049099935972e-12
-21.25,3.0704748229197715e-12
-21.2,2.4814847151778098e-12
-21.15,2.0037800477015294e-12
-21.099999999999998,1.6166682371083597e-12
-21.049999999999997,1.3032394348559851e-12
-21.0,1.0496874472577146e-12
-20.95,8.44750218114281e-13
-20.9,6.792492594358487e-13
-20.849999999999998,5.457108901490287e-13
-20.799999999999997,4.380550458906737e-13
-20.75,3.5133984635037277e-13
-20.7,2.815521273344902e-13
-20.65,2.254358279306983e-13
-20.599999999999998,1.8035152376620772e-13
-20.549999999999997,1.441615616110741e-13
-20.5,1.1513621736333502e-13
-20.45,9.187710143079543e-14
-20.4,7.325470010414268e-14
-20.349999999999998,5.835749167135723e-14
-20.299999999999997,4.645053098831068e-14
-20.25,3.6941772080112303e-14
-20.2,2.93547085393653e-14
-20.15,2.330616722326004e-14
-20.099999999999998,1.848830137700674e-14
-20.049999999999997,1.4654002607635427e-14
-20.0,1.1605093571030818e-14
-19.95,9.18278019251858e-15
-19.9,7.259938178958412e-15
-19.849999999999998,5.734887196580116e-15
-19.799999999999997,4.526370446351702e-15
-19.75,3.569510000729901e-15
-19.7,2.812551265440721e-15
-19.65,2.2142450251555895e-15
-19.599999999999998,1.7417441470814139e-15
-19.549999999999997,1.3689153248297262e-15
-19.5,1.0749852117636678e-15
-19.45,8.434557117011157e-16
-19.4,6.612357167226511e-16
-19.349999999999998,5.179467410878602e-16
-19.299999999999997,4.05368134556832e-16
-19.25,3.169942259224242e-16
-19.2,2.4768114112101356e-16
-19.15,1.9336539906325951e-16
-19.099999999999998,1.5083990743704017e-16
-19.049999999999997,1.175758192149517e-16
-19.0,9.158099793471529e-17
-18.95,7.128768133861525e-17
-18.9,5.5463414248650307e-17
-18.849999999999998,4.314051210800827e-17
-18.799999999999997,3.356027280916676e-17
-18.75,2.6128921951147568e-17
-18.7,2.0382892546750407e-17
-18.65,1.5961534423168586e-17
-18.599999999999998,1.2585745420365787e-17
-18.549999999999997,1.0041335688906872e-17
-18.5,8.166193924138461e-18
-18.45,6.84053329113094e-18
-18.4,5.9796657914282e-18
-18.349999999999998,5.528895753401937e-18
-18.299999999999997,5.460243430231677e-18
-18.25,5.770814743625313e-18
-18.2,6.4827286544758666e-18
-18.15,7.644604647967968e-18
-18.099999999999998,9.334704361830916e-18
-18.049999999999997,1.1665918483399239e-17
-18.0,1.479289801944465e-17
-17.949999999999996,1.8921753803355538e-17
-17.9,2.4322896422186647e-17
-17.85,3.134776861112769e-17
-17.799999999999997,4.0450443177382617e-17
-17.75,5.221533336823048e-17
-17.699999999999996,6.739260363508183e-17
-17.65,8.694329466286288e-17
-17.6,1.1209670922476596e-16
-17.549999999999997,1.4442327201087677e-16
-17.5,1.8592691069262997e-16
-17.449999999999996,2.3916204881122404e-16
-17.4,3.0738160527706524e-16
-17.35,3.94724024318397e-16
-17.299999999999997,5.06449392790256e-16
-17.25,6.49237236735141e-16
-17.199999999999996,8.315617468776827e-16
-17.15,1.0641641125272847e-15
-17.1,1.3606465290612973e-15
-17.049999999999997,1.7382185122228638e-15
-17.0,2.2186336814650007e-15
-16.949999999999996,2.8293645068047787e-15
-16.9,3.605074069283516e-15
-16.85,4.589458179356736e-15
-16.799999999999997,5.837548861365019e-15
-16.75,7.41859201772406e-15
-16.699999999999996,9.41963897718857e-15
-16.65,1.1950024759416018e-14
-16.6,1.5146946657915234e-14
-16.549999999999997,1.9182406866518376e-14
-16.5,2.4271844433103266e-14
-16.449999999999996,3.0684857349376787e-14
-16.4,3.8758508149992385e-14
-16.35,4.8913819725025685e-14
-16.299999999999997,6.16762066614575e-14
-16.25,7.770075678517232e-14
-16.199999999999996,9.780348427849968e-14
-16.15,1.2299992777222033e-13
-16.1,1.545527737707558e-13
-16.049999999999997,1.9403055924741307e-13
-16.0,2.4337996118084533e-13
-15.949999999999996,3.0501473194545077e-13
-15.899999999999999,3.8192500792732126e-13
-15.850000000000001,4.778115286300379e-13
-15.799999999999997,5.972502837442581e-13
-15.75,7.45894290740657e-13
-15.699999999999996,9.30720636802449e-13
-15.649999999999999,1.1603326456322296e-12
-15.600000000000001,1.4453291106165242e-12
-15.549999999999997,1.7987550409854677e-12
-15.5,2.2366513802028386e-12
-15.449999999999996,2.7787247747442885e-12
-15.399999999999999,3.449162813999541e-12
-15.350000000000001,4.277625367337763e-12
-15.299999999999997,5.3004488770065466e-12
-15.25,6.562107920134408e-12
-15.199999999999996,8.116987259509891e-12
-15.149999999999999,1.0031528232090658e-11
-15.100000000000001,1.23868259957278e-11
-15.049999999999997,1.528176924406768e-11
-15.0,1.883683194859098e-11
-14.949999999999996,2.3198648013459563e-11
-14.899999999999999,2.8545525040701092e-11
-14.850000000000001,3.509408341148331e-11
-14.799999999999997,4.310724242526743e-11
-14.75,5.290381727356251e-11
-14.699999999999996,6.487004029132782e-11
-14.649999999999999,7.947337854575654e-11
-14.600000000000001,9.727908892390379e-11
-14.549999999999997,1.1897003324973636e-10
-14.5,1.4537037166626102e-10
-14.449999999999996,1.7747386495578783e-10
-14.399999999999999,2.1647764841408067e-10
-14.350000000000001,2.638224945472706e-10
-14.299999999999997,3.2124076292144987e-10
-14.25,3.9081344722673677e-10
-14.199999999999996,4.750379769251878e-10
-14.149999999999999,5.769087193723666e-10
-14.100000000000001,7.000124645070657e-10
-14.049999999999997,8.48641565506149e-10
-14.0,1.0279278636895524e-09
-13.949999999999996,1.2440010541319284e-09
-13.899999999999999,1.504175760957533e-09
-13.850000000000001,1.8171723007779925e-09
-13.799999999999997,2.1933769335207565e-09
-13.75,2.6451483482951146e-09
-13.699999999999996,3.1871782264396814e-09
-13.649999999999999,3.836914985430598e-09
-13.600000000000001,4.615061259592629e-09
-13.549999999999997,5.546157343275668e-09
-13.5,6.659264739487508e-09
-13.449999999999996,7.988766155832975e-09
-13.399999999999999,9.575300808106686e-09
-13.350000000000001,1.1466856772803117e-08
-13.299999999999997,1.3720045420991898e-08
-13.25,1.6401586721020005e-08
-13.199999999999996,1.9590038476060784e-08
-13.149999999999999,2.3377807431168825e-08
-13.100000000000001,2.7873485717252147e-08
-13.049999999999997,3.3204562378298584e-08
-13.0,3.952056684433564e-08
-12.949999999999996,4.699670926652503e-08
-12.899999999999999,5.583809173344211e-08
-12.850000000000001,6.628457466134675e-08
-12.799999999999997,7.861639423024196e-08
-12.75,9.316063976926538e-08
-12.699999999999996,1.1029871464053174e-07
-12.649999999999999,1.3047492060588291e-07
-12.600000000000001,1.5420632407804097e-07
-12.549999999999997,1.8209408326427608e-07
-12.5,2.1483643823303913e-07
-12.449999999999996,2.53243591615992e-07
-12.399999999999999,2.982547362623077e-07
-12.350000000000001,3.509575179727264e-07
-12.299999999999997,4.126102567598341e-07
-12.25,4.846672892334527e-07
-12.199999999999996,5.688078380407444e-07
-12.149999999999999,6.669688621656174e-07
-12.100000000000001,7.813823947003942e-07
-12.049999999999997,9.146179328507362e-07
-12.0,1.0696305088532e-06
-11.949999999999996,1.2498151406198123e-06
-11.899999999999999,1.4590684377404733e-06
-11.850000000000001,1.7018582224551392e-06
-11.799999999999997,1.9833021168442362e-06
-11.75,2.309256147285993e-06
-11.699999999999996,2.686414525703396e-06
-11.649999999999999,3.1224218847828293e-06
-11.599999999999994,3.625999371710317e-06
-11.549999999999997,4.207086142531644e-06
-11.5,4.876997947502239e-06
-11.449999999999996,5.648604657202514e-06
-11.399999999999999,6.536528750202054e-06
-11.349999999999994,7.55736696605026e-06
-11.299999999999997,8.729937522688032e-06
-11.25,1.007555550531306e-05
-11.199999999999996,1.1618339254465426e-05
-11.149999999999999,1.3385550814769353e-05
-11.099999999999994,1.540797375236285e-05
-11.049999999999997,1.772033190844501e-05
-11.0,2.036175292834272e-05
-10.949999999999996,2.337628068958421e-05
-10.899999999999999,2.6813441048110992e-05
-10.849999999999994,3.072886562814354e-05
-10.799999999999997,3.518497869729863e-05
-10.75,4.0251752493139e-05
-10.699999999999996,4.600753669878144e-05
-10.649999999999999,5.2539968101772636e-05
-10.599999999999994,5.994696680995757e-05
-10.549999999999997,6.833782573800692e-05
-10.5,7.783440041590356e-05
-10.449999999999996,8.857240650259135e-05
-10.399999999999999,0.00010070283271071779
-10.349999999999994,0.00011439347715775915
-10.299999999999997,0.00012983061545025816
-10.25,0.00014722080907665272
-10.199999999999996,0.00016679286292446542
-10.149999999999999,0.0001887999409438303
-10.099999999999994,0.00021352184914489932
-10.049999999999997,0.00024126749523455183
-10.0,0.0002723775342610949
-9.949999999999996,0.00030722720963580137
-9.899999999999999,0.000346229398829537
-9.849999999999994,0.000389837872892332
-9.799999999999997,0.00043855077870429046
-9.75,0.0004929143525290123
-9.699999999999996,0.0005535268729949682
-9.649999999999999,0.0006210428610671117
-9.599999999999994,0.0006961775338799169
-9.549999999999997,0.0007797115184733882
-9.5,0.0008724958304968636
-9.449999999999996,0.000975457121809576
-9.399999999999999,0.001089603199604363
-9.349999999999994,0.0012160288182013217
-9.299999999999997,0.0013559217429924507
-9.25,0.0015105690841605679
-9.199999999999996,0.0016813638957359175
-9.149999999999999,0.0018698120332887988
-9.099999999999994,0.002077539261080077
-9.049999999999997,0.0023062985967992524
-9.0,0.0025579778791137535
-8.949999999999996,0.0028346075401282714
-8.899999999999999,0.0031383685615167783
-8.849999999999994,0.0034716005895434904
-8.799999999999997,0.0038368101804391354
-8.75,0.0042366791436596034
-8.699999999999996,0.00467407294643021
-8.649999999999999,0.005152049138694137
-8.599999999999994,0.005673865753151861
-8.549999999999997,0.006242989630520029
-8.5,0.006863104615487818
-8.449999999999996,0.007538119564121697
-8.399999999999999,0.008272176098712126
-8.349999999999994,0.00906965604129681
-8.299999999999997,0.0099351884523721
-8.25,0.010873656196674474
-8.199999999999996,0.01189020195340487
-8.149999999999999,0.012990233583949405
-8.099999999999994,0.014179428766066192
-8.049999999999997,0.015463738799708849
-8.0,0.016849391486225974
-7.949999999999996,0.018342892979641475
-7.899999999999999,0.019951028506177883
-7.849999999999994,0.021680861846182797
-7.799999999999997,0.023539733471215466
-7.75,0.025535257228344592
-7.699999999999996,0.027675315463719225
-7.649999999999999,0.029968052478312645
-7.599999999999994,0.03242186621044068
-7.549999999999997,0.03504539804227481
-7.5,0.037847520631205396
-7.449999999999996,0.040837323671548895
-7.399999999999999,0.044024097497848996
-7.349999999999994,0.047417314447893544
-7.299999999999997,0.05102660791158688
-7.25,0.054861749001063116
-7.199999999999996,0.05893262078782295
-7.149999999999999,0.06324919006433068
-7.099999999999994,0.0678214766003511
-7.049999999999997,0.0726595198783197
-7.0,0.07777334330727358
-6.949999999999996,0.08317291593115893
-6.899999999999999,0.08886811166474601
-6.849999999999994,0.0948686661087843
-6.799999999999997,0.10118413101531835
-6.75,0.10782382649427481
-6.699999999999996,0.11479679107324282
-6.649999999999999,0.12211172974385007
-6.599999999999994,0.12977696015003734
-6.549999999999997,0.1378003570957026
-6.5,0.14618929557157703
-6.449999999999996,0.15495059252343016
-6.399999999999999,0.16409044760580738
-6.349999999999994,0.17361438318714048
-6.299999999999997,0.1835271838930339
-6.25,0.19383283599476062
-6.199999999999996,0.2045344669690263
-6.149999999999999,0.215634285572918
-6.099999999999994,0.227133522794266
-6.049999999999997,0.23903237405217131
-6.0,0.2513299430351737
-5.949999999999996,0.26402418757492846
-5.899999999999999,0.27711186796143517
-5.849999999999994,0.29058849811143384
-5.799999999999997,0.304448300004356
-5.75,0.31868416180026365
-5.699999999999996,0.3332876000510023
-5.649999999999999,0.34824872640960386
-5.599999999999994,0.3635562192334413
-5.549999999999997,0.3791973004636914
-5.5,0.3951577181475143
-5.449999999999996,0.41142173494955786
-5.399999999999999,0.4279721229763841
-5.349999999999994,0.4447901652109778
-5.299999999999997,0.4618556638246724
-5.25,0.4791469556010481
-5.199999999999996,0.49664093467026593
-5.149999999999999,0.5143130827135626
-5.099999999999994,0.5321375067561608
-5.049999999999997,0.5500869846228502
-5.0,0.5681330180846011
-4.949999999999996,0.5862458936765403
-4.899999999999999,0.6043947511182973
-4.849999999999994,0.6225476592171718
-4.799999999999997,0.6406716990831225
-4.75,0.6587330544329829
-4.699999999999996,0.6766971087094533
-4.649999999999999,0.6945285486892437
-4.599999999999994,0.7121914742043687
-4.549999999999997,0.7296495135514501
-4.5,0.7468659441167471
-4.449999999999996,0.7638038176994061
-4.399999999999999,0.7804260899730714
-4.349999999999994,0.7966957534865825
-4.299999999999997,0.8125759735684558
-4.25,0.8280302264678289
-4.199999999999996,0.8430224390364588
-4.149999999999999,0.8575171292329696
-4.099999999999994,0.8714795467118331
-4.049999999999997,0.884875812745826
-4.0,0.8976730587223661
-3.9499999999999957,0.9098395624509635
-3.8999999999999986,0.9213448815215508
-3.8499999999999943,0.9321599829614807
-3.799999999999997,0.9422573684525501
-3.75,0.9516111943886864
-3.6999999999999957,0.9601973860795159
-3.6499999999999986,0.9679937454350979
-3.5999999999999943,0.974980051502269
-3.549999999999997,0.9811381532630935
-3.5,0.9864520541507011
-3.4499999999999957,0.9909079877867654
-3.3999999999999986,0.9944944844978917
-3.3499999999999943,0.997202428224666
-3.299999999999997,0.9990251034966725
-3.25,0.9999582322090016
-3.1999999999999957,1.0
-3.1499999999999986,0.9991510720958869
-3.0999999999999943,0.9974145985547036
-3.049999999999997,0.9947962089094055
-3.0,0.9913039962771338
-2.9499999999999957,0.9869484910682932
-2.8999999999999986,0.9817426244944251
-2.8499999999999943,0.9757016821374502
-2.799999999999997,0.9688432479042084
-2.75,0.9611871387486673
-2.6999999999999957,0.9527553305994585
-2.6499999999999986,0.943571875981832
-2.5999999999999943,0.9336628138704535
-2.549999999999997,0.9230560723522988
-2.5,0.9117813647167599
-2.4499999999999957,0.8998700796229149
-2.3999999999999986,0.8873551660212583
-2.3499999999999943,0.8742710135289725
-2.299999999999997,0.8606533289739801
-2.25,0.846539009833208
-2.1999999999999957,0.8319660152950761
-2.1499999999999986,0.8169732356748449
-2.0999999999999943,0.8016003609044285
-2.049999999999997,0.7858877488057674
-2.0,0.7698762938387496
-1.9499999999999957,0.7536072969916591
-1.8999999999999986,0.7371223374540412
-1.8499999999999943,0.7204631466793128
-1.7999999999999972,0.7036714854077725
-1.75,0.6867890241799943
-1.6999999999999957,0.6698572278267944
-1.6499999999999986,0.6529172443750548
-1.5999999999999943,0.6360097987594139
-1.5499999999999972,0.6191750916787008
-1.5,0.6024527038832007
-1.4499999999999957,0.5858815061253774
-1.3999999999999986,0.5694995749525822
-1.3499999999999943,0.553344114466366
-1.2999999999999972,0.5374513841197608
-1.25,0.5218566325715324
-1.1999999999999957,0.5065940375658485
-1.1499999999999986,0.49169665175704785
-1.0999999999999943,0.4771963543529662
-1.0499999999999972,0.4631238084069356
-1.0,0.44950842354826104
-0.9499999999999957,0.436378323904415
-0.8999999999999986,0.42376032093526383
-0.8499999999999943,0.4116798908708712
-0.7999999999999972,0.4001611564199945
-0.75,0.3892268723962513
-0.6999999999999957,0.37889841489357046
-0.6499999999999986,0.3691957736316649
-0.5999999999999943,0.3601375470861449
-0.5499999999999972,0.3517409400164799
-0.5,0.34402176300809617
-0.44999999999999574,0.3369944336526432
-0.3999999999999986,0.3306719790024389
-0.3499999999999943,0.32506603895133684
-0.29999999999999716,0.3201868702144557
-0.25,0.31604335060303945
-0.19999999999999574,0.31264298331804563
-0.14999999999999858,0.3099919010163819
-0.09999999999999432,0.3080948694368144
-0.04999999999999716,0.30695529040801894
0.0,0.30657520409862077
0.05000000000000426,0.30695529040801905
0.10000000000000142,0.3080948694368145
0.15000000000000568,0.3099919010163822
0.20000000000000284,0.3126429833180461
0.25,0.31604335060303945
0.30000000000000426,0.3201868702144564
0.3500000000000014,0.3250660389513377
0.4000000000000057,0.3306719790024397
0.45000000000000284,0.33699443365264425
0.5,0.34402176300809617
0.5500000000000043,0.3517409400164811
0.6000000000000014,0.3601375470861462
0.6500000000000057,0.3691957736316663
0.7000000000000028,0.37889841489357184
0.75,0.3892268723962513
0.8000000000000043,0.4001611564199961
0.8500000000000014,0.41167989087087287
0.9000000000000057,0.42376032093526556
0.9500000000000028,0.43637832390441683
1.0,0.44950842354826104
1.0500000000000043,0.4631238084069375
1.1000000000000014,0.47719635435296825
1.1500000000000057,0.4916966517570501
1.2000000000000028,0.5065940375658505
1.25,0.5218566325715324
1.3000000000000043,0.5374513841197631
1.3500000000000014,0.5533441144663684
1.4000000000000057,0.5694995749525844
1.4500000000000028,0.5858815061253797
1.5,0.6024527038832007
1.5500000000000043,0.6191750916787031
1.6000000000000014,0.6360097987594161
1.6500000000000057,0.652917244375057
1.7000000000000028,0.6698572278267967
1.75,0.6867890241799943
1.8000000000000043,0.7036714854077749
1.8500000000000014,0.7204631466793151
1.9000000000000057,0.7371223374540437
1.9500000000000028,0.7536072969916614
2.0,0.7698762938387496
2.0500000000000043,0.7858877488057696
2.1000000000000014,0.8016003609044308
2.1500000000000057,0.8169732356748469
2.200000000000003,0.8319660152950783
2.25,0.846539009833208
2.3000000000000043,0.8606533289739822
2.3500000000000014,0.8742710135289745
2.4000000000000057,0.8873551660212602
2.450000000000003,0.8998700796229167
2.5,0.9117813647167599
2.5500000000000043,0.9230560723523004
2.6000000000000014,0.9336628138704547
2.6500000000000057,0.9435718759818332
2.700000000000003,0.9527553305994597
2.75,0.9611871387486673
2.8000000000000043,0.9688432479042094
2.8500000000000014,0.9757016821374513
2.9000000000000057,0.9817426244944257
2.950000000000003,0.9869484910682939
3.0,0.9913039962771338
3.0500000000000043,0.9947962089094059
3.1000000000000014,0.997414598554704
3.1500000000000057,0.9991510720958872
3.200000000000003,1.0
3.25,0.9999582322090016
3.3000000000000043,0.9990251034966723
3.3500000000000014,0.9972024282246653
3.4000000000000057,0.994494484497891
3.450000000000003,0.9909079877867649
3.5,0.9864520541507011
3.5500000000000043,0.9811381532630927
3.6000000000000014,0.9749800515022681
3.6500000000000057,0.9679937454350969
3.700000000000003,0.9601973860795148
3.75,0.9516111943886864
3.8000000000000043,0.9422573684525485
3.8500000000000014,0.9321599829614791
3.9000000000000057,0.921344881521549
3.950000000000003,0.9098395624509616
4.0,0.8976730587223661
4.050000000000004,0.884875812745824
4.100000000000001,0.871479546711831
4.150000000000006,0.8575171292329676
4.200000000000003,0.8430224390364568
4.25,0.8280302264678289
4.300000000000004,0.8125759735684537
4.350000000000001,0.7966957534865804
4.400000000000006,0.780426089973069
4.450000000000003,0.7638038176994038
4.5,0.7468659441167471
4.550000000000004,0.7296495135514477
4.600000000000001,0.7121914742043663
4.650000000000006,0.6945285486892413
4.700000000000003,0.6766971087094507
4.75,0.6587330544329829
4.800000000000004,0.6406716990831199
4.850000000000001,0.6225476592171693
4.900000000000006,0.6043947511182947
4.950000000000003,0.5862458936765378
5.0,0.5681330180846011
5.050000000000004,0.5500869846228476
5.100000000000001,0.5321375067561583
5.150000000000006,0.5143130827135599
5.200000000000003,0.4966409346702633
5.25,0.4791469556010481
5.300000000000004,0.4618556638246699
5.350000000000001,0.4447901652109753
5.400000000000006,0.4279721229763817
5.450000000000003,0.4114217349495555
5.5,0.3951577181475143
5.550000000000004,0.3791973004636891
5.600000000000001,0.3635562192334391
5.650000000000006,0.34824872640960175
5.700000000000003,0.33328760005100017
5.75,0.31868416180026365
5.800000000000004,0.3044483000043541
5.850000000000001,0.2905884981114318
5.900000000000006,0.2771118679614333
5.950000000000003,0.26402418757492657
6.0,0.2513299430351737
6.050000000000004,0.23903237405216965
6.100000000000001,0.22713352279426444
6.150000000000006,0.21563428557291642
6.200000000000003,0.20453446696902472
6.25,0.19383283599476062
6.300000000000004,0.1835271838930325
6.350000000000001,0.17361438318713923
6.400000000000006,0.16409044760580604
6.450000000000003,0.15495059252342877
6.5,0.14618929557157703
6.550000000000004,0.13780035709570151
6.600000000000001,0.1297769601500361
6.650000000000006,0.12211172974384905
6.700000000000003,0.11479679107324178
6.75,0.10782382649427481
6.800000000000004,0.1011841310153175
6.850000000000001,0.09486866610878338
6.900000000000006,0.0888681116647452
6.950000000000003,0.08317291593115819
7.0,0.07777334330727358
7.050000000000004,0.07265951987831898
7.100000000000001,0.06782147660035046
7.150000000000006,0.06324919006433007
7.200000000000003,0.058932620787822326
7.25,0.054861749001063116
7.300000000000004,0.051026607911586384
7.350000000000001,0.047417314447892996
7.400000000000006,0.044024097497848566
7.450000000000003,0.04083732367154842
7.5,0.037847520631205396
7.550000000000004,0.03504539804227444
7.600000000000001,0.03242186621044029
7.650000000000006,0.029968052478312284
7.700000000000003,0.027675315463718923
7.75,0.025535257228344592
7.800000000000004,0.023539733471215206
7.850000000000001,0.02168086184618252
7.900000000000006,0.01995102850617762
7.950000000000003,0.018342892979641257
8.0,0.016849391486225974
8.050000000000004,0.015463738799708648
8.100000000000001,0.014179428766066022
8.150000000000006,0.012990233583949249
8.200000000000003,0.011890201953404728
8.25,0.010873656196674474
8.300000000000004,0.009935188452371964
8.350000000000001,0.0090696560412967
8.400000000000006,0.008272176098712017
8.450000000000003,0.0075381195641215865
8.5,0.006863104615487818
8.550000000000004,0.006242989630519948
8.600000000000001,0.005673865753151788
8.650000000000006,0.005152049138694069
8.700000000000003,0.004674072946430141
8.75,0.0042366791436596034
8.800000000000004,0.0038368101804390825
8.850000000000001,0.003471600589543436
8.900000000000006,0.0031383685615167314
8.950000000000003,0.002834607540128232
9.0,0.0025579778791137535
9.050000000000004,0.0023062985967992203
9.100000000000001,0.0020775392610800445
9.150000000000006,0.0018698120332887682
9.200000000000003,0.001681363895735894
9.25,0.0015105690841605679
9.300000000000004,0.0013559217429924284
9.350000000000001,0.001216028818201304
9.400000000000006,0.001089603199604345
9.450000000000003,0.0009754571218095613
9.5,0.0008724958304968636
9.550000000000004,0.0007797115184733752
9.600000000000001,0.000696177533879906
9.650000000000006,0.0006210428610671021
9.700000000000003,0.0005535268729949585
9.75,0.0004929143525290123
9.800000000000004,0.0004385507787042829
9.850000000000001,0.00038983787289232513
9.900000000000006,0.00034622939882953096
9.950000000000003,0.00030722720963579714
10.0,0.0002723775342610949
10.050000000000004,0.00024126749523454755
10.100000000000001,0.00021352184914489523
10.150000000000006,0.0001887999409438267
10.200000000000003,0.0001667928629244622
10.25,0.00014722080907665272
10.300000000000004,0.00012983061545025564
10.350000000000001,0.00011439347715775734
10.400000000000006,0.00010070283271071622
10.450000000000003,8.857240650258964e-05
10.5,7.783440041590356e-05
10.550000000000004,6.83378257380056e-05
10.600000000000001,5.99469668099564e-05
10.650000000000006,5.253996810177163e-05
10.700000000000003,4.6007536698780546e-05
10.75,4.0251752493139e-05
10.800000000000004,3.518497869729801e-05
10.850000000000001,3.072886562814295e-05
10.900000000000006,2.681344104811057e-05
10.950000000000003,2.337628068958372e-05
11.0,2.036175292834272e-05
11.050000000000004,1.7720331908444637e-05
11.100000000000001,1.5407973752362523e-05
11.150000000000006,1.3385550814769048e-05
11.200000000000003,1.1618339254465225e-05
11.25,1.007555550531306e-05
11.300000000000004,8.72993752268788e-06
11.350000000000001,7.557366966050101e-06
11.400000000000006,6.536528750201917e-06
11.450000000000003,5.648604657202386e-06
11.5,4.876997947502239e-06
11.550000000000004,4.2070861425315494e-06
11.600000000000001,3.6259993717102473e-06
11.650000000000006,3.122421884782769e-06
11.700000000000003,2.6864145257033345e-06
11.75,2.309256147285993e-06
11.800000000000004,1.9833021168441913e-06
11.850000000000001,1.7018582224551392e-06
11.900000000000006,1.4590684377404373e-06
11.950000000000003,1.2498151406197837e-06
12.0,1.0696305088532e-06
12.050000000000004,9.146179328507186e-07
12.100000000000001,7.813823947003942e-07
12.150000000000006,6.669688621656057e-07
12.200000000000003,5.688078380407303e-07
12.25,4.846672892334527e-07
12.300000000000004,4.126102567598247e-07
12.350000000000001,3.509575179727264e-07
12.400000000000006,2.9825473626230026e-07
12.450000000000003,2.532435916159871e-07
12.5,2.1483643823303913e-07
12.550000000000004,1.8209408326427221e-07
12.600000000000001,1.5420632407804097e-07
12.650000000000006,1.3047492060587969e-07
12.700000000000003,1.1029871464052902e-07
12.75,9.316063976926538e-08
12.800000000000004,7.861639423024e-08
12.850000000000001,6.628457466134675e-08
12.900000000000006,5.583809173344092e-08
12.950000000000003,4.6996709266524036e-08
13.0,3.952056684433564e-08
13.050000000000004,3.3204562378297644e-08
13.100000000000001,2.7873485717252147e-08
13.150000000000006,2.337780743116825e-08
13.200000000000003,1.95900384760603e-08
13.25,1.6401586721020005e-08
13.300000000000004,1.3720045420991605e-08
13.350000000000001,1.1466856772803117e-08
13.400000000000006,9.575300808106482e-09
13.450000000000003,7.988766155832747e-09
13.5,6.659264739487508e-09
13.550000000000004,5.5461573432755305e-09
13.600000000000001,4.615061259592629e-09
13.650000000000006,3.83691498543049e-09
13.700000000000003,3.1871782264396136e-09
13.75,2.6451483482951146e-09
13.800000000000004,2.193376933520702e-09
13.850000000000001,1.8171723007779925e-09
13.900000000000006,1.5041757609574903e-09
13.950000000000003,1.2440010541318935e-09
14.0,1.0279278636895524e-09
14.049999999999997,8.48641565506149e-10
14.100000000000009,7.000124645070433e-10
14.150000000000006,5.769087193723504e-10
14.200000000000003,4.750379769251778e-10
14.25,3.9081344722673677e-10
14.299999999999997,3.2124076292144987e-10
14.350000000000009,2.638224945472631e-10
14.400000000000006,2.1647764841407454e-10
14.450000000000003,1.774738649557828e-10
14.5,1.4537037166626102e-10
14.549999999999997,1.1897003324973636e-10
14.600000000000009,9.727908892390105e-11
14.650000000000006,7.947337854575456e-11
14.700000000000003,6.487004029132574e-11
14.75,5.290381727356251e-11
14.799999999999997,4.310724242526743e-11
14.850000000000009,3.509408341148232e-11
14.900000000000006,2.8545525040700184e-11
14.950000000000003,2.319864801345899e-11
15.0,1.883683194859098e-11
15.049999999999997,1.528176924406768e-11
15.100000000000009,1.2386825995727493e-11
15.150000000000006,1.0031528232090334e-11
15.200000000000003,8.11698725950963e-12
15.25,6.562107920134405e-12
15.299999999999997,5.300448877006543e-12
15.350000000000009,4.277625367337622e-12
15.400000000000006,3.4491628139994234e-12
15.450000000000003,2.7787247747442106e-12
15.5,2.2366513802028265e-12
15.549999999999997,1.7987550409854512e-12
15.600000000000009,1.4453291106164558e-12
15.650000000000006,1.1603326456321575e-12
15.700000000000003,9.307206368023774e-13
15.75,7.458942907406003e-13
15.799999999999997,5.972502837441812e-13
15.850000000000009,4.778115286299169e-13
15.900000000000006,3.8192500792716934e-13
15.950000000000003,3.05014731945249e-13
16.0,2.4337996118058714e-13
16.049999999999997,1.9403055924706433e-13
16.10000000000001,1.5455277377027964e-13
16.150000000000006,1.2299992777158132e-13
16.200000000000003,9.78034842776411e-14
16.25,7.770075678402113e-14
16.299999999999997,6.167620665990903e-14
16.35000000000001,4.891381972294339e-14
16.400000000000006,3.875850814719645e-14
16.450000000000003,3.068485734562622e-14
16.5,2.4271844428076796e-14
16.549999999999997,1.9182406859785656e-14
16.60000000000001,1.5146946648904234e-14
16.650000000000006,1.1950024747366745e-14
16.700000000000003,9.419638961090018e-15
16.75,7.418591996233615e-15
16.799999999999997,5.837548832700424e-15
16.85000000000001,4.589458141155072e-15
16.900000000000006,3.6050740184147454e-15
16.950000000000003,2.8293644391256036e-15
17.0,2.2186335914959217e-15
17.049999999999997,1.7382183927232371e-15
17.10000000000001,1.3606463704717666e-15
17.150000000000006,1.0641639022381828e-15
17.200000000000003,8.315614682697092e-16
17.25,6.492368679233671e-16
17.299999999999997,5.064489049804486e-16
17.35000000000001,3.9472337965838567e-16
17.400000000000006,3.07380754050162e-16
17.450000000000003,2.391609257734574e-16
17.5,1.859254302970905e-16
17.549999999999997,1.4442132218627734e-16
17.60000000000001,1.1209414327782006e-16
17.650000000000006,8.693992074792231e-17
17.700000000000003,6.738817107228318e-17
17.75,5.220951488273138e-17
17.799999999999997,4.0442811864019706e-17
17.85000000000001,3.133776808451403e-17
17.900000000000006,2.430980217050693e-17
17.950000000000003,1.8904623198033004e-17
18.0,1.4770505708037754e-17
18.049999999999997,1.1636672965887889e-17
18.10000000000001,9.296540365523606e-18
18.150000000000006,7.594844403304066e-18
18.200000000000003,6.417903244054093e-18
18.25,5.686434237209821e-18
18.299999999999997,5.350501386823189e-18
18.35000000000001,5.386289687826033e-18
18.400000000000006,5.79451014021787e-18
18.450000000000003,6.6003349845106816e-18
18.5,7.854852517102694e-18
18.549999999999997,9.63811967104476e-18
18.60000000000001,1.2063983240905327e-17
18.650000000000006,1.5286942218477218e-17
18.700000000000003,1.9511439643672772e-17
18.75,2.5004108814799462e-17
18.799999999999997,3.2109662797935186e-17
18.85000000000001,4.127131642742923e-17
18.900000000000006,5.305687665498942e-17
18.950000000000003,6.819194268016816e-17
19.0,8.760203710130353e-17
19.049999999999997,1.1246596221697344e-16
19.10000000000001,1.4428326483083904e-16
19.150000000000006,1.8495942715942445e-16
19.200000000000003,2.369133161326509e-16
19.25,3.03212562224954e-16
19.299999999999997,3.87743955886332e-16
19.35000000000001,4.954277111290089e-16
19.400000000000006,6.324866337387361e-16
19.450000000000003,8.067839466692449e-16
19.5,1.0282468912991179e-15
19.549999999999997,1.3093973925062018e-15
19.60000000000001,1.6660162345823529e-15
19.650000000000006,2.1179735726366162e-15
19.700000000000003,2.690266480421749e-15
19.75,3.4143139530694855e-15
19.799999999999997,4.329571760667037e-15
19.85000000000001,5.485544296910625e-15
19.900000000000006,6.9442887092611774e-15
19.950000000000003,8.783528891976311e-15
20.0,1.1100524294396476e-14
20.049999999999997,1.4016872066216995e-14
20.10000000000001,1.7684462191710575e-14
20.150000000000006,2.2292855608575867e-14
20.200000000000003,2.8078416866498636e-14
20.25,3.533560807867275e-14
20.299999999999997,4.443094268598427e-14
20.35000000000001,5.5820209425898716e-14
20.400000000000006,7.006971314392247e-14
20.450000000000003,8.788244484746017e-14
20.5,1.1013029486972794e-13
20.549999999999997,1.3789366762831636e-13
20.60000000000001,1.7251015316792976e-13
20.650000000000006,2.1563427019476732e-13
20.700000000000003,2.6931073049399656e-13
20.75,3.360642008569757e-13
20.799999999999997,4.1900917433028115e-13
20.85000000000001,5.219843297078447e-13
20.900000000000006,6.497166829386971e-13
20.950000000000003,8.080219477615316e-13
21.0,1.0040488625943564e-12
21.049999999999997,1.2465768507318268e-12
21.10000000000001,1.5463783137559043e-12
21.150000000000006,1.916659176062401e-12
21.200000000000003,2.373594075387501e-12
21.25,2.936975917575438e-12
21.299999999999997,3.6310034868952807e-12
21.35000000000001,4.4852355479941515e-12
21.400000000000006,5.535745535982378e-12
21.450000000000003,6.826517676733424e-12
21.5,8.411133409733203e-12
21.549999999999997,1.0354806535241944e-11
21.60000000000001,1.2736836851374447e-11
21.650000000000006,1.565356550772947e-11
21.700000000000003,1.9221931258400825e-11
21.75,2.3583745690652848e-11
21.799999999999997,2.8910827852841335e-11
21.85000000000001,3.541116510892661e-11
21.900000000000006,4.33362982095804e-11
21.950000000000003,5.2990165309045496e-11
22.0,6.473968292282789e-11
22.049999999999997,7.902739271773214e-11
22.10000000000001,9.638656283209092e-11
22.150000000000006,1.174592026223434e-10
22.200000000000003,1.4301753203662847e-10
22.25,1.7398954320644049e-10
22.299999999999997,2.114894046085553e-10
22.35000000000001,2.5685358991273334e-10
22.400000000000006,3.1168376742469486e-10
22.450000000000003,3.7789766533882636e-10
22.5,4.5778933682338913e-10
22.549999999999997,5.541004918508143e-10
22.60000000000001,6.701048448932924e-10
22.650000000000006,8.097077551161227e-10
22.700000000000003,9.775638153510187e-10
22.75,1.1792154857029532e-09
22.799999999999997,1.421256376002783e-09
22.85000000000001,1.711523368531749e-09
22.900000000000006,2.0593224499438235e-09
22.950000000000003,2.47569390205153e-09
23.0,2.9737233997679024e-09
23.049999999999997,3.5689065975793316e-09
23.10000000000001,4.2795759721293195e-09
23.150000000000006,5.1274000488643e-09
23.200000000000003,6.1379666988961385e-09
23.25,7.3414639748209415e-09
23.299999999999997,8.773473991010374e-09
23.35000000000001,1.0475897678170478e-08
23.400000000000006,1.2498030891002674e-08
23.450000000000003,1.4897815363168772e-08
23.5,1.7743291431683895e-08
23.549999999999997,2.1114283344849176e-08
23.60000000000001,2.5104352380908054e-08
23.650000000000006,2.982305800203869e-08
23.700000000000003,3.539857292002313e-08
23.75,4.198070433303156e-08
23.799999999999997,4.9744380792571555e-08
23.85000000000001,5.889367226907301e-08
23.900000000000006,6.966642010639262e-08
23.950000000000003,8.233956380202855e-08
24.0,9.723526304341418e-08
24.049999999999997,1.1472792630534021e-07
24.10000000000001,1.352522717143663e-07
24.150000000000006,1.5931256197093887e-07
24.200000000000003,1.8749317305977436e-07
24.25,2.2047067645768288e-07
24.299999999999997,2.5902763676484403e-07
24.35000000000001,3.0406835135303253e-07
24.400000000000006,3.5663678597125206e-07
24.450000000000003,4.179369905197579e-07
24.5,4.89356312656126e-07
24.549999999999997,5.724917638087639e-07
24.60000000000001,6.691799328336922e-07
24.650000000000006,7.815308872668656e-07
24.700000000000003,9.119665512189624e-07
24.75,1.0632641027661903e-06
24.799999999999997,1.2386049925617156e-06
24.85000000000001,1.4416302496858733e-06
24.900000000000006,1.676502810842281e-06
24.950000000000003,1.9479776852723982e-06
25.0,2.2614808505835185e-06
25.049999999999997,2.6231978644600266e-06
25.10000000000001,3.0401732743349477e-06
25.150000000000006,3.5204220119245357e-06
25.200000000000003,4.0730540724477495e-06
25.25,4.708413899712314e-06
25.299999999999997,5.4382360284022565e-06
25.35000000000001,6.2758186741407785e-06
25.400000000000006,7.236217110508514e-06
25.450000000000003,8.336458830403867e-06
25.5,9.595782657095532e-06
25.549999999999997,1.1035904148180308e-05
25.60000000000001,1.2681309823430015e-05
25.650000000000006,1.4559582945157883e-05
25.700000000000003,1.6701763787118094e-05
25.75,1.9142747544776966e-05
25.799999999999997,2.192172326573063e-05
25.85000000000001,2.5082657413509594e-05
25.900000000000006,2.867482592034779e-05
25.950000000000003,3.275339883386041e-05
26.0,3.7380081917847686e-05
26.049999999999997,4.2623819827475894e-05
26.10000000000001,4.856156574228434e-05
26.150000000000006,5.5279122605162754e-05
26.200000000000003,6.287206137967564e-05
26.25,7.144672199947775e-05
26.299999999999997,8.112130293972442e-05
26.35000000000001,9.202704558824801e-05
26.400000000000006,0.00010430951983077778
26.450000000000003,0.0001181300174861333
26.5,0.00013366706043003003
26.549999999999997,0.000151118030426024
26.60000000000001,0.00017070092783426417
26.650000000000006,0.0001926562664883353
26.700000000000003,0.0002172491121123871
26.75,0.00024477127168882456
26.80000000000001,0.00027554364117580814
26.85000000000001,0.0003099187189065559
26.900000000000006,0.0003482832918731308
26.950000000000003,0.000391061301898172
27.0,0.0004387168984228677
27.05000000000001,0.0004917576842800081
27.10000000000001,0.000550738160370158
27.150000000000006,0.0006162633746096612
27.200000000000003,0.0006889927798623039
27.25,0.0007696443047965194
27.30000000000001,0.0008589986407175348
27.35000000000001,0.000957903746402717
27.400000000000006,0.0010672795718119463
27.450000000000003,0.0011881230002446592
27.5,0.0013215130070684358
27.55000000000001,0.0014686160315421817
27.60000000000001,0.0016306915564973385
27.650000000000006,0.0018090978887200099
27.700000000000003,0.002005298130789796
27.75,0.002220866332881119
27.80000000000001,0.0024574938106150493
27.85000000000001,0.0027169956124681797
27.900000000000006,0.003001317117504635
27.950000000000003,0.003312540741296797
28.0,0.0036528927248561205
28.05000000000001,0.004024749978207492
28.10000000000001,0.004430646946925391
28.150000000000006,0.004873282466522624
28.200000000000003,0.005355526566050585
28.25,0.005880427178665601
28.30000000000001,0.006451216713247644
28.35000000000001,0.007071318437456451
28.400000000000006,0.007744352618905513
28.450000000000003,0.008474142367442344
28.5,0.009264719117897603
28.55000000000001,0.010120327689120034
28.60000000000001,0.01104543085169802
28.650000000000006,0.012044713333524514
28.700000000000003,0.013123085189313958
28.75,0.014285684457401544
28.80000000000001,0.015537879024663222
28.85000000000001,0.01688526761825379
28.900000000000006,0.018333679841123933
28.950000000000003,0.019889175166965038
29.0,0.021558040809440734
29.05000000000001,0.02334678838029963
29.10000000000001,0.02526214925129987
29.150000000000006,0.02731106853586822
29.200000000000003,0.029500697608069767
29.25,0.031838385078887345
29.30000000000001,0.03433166615298201
29.35000000000001,0.03698825029309984
29.400000000000006,0.03981600712414771
29.450000000000003,0.042822950514654866
29.5,0.046017220779980765
29.55000000000001,0.049407064959149614
29.60000000000001,0.053000815125651905
29.650000000000006,0.05680686470196145
29.700000000000003,0.06083364275779403
29.75,0.06508958628338782
29.80000000000001,0.06958311044117073
29.85000000000001,0.07432257681213199
29.900000000000006,0.07931625966700362
29.950000000000003,0.08457231030682806
30.0,0.09009871953273652
30.05000000000001,0.0959032783205564
30.10000000000001,0.10199353679220806
30.150000000000006,0.10837676159266434
30.200000000000003,0.1150598917982886
30.25,0.12204949349973779
30.30000000000001,0.1293517132199777
30.35000000000001,0.1369722303452961
30.400000000000006,0.14491620876438613
30.450000000000003,0.1531882479273066
30.5,0.16179233355249098
30.55000000000001,0.17073178822558063
30.60000000000001,0.18000922214866588
30.650000000000006,0.1896264843123843
30.700000000000003,0.1995846143759004
30.75,0.20988379555120515
30.80000000000001,0.2205233087979656
30.85000000000001,0.2315014886433348
30.900000000000006,0.2428156809475792
30.950000000000003,0.25446220294070326
31.0,0.26643630585770106
31.05000000000001,0.27873214050013956
31.10000000000001,0.2913427260495858
31.150000000000006,0.3042599224538532
31.200000000000003,0.31747440669982296
31.25,0.33097565327705253
31.30000000000001,0.34475191912407016
31.35000000000001,0.3587902333343713
31.400000000000006,0.37307639188173947
31.450000000000003,0.3875949576043017
31.5,0.4023292656642748
31.55000000000001,0.41726143467521276
31.60000000000001,0.43237238366115355
31.650000000000006,0.4476418549824993
31.700000000000003,0.4630484433315815
31.75,0.4785696308673793
31.80000000000001,0.494181828523427
31.85000000000001,0.5098604234861106
31.900000000000006,0.5255798328025658
31.950000000000003,0.5413135630381666
32.0,0.5570342758639778
32.05000000000001,0.5727138594142814
32.10000000000001,0.5883235052139839
32.150000000000006,0.6038337904357485
32.2,0.6192147652069876
32.25,0.634436044648358
32.30000000000001,0.6494669052878483
32.35000000000001,0.6642763854586176
32.400000000000006,0.6788333892547758
32.45,0.6931067935872511
32.5,0.7070655578526397
32.55000000000001,0.7206788357012286
32.60000000000001,0.7339160883668103
32.650000000000006,0.7467471990007232
32.7,0.7591425874356881
32.75,0.7710733247921586
32.80000000000001,0.7825112473307523
32.85000000000001,0.7934290689493138
32.900000000000006,0.8038004917223713
32.95,0.8136003138840296
33.0,0.8228045346631097
33.05000000000001,0.8313904553912344
33.10000000000001,0.839336776320738
33.150000000000006,0.8466236886096798
33.2,0.8532329609555489
33.25,0.8591480203876315
33.30000000000001,0.8643540267599693
33.35000000000001,0.8688379405223329
33.400000000000006,0.8725885833853951
33.45,0.8755966915378969
33.5,0.8778549611179564
33.55000000000001,0.8793580856872079
33.60000000000001,0.8801027855049798
33.650000000000006,0.8800878284497495
33.7,0.8793140424862848
33.75,0.877784319628773
33.80000000000001,0.8755036114024497
33.85000000000001,0.8724789158583012
33.900000000000006,0.8687192562469505
33.95,0.8642356515084172
34.0,0.8590410787836099
34.05000000000001,0.8531504282008427
34.10000000000001,0.8465804502359218
34.150000000000006,0.8393496959870503
34.2,0.8314784507457319
34.25,0.822988661281481
34.30000000000001,0.8139038572914243
34.35000000000001,0.8042490674954095
34.400000000000006,0.7940507308827706
34.45,0.7833366036385004
34.5,0.7721356622937179
34.55000000000001,0.7604780036582643
34.60000000000001,0.7483947421017598
34.650000000000006,0.7359179047534085
34.7,0.7230803251906116
34.75,0.7099155361815971
34.80000000000001,0.696457662038363
34.85000000000001,0.6827413111231421
34.900000000000006,0.6688014690344729
34.95,0.6546733929783182
35.0,0.6403925078052555
35.05000000000001,0.6259943041673418
35.10000000000001,0.6115142392178112
35.150000000000006,0.5969876402436385
35.2,0.5824496115858236
35.25,0.5679349451648708
35.30000000000001,0.553478034890248
35.35000000000001,0.5391127951926664
35.400000000000006,0.5248725838772249
35.45,0.5107901294544992
35.5,0.4968974630654189
35.55000000000001,0.48322585507511123
35.60000000000001,0.4698057563709439
35.650000000000006,0.4566667443610461
35.7,0.4438374736323378
35.75,0.43134563119135166
35.80000000000001,0.41921789617769495
35.85000000000001,0.40747990390885863
35.900000000000006,0.3961562140865023
35.95,0.3852702829688182
36.0,0.37484443929085715
36.05000000000001,0.3648998636953999
36.10000000000001,0.3554565714209244
36.150000000000006,0.3465333979805971
36.2,0.3381479875572565
36.25,0.3303167838337454
36.30000000000001,0.32305502297603245
36.35000000000001,0.3163767284880834
36.400000000000006,0.3102947076623551
36.45,0.30482054935812963
36.5,0.29996462285128916
36.55000000000001,0.29573607751364817
36.60000000000001,0.29214284309724475
36.650000000000006,0.2891916304188668
36.7,0.286887932262372
36.75,0.2852360243406567
36.80000000000001,0.28423896618528105
36.85000000000001,0.2838986018593881
36.900000000000006,0.28421556041835
36.95,0.2851892560722546
37.0,0.2868178880345087
37.05000000000001,0.2890984400711975
37.10000000000001,0.2920266797960258
37.150000000000006,0.2955971577853639
37.2,0.2998032066167452
37.25,0.3046369399618611
37.30000000000001,0.3100892518912795
37.35000000000001,0.3161498165725072
37.400000000000006,0.3228070885653748
37.45,0.3300483039386517
37.5,0.33785948244923875
37.55000000000001,0.34622543103983583
37.60000000000001,0.35512974892254145
37.650000000000006,0.3645548345242781
37.7,0.3744818945749263
37.75,0.38489095562078357
37.80000000000001,0.395760878244068
37.85000000000001,0.4070693742637961
37.900000000000006,0.41879302718449507
37.95,0.43090731614665745
38.0,0.44338664361704777
38.05000000000001,0.45620436703765616
38.10000000000001,0.46933283462960756
38.150000000000006,0.48274342552286253
38.2,0.49640659435400764
38.25,0.5102919204435153
38.30000000000001,0.5243681616303435
38.35000000000001,0.5386033128062037
38.400000000000006,0.5529646691545741
38.45,0.5674188940605807
38.5,0.5819320916180727
38.55000000000001,0.5964698836194391
38.60000000000001,0.6109974908726045
38.650000000000006,0.6254798186486287
38.7,0.6398815460224365
38.75,0.6541672188293891
38.80000000000001,0.6683013459214924
38.85000000000001,0.682248498369743
38.900000000000006,0.6959734112238057
38.95,0.7094410874069307
39.0,0.7226169032936264
39.05000000000001,0.7354667154899125
39.10000000000001,0.7479569683115737
39.150000000000006,0.7600548014350051
39.2,0.7717281571779315
39.25,0.7829458868541651
39.30000000000001,0.7936778556373729
39.35000000000001,0.8038950453639504
39.400000000000006,0.8135696547046284
39.45,0.8226751961382326
39.5,0.8311865891694381
39.55000000000001,0.839080249245035
39.60000000000001,0.8463341718403197
39.650000000000006,0.8529280112086115
39.7,0.8588431533122697
39.75,0.8640627824830539
39.80000000000001,0.8685719413927326
39.85000000000001,0.8723575839514316
39.900000000000006,0.8754086207909881
39.95,0.8777159570331894
40.0,0.8792725220879691
40.05000000000001,0.8800732912739698
40.10000000000001,0.8801152991030063
40.150000000000006,0.8793976441205099
40.2,0.8779214852455116
40.25,0.8756900296058141
40.30000000000001,0.8727085119161822
40.35000000000001,0.8689841654993127
40.400000000000006,0.8645261851005279
40.45,0.8593456816972413
40.5,0.8534556295527963
40.55000000000001,0.8468708058109246
40.60000000000001,0.8396077229714835
40.650000000000006,0.8316845546298427
40.7,0.8231210549012038
40.75,0.813938471986675
40.80000000000001,0.8041594563701024
40.85000000000001,0.7938079641630887
40.900000000000006,0.7829091561401206
40.95,0.7714892930263086
41.0,0.7595756276164888
41.05000000000001,0.7471962943165745
41.10000000000001,0.7343801967058787
41.150000000000006,0.7211568937225873
41.2,0.7075564850739927
41.25,0.6936094964680964
41.30000000000001,0.6793467652543284
41.35000000000001,0.6647993270482851
41.400000000000006,0.6499983038987084
41.45,0.6349747945349251
41.5,0.6197597672093703
41.55000000000001,0.6043839556233814
41.60000000000001,0.5888777583951402
41.650000000000006,0.5732711424967546
41.7,0.5575935510536265
41.75,0.5418738158632387
41.80000000000001,0.5261400749531674
41.85000000000001,0.5104196954595043
41.900000000000006,0.4947392020672717
41.95,0.47912421121451626
42.0,0.46359937122132117
42.05000000000001,0.4481883084648773
42.10000000000001,0.4329135796819631
42.150000000000006,0.41779663044099663
42.2,0.4028577597878628
42.25,0.3881160910326792
42.30000000000001,0.3735895486093512
42.35000000000001,0.3592948409060635
42.400000000000006,0.34524744893297216
42.45,0.3314616206637806
42.5,0.31795037086024025
42.55000000000001,0.3047254861635545
42.60000000000001,0.2917975352139742
42.650000000000006,0.27917588353963735
42.7,0.26686871293826825
42.75,0.2548830450602504
42.80000000000001,0.24322476888932196
42.85000000000001,0.23189867180738694
42.900000000000006,0.2209084739226749
42.95,0.21025686533591256
43.0,0.19994554601677084
43.05000000000001,0.18997526796298028
43.10000000000001,0.18034587931676535
43.150000000000006,0.1710563701175531
43.2,0.16210491937632682
43.25,0.15348894316502057
43.30000000000001,0.14520514342418864
43.35000000000001,0.13724955720346207
43.400000000000006,0.12961760606187325
43.45,0.12230414536898647
43.5,0.11530351326247558
43.55000000000001,0.10860957903344566
43.60000000000001,0.10221579072707336
43.650000000000006,0.09611522176288965
43.7,0.0903006163962316
43.75,0.08476443385966034
43.80000000000001,0.0794988910405757
43.85000000000001,0.07449600356856952
43.900000000000006,0.06974762520314554
43.95,0.06524548542927419
44.0,0.0609812251845624
44.05000000000001,0.056946430657687744
44.10000000000001,0.05313266511296993
44.150000000000006,0.04953149871047248
44.2,0.04613453630485609
44.25,0.04293344321915031
44.30000000000001,0.03991996900176786
44.35000000000001,0.037085969186335645
44.400000000000006,0.034423425084244536
44.45,0.031924461649271284
44.5,0.029581363462090206
44.55000000000001,0.027386588890077366
44.60000000000001,0.025332782484458343
44.650000000000006,0.023412785682590264
44.7,0.021619645888063567
44.75,0.019946624005312573
44.80000000000001,0.018387200508646756
44.85000000000001,0.0169350801280454
44.900000000000006,0.01558419523574735
44.95,0.014328708018686962
45.0,0.013163011522172306
45.05000000000001,0.01208172964997345
45.10000000000001,0.011079716205203101
45.150000000000006,0.010152053055084164
45.2,0.009294047500980262
45.25,0.008501228932927344
45.30000000000001,0.007769344845435515
45.35000000000001,0.007094356288552269
45.400000000000006,0.0064724328251432066
45.45,0.005899947062110834
45.5,0.005373468819854905
45.55000000000001,0.0048897590007431
45.60000000000001,0.0044457632137313964
45.650000000000006,0.004038605208585984
45.7,0.0036655801694556764
45.75,0.003324147913837234
45.80000000000001,0.003011926039311216
45.85000000000001,0.0027266830568147657
45.900000000000006,0.00246633154568501
45.95,0.002228921362276252
46.0,0.0020126329306317282
46.05000000000001,0.0018157706405012948
46.10000000000001,0.0016367563749442198
46.150000000000006,0.001474123186851887
46.2,0.0013265091409794124
46.25,0.001192651335486318
46.30000000000001,0.0010713801145646224
46.35000000000001,0.0009616134814752191
46.400000000000006,0.0008623517192211913
46.45,0.0007726722241607469
46.5,0.0006917245560959897
46.55000000000001,0.0006187257067675976
46.60000000000001,0.0005529555872323055
46.650000000000006,0.0004937527332952477
46.7,0.0004405102270079889
46.75,0.0003926718312165907
46.80000000000001,0.000349728333247793
46.85000000000001,0.00031121409304667966
46.900000000000006,0.00027670379041866026
46.95,0.0002458093654757118
47.0,0.00021817714593226167
47.05000000000001,0.00019348515453393046
47.10000000000001,0.0001714405896239665
47.150000000000006,0.00015177747165059634
47.2,0.00013425444828682974
47.25,0.00011865275076486502
47.30000000000001,0.0001047742940142494
47.35000000000001,9.243991322956089e-05
47.400000000000006,8.148772957364095e-05
47.45,7.177163784092647e-05
47.5,6.315990905641648e-05
47.55000000000001,5.553390116477294e-05
47.60000000000001,4.878687116611111e-05
47.650000000000006,4.28228822759811e-05
47.7,3.755579992317097e-05
47.75,3.2908370646429365e-05
47.80000000000001,2.88113782071158e-05
47.85000000000001,2.520287149605807e-05
47.900000000000006,2.2027459077018253e-05
47.95,1.9235665473923293e-05
48.0,1.6783344572278196e-05
48.05000000000001,1.4631145765344842e-05
48.10000000000001,1.2744028731162317e-05
48.150000000000006,1.109082297605154e-05
48.2,9.64382852287389e-06
48.25,8.378454357059477e-06
48.30000000000001,7.272891469668697e-06
48.35000000000001,6.307817553919358e-06
48.400000000000006,5.466130619322826e-06
48.45,4.7327089855803475e-06
48.5,4.09419530650864e-06
48.55000000000001,3.538802452477637e-06
48.60000000000001,3.056139248164669e-06
48.650000000000006,2.6370542209731427e-06
48.7,2.2734956644145767e-06
48.75,1.9583864603175833e-06
48.80000000000001,1.6855122341982022e-06
48.85000000000001,1.4494215397968854e-06
48.900000000000006,1.2453368819974294e-06
48.95,1.0690754924535998e-06
49.0,9.169788696232931e-07
49.05000000000001,7.858501849390491e-07
49.10000000000001,6.728987399086745e-07
49.150000000000006,5.756907354303073e-07
49.2,4.921056849100238e-07
49.25,4.2029786726283063e-07
49.30000000000001,3.5866227493565504e-07
49.35000000000001,3.0580456607260024e-07
49.400000000000006,2.6051457919849543e-07
49.45,2.2174301366424784e-07
49.5,1.8858091989660763e-07
49.55000000000001,1.6024168053508261e-07
49.60000000000001,1.360451971101126e-07
49.650000000000006,1.154040272955194e-07
49.7,9.781124521538156e-08
49.75,8.282982204419074e-08
49.80000000000001,7.008334643947685e-08
49.85000000000001,5.924792440110352e-08
49.900000000000006,5.0045116160433744e-08
49.95,4.223578385062754e-08
50.0,3.561473816725709e-08
