k,direction,omega_khz,input_power_w,cutoff,delta_l_over_u,delta_f_over_u,mean_n,g1,g2,g3,g4,analytic_g2,analytic_g3,f,f2,one_photon_blockade,two_photon_blockade,pit_2_to_4,residual_norm,trace_error,hermiticity_error,minimum_eigenvalue,tail_probability
0.0,0,0.0,2e-15,12,1.0,0.0,0.00016694582073734681,1.0,0.2501729990182394,0.027819297171422647,0.0,0.2501219695204833,0.027807401064783042,0.9998330681139407,0.9998377124293393,True,False,False,8.214188859762799e-17,1.1754943508222875e-38,3.0103980910868825e-21,-4.301861249526246e-29,0.0
0.008333333333333333,0,0.0,2e-15,12,0.9916666666666668,0.0,0.00016976072201364478,1.0,0.2480873657808271,0.02728126868242878,0.0,0.24803566097497276,0.02726935162408943,0.9998302536865223,0.9998348849743913,True,False,False,1.1517738456721005e-17,8.110911020673784e-36,9.730506930123762e-19,-5.062125551268053e-29,0.0
0.016666666666666666,0,0.0,2e-15,12,0.9833333333333333,0.0,0.00017264739684547115,1.0,0.24599308422221003,0.02674746251107776,0.0,0.2459406930628261,0.02673552554387938,0.9998273675058587,0.9998319853856334,True,False,False,8.210158917613049e-17,3.373668786859965e-36,3.855564497758115e-19,-1.6150041130762804e-39,0.0
0.025,0,0.0,2e-15,12,0.9750000000000001,0.0,0.00017560830534098321,1.0,0.2438901577279335,0.026217925056802274,0.0,0.2438370689570407,0.026205969253995303,0.9998244071128949,0.9998290111982837,True,False,False,1.2280698437185138e-17,8.087401133657338e-36,7.202227460824526e-19,-4.131538186523762e-29,0.0
0.03333333333333333,0,0.0,2e-15,12,0.9666666666666667,0.0,0.00017864601388350304,1.0,0.2417785916613175,0.0256927027297824,0.0,0.24172479380377587,0.02568072919561968,0.9998213699423655,0.9998259598412941,True,False,False,8.077193548063136e-17,4.231779662960235e-36,7.798523316329166e-19,-4.582098821924686e-30,0.0
0.041666666666666664,0,0.0,2e-15,12,0.9583333333333334,0.0,0.00018176320068668308,1.0,0.23965839344654336,0.02517184193502669,0.0,0.23960387480533263,0.025159851805361667,0.999818253317243,0.9998228286318004,True,False,False,6.743997380838347e-17,2.519084393812162e-35,1.2791919756429072e-18,-6.388128404692074e-59,0.0
0.05,0,0.0,2e-15,12,0.95,0.0,0.0001849626616912928,1.0,0.2375295726549271,0.02465538905580373,0.0,0.23747432130631613,0.02464338349869362,0.9998150544428472,0.9998196147692321,True,False,False,3.959710069487276e-17,1.1637394073140646e-36,1.25615603607265e-19,-3.0858732238524207e-35,0.0
0.058333333333333334,0,0.0,2e-15,12,0.9416666666666667,0.0,0.00018824731682783765,1.0,0.23539214109450568,0.024143390436403747,0.0,0.23533614488310903,0.02413137065271772,0.9998117704005866,0.9998163153290553,True,False,False,7.078108862092439e-17,1.1102230246251565e-16,1.0780518007924162e-19,-1.201590354531192e-29,0.0
0.06666666666666667,0,0.0,2e-15,12,0.9333333333333332,0.0,0.00019162021667117548,1.0,0.23324611290306785,0.023635892364210785,0.0,0.2331893594367871,0.023623859588242008,0.99980839814131,0.999812927256126,True,False,False,1.7544071842518795e-17,1.586917373610088e-36,8.811743447048474e-20,-4.905543554143182e-35,0.0
0.075,0,0.0,2e-15,12,0.925,0.0,0.00019508454951540417,1.0,0.2310915046447701,0.023132941051062728,0.0,0.23103398128961797,0.023120896551145145,0.9998049344782379,0.9998094473576219,True,False,False,9.074560356730224e-17,7.828792376476435e-36,5.559723550823688e-19,-8.478337928630983e-30,0.0
0.08333333333333333,0,0.0,2e-15,12,0.9166666666666665,0.0,0.00019864364889962962,1.0,0.2289283354104826,0.022634582613880478,0.0,0.22887002928528508,0.022622527693008158,0.9998013760794436,0.9998058722955254,True,False,False,1.5460806672475125e-16,6.723827686703485e-36,3.551448019475076e-19,-6.683867291681887e-35,0.0
0.09166666666666666,0,0.0,2e-15,12,0.9083333333333333,0.0,0.00020230100161773164,1.0,0.22675662692201382,0.02214086305454151,0.0,0.2266975248929906,0.022128799050991608,0.9997977194598501,0.9998021985786227,True,False,False,2.39980815477327e-18,2.3274788146281293e-36,4.269208979897128e-19,-1.7328550425293219e-34,0.0
0.1,0,0.0,2e-15,12,0.9000000000000001,0.0,0.00020606025624802152,1.0,0.22457640364037595,0.02165182823897753,0.0,0.22451649231559276,0.021639756526935568,0.9997939609727085,0.9997984225539837,True,False,False,7.336984319054038e-17,6.394689268473244e-36,9.044521033227338e-19,-3.316835026984978e-29,0.0
0.10833333333333334,0,0.0,2e-15,12,0.8916666666666666,0.0,0.0002099252322416993,1.0,0.22238769287824833,0.021167523875472754,0.0,0.22232695860194315,0.0211554458656596,0.9997900968005181,0.9997945403978836,True,False,False,5.925267692841842e-17,1.0649978818449925e-35,3.86416218795765e-19,-2.37175464736076e-40,0.0
0.11666666666666667,0,0.0,2e-15,12,0.8833333333333334,0.0,0.00021389992961232454,1.0,0.22019052491682184,0.020687995492139368,0.0,0.22012895376359573,0.020675912632439595,0.9997861229453466,0.9997905481061262,True,False,False,2.5610828637385444e-17,1.504632769052528e-36,2.0608517673489663e-19,-4.6888319258132985e-29,0.0
0.125,0,0.0,2e-15,12,0.875,0.0,0.00021798853927213895,1.0,0.21798493312719064,0.020213288413547047,0.0,0.21792251089606635,0.02020120218963735,0.9997820352185032,0.9997864414837183,True,False,False,4.565517695501331e-18,9.4039548065783e-37,2.299760444532896e-19,-1.6065582496471033e-29,0.0
0.13333333333333333,0,0.0,2e-15,12,0.8666666666666667,0.0,0.00022219545406504008,1.0,0.21577095409648828,0.019743447736481203,0.0,0.21570766630483165,0.019731359672459176,0.9997778292295166,0.9997822161338512,True,False,False,6.646588046797992e-17,2.5743326283008096e-35,1.8488336657344253e-18,-2.9750272938856343e-29,0.0
0.14166666666666666,0,0.0,2e-15,12,0.8583333333333334,0.0,0.00022652528055036798,1.0,0.21354862775896205,0.019278518304806955,0.0,0.2134844596362602,0.0192664299638182,0.9997735003743637,0.9997778674461313,True,False,False,9.409986878787037e-17,4.3728389850589095e-35,1.3966992475651633e-18,-7.760818763005402e-52,0.0
0.15,0,0.0,2e-15,12,0.85,0.0,0.00023098285159644076,1.0,0.21131799753218541,0.018818544683412177,0.0,0.21125293401368422,0.018806457668275947,0.9997690438228886,0.9997733905840024,True,False,False,5.774129061757956e-17,4.191812855032277e-35,1.6437128021566474e-18,-6.139469381270056e-35,0.0
0.15833333333333333,0,0.0,2e-15,12,0.8416666666666667,0.0,0.000235573239848031,1.0,0.2090791104586274,0.018363571131205417,0.0,0.2090131361788211,0.018351487085037015,0.9997644545053489,0.9997687804712955,True,False,False,7.052443940043731e-17,2.350988701644575e-38,2.294491598792769e-20,-1.8263343624463042e-29,0.0
0.16666666666666666,0,0.0,2e-15,12,0.8333333333333334,0.0,0.00024030177213775575,1.0,0.20683201735280163,0.017913641573142104,0.0,0.20676511663877184,0.017901562179971443,0.9997597270980205,0.999764031777836,True,False,False,5.791352368259537e-17,3.173834747220176e-36,1.1584566975886014e-18,-5.657861211919077e-29,0.0
0.175,0,0.0,2e-15,12,0.825,0.0,0.0002451740449177146,1.0,0.20457677295422308,0.017468799571252577,0.0,0.20450892981882757,0.017456726556638106,0.9997548560077824,0.9997591389040331,True,False,False,9.138395953060166e-17,3.573502826499754e-36,5.589764914268552e-19,-1.7569722518749838e-29,0.0
0.18333333333333332,0,0.0,2e-15,12,0.8166666666666667,0.0,0.000250195940794722,1.0,0.20231343608642496,0.017029088294646815,0.0,0.20224463422132805,0.01701702342628256,0.9997498353555996,0.9997540959643664,True,False,False,7.405325448439684e-17,2.0547641252373586e-35,9.189101135248576e-19,-2.9120111014915453e-29,0.0
0.19166666666666665,0,0.0,2e-15,12,0.8083333333333333,0.0,0.0002553736462602137,1.0,0.2000420698222832,0.016594550488466413,0.0,0.19997229259082872,0.016582495576782322,0.9997446589588138,0.9997488967696802,True,False,False,1.0993366088549245e-17,3.013967515508345e-35,2.4456890062239577e-18,-3.334374374551736e-45,0.0
0.2,0,0.0,2e-15,12,0.8,0.0,0.0002607136707144536,1.0,0.1977627416559197,0.016165228441759105,0.0,0.1976919720858414,0.016153185340512206,0.9997393203121413,0.9997435348081863,True,False,False,4.254449918770297e-18,4.7654540982335536e-35,1.8085840961883003e-18,-2.310073613155762e-40,0.0
0.20833333333333334,0,0.0,2e-15,12,0.7916666666666666,0.0,0.0002662228668940976,1.0,0.19547552368146015,0.01574116395424629,0.0,0.1954037444574282,0.015729134561102046,0.9997338125672688,0.9997380032250649,True,False,False,6.1165084025323096e-18,1.1102230246251565e-16,2.6362913682746933e-19,-3.7898163685169374e-34,0.0
0.21666666666666667,0,0.0,2e-15,12,0.7833333333333333,0.0,0.0002719084528226182,1.0,0.1931804927789441,0.015322398301957772,0.0,0.19310768623494107,0.015310384559059096,0.9997281285109304,0.9997322948005463,True,False,False,6.391542145169918e-17,7.229290257557068e-35,3.3998089667454388e-18,-5.340817926915983e-29,0.0
0.225,0,0.0,2e-15,12,0.775,0.0,0.0002777780354146622,1.0,0.19087773080768336,0.014908972201703266,0.0,0.1908038789192107,0.014896976096226752,0.9997222605413318,0.9997264019263401,True,False,False,6.127303113196265e-17,2.6801271198748155e-36,1.5417560851816138e-19,-5.604558662637319e-29,0.0
0.23333333333333334,0,0.0,2e-15,12,0.7666666666666666,0.0,0.0002838396358782258,1.0,0.18856732480739774,0.014500925774354929,0.0,0.1884924091835067,0.014488949339051689,0.9997162006427802,0.9997203165802719,True,False,False,6.338169791783149e-17,1.88079096131566e-37,3.689676151806017e-20,-5.372341422470536e-34,0.0
0.24166666666666667,0,0.0,2e-15,12,0.7583333333333333,0.0,0.00029010171707276853,1.0,0.18624936720745433,0.014098298506911123,0.0,0.18617336908260132,0.014086343820630853,0.9997099403583616,0.9997140302989662,True,False,False,6.138886901308489e-18,2.407412430484045e-35,1.2015708434523737e-18,-7.860712253511473e-29,0.0
0.25,0,0.0,2e-15,12,0.75,0.0,0.00029657321299719644,1.0,0.18392395604456876,0.013701129213314355,0.0,0.18384685627028732,0.013689198401509929,0.9997034707604909,0.9997075341484034,True,False,False,3.500725706682564e-18,2.2710550857886595e-35,9.014058023031628e-19,-6.989298531800476e-30,0.0
0.2583333333333333,0,0.0,2e-15,12,0.7416666666666667,0.0,0.0003032635605992206,1.0,0.18159119518932665,0.013309455993993602,0.0,0.18151297422571785,0.013297551229205075,0.9996967824191463,0.9997008186921607,True,False,False,3.268028993012103e-17,4.70197740328915e-38,4.549537702162298e-20,-5.945269292911718e-29,0.0
0.26666666666666666,0,0.0,2e-15,12,0.7333333333333334,0.0,0.0003101827341171889,1.0,0.17925119458191485,0.012923316194104799,0.0,0.17917183248895094,0.012911439696419547,0.9996898653675735,0.9996938739571245,True,False,False,9.312410870040117e-18,6.58276836460481e-37,3.173309502172745e-19,-1.0949586143307746e-28,0.0
0.275,0,0.0,2e-15,12,0.725,0.0,0.00031734128218731053,1.0,0.17690407047746187,0.012542746360439628,0.0,0.17682354690610066,0.012530900397926975,0.9996827090652315,0.9996866893964437,True,False,False,2.485982747601768e-17,5.64237288394698e-37,2.2006482056459597e-18,-6.447056842394002e-34,0.0
0.2833333333333333,0,0.0,2e-15,12,0.7166666666666667,0.0,0.00032475036797355707,1.0,0.17454994570141058,0.012167782196976557,0.0,0.17446823988451726,0.012155969086093735,0.9996753023577195,0.9996792538494654,True,False,False,5.739415504291195e-17,5.623564974333823e-35,2.7753371368549535e-18,-9.882320479572124e-29,0.0
0.2916666666666667,0,0.0,2e-15,12,0.7083333333333333,0.0,0.00033242181260475644,1.0,0.17218894991536207,0.011798458519045634,0.0,0.17210604065843688,0.011786680625012598,0.9996676334334041,0.999671555498371,True,False,False,5.826722422643886e-17,1.1102230246251565e-16,2.0131186516807492e-18,-7.718310399973931e-29,0.0
0.3,0,0.0,2e-15,12,0.7,0.0,0.0003403681422338557,1.0,0.1698212198938551,0.011434809206080608,0.0,0.1697370855655635,0.011423068943220782,0.9996596897764308,0.9996635818211971,True,False,False,5.585813118474453e-17,1.946618644961708e-35,2.029879513887632e-18,-3.549693422686136e-29,0.0
0.30833333333333335,0,0.0,2e-15,12,0.6916666666666667,0.0,0.0003486026390684629,1.0,0.1674468998125657,0.011076867152932275,0.0,0.167361518335069,0.01106516698497598,0.9996514581157715,0.9996553195408936,True,False,False,5.612547463857151e-17,5.980915256983799e-35,2.528899938842434e-18,-1.245741289316623e-28,0.0
0.31666666666666665,0,0.0,2e-15,12,0.6833333333333333,0.0,0.00035713939676006005,1.0,0.16506614154843474,0.010724664219717073,0.0,0.16497949038751777,0.010713006660064304,0.9996429243699229,0.9996467545700327,True,False,False,1.1887369925309691e-17,2.6519152554550806e-35,1.4673003467726997e-18,-1.1055147016798663e-40,0.0
0.325,0,0.0,2e-15,12,0.675,0.0,0.00036599338058229165,1.0,0.16267910499225674,0.010378231180176578,0.0,0.16259116114725222,0.010366618792115668,0.9996340735868249,0.9996378719507389,True,False,False,5.70626468298804e-17,1.1519844638058418e-35,3.61894645935068e-19,-2.8100417856708367e-45,0.0
0.3333333333333333,0,0.0,2e-15,12,0.6666666666666667,0.0,0.00037518049287709924,1.0,0.16028595837428705,0.010037597668523654,0.0,0.1601966983677949,0.010026033065402253,0.999624889878523,0.9996286557893637,True,False,False,1.8936644368607545e-17,5.64237288394698e-37,4.484414621021054e-19,-2.1446453132128194e-29,0.0
0.3416666666666667,0,0.0,2e-15,12,0.6583333333333333,0.0,0.000384717644301963,1.0,0.15788687860346048,0.00970279212475387,0.0,0.15779627847085664,0.009691277970097525,0.9996153563500417,0.9996190891853711,True,False,False,7.45682919724034e-17,6.112570624275895e-36,2.214365127006994e-18,-2.2873250444629356e-34,0.0
0.35,0,0.0,2e-15,12,0.65,0.0,0.0003946228314729595,1.0,0.15548205162082648,0.00937384173839933,0.0,0.15539008689956518,0.009362380745974464,0.9996054550218754,0.999609154153844,True,False,False,4.1685938420782746e-17,1.1102230246251565e-16,1.2177991866346412e-18,-3.9103521145643044e-44,0.0
0.35833333333333334,0,0.0,2e-15,12,0.6416666666666666,0.0,0.000404915221667782,1.0,0.15307167276785646,0.009050772390707146,0.0,0.15297831848656065,0.009039367324522946,0.999595166745437,0.9995988315409459,True,False,False,2.690258623139167e-17,1.7397316392169855e-35,2.868766242164888e-18,-1.7876496823101293e-28,0.0
0.36666666666666664,0,0.0,2e-15,12,0.6333333333333333,0.0,0.0004156152453313822,1.0,0.1506559471702956,0.008733608595223447,0.0,0.150561177837636,0.00872226226946846,0.9995844711107207,0.9995881009315997,True,False,False,5.694504060442711e-17,8.46355932592047e-37,9.395314919861721e-19,-7.240985043482592e-35,0.0
0.375,0,0.0,2e-15,12,0.625,0.0,0.00042674469721589917,1.0,0.14823509013827144,0.00842237343676789,0.0,0.14813887973163475,0.00841108871567598,0.9995733463453513,0.9995769405485534,True,False,False,6.2128716893537e-17,1.1102230246251565e-16,1.3191018069447839e-18,-7.394326824058959e-39,0.0
0.3833333333333333,0,0.0,2e-15,12,0.6166666666666667,0.0,0.0004383268470875016,1.0,0.1458093275834096,0.00811708850878499,0.0,0.14571164953735413,0.008105868306425408,0.9995617692040905,0.999565327141904,True,False,False,8.47176279961897e-17,3.76158192263132e-36,6.53184761381866e-19,-8.395510254712566e-29,0.0
0.39166666666666666,0,0.0,2e-15,12,0.6083333333333334,0.0,0.00045038656104755064,1.0,0.14337889645373966,0.007817773849061828,0.0,0.14327972364823902,0.0078066211290473714,0.9995497148477547,0.9995532358680336,True,False,False,8.302167510526825e-18,2.162909605513009e-36,5.554548762231155e-19,-1.1933929654014659e-33,0.0
0.4,0,0.0,2e-15,12,0.6,0.0,0.00046295043464615983,1.0,0.14094404518721537,0.007524447873803653,0.0,0.14084334993569178,0.007513365648911171,0.9995371567103714,0.999540640156785,True,False,False,1.2015603229613508e-16,1.1190706219828177e-35,7.746264324905038e-19,-2.0619369494225145e-28,0.0
0.4083333333333333,0,0.0,2e-15,12,0.5916666666666667,0.0,0.00047604693911524405,1.0,0.13850503418471907,0.007237127310063537,0.0,0.13840278822186622,0.007226118641759954,0.9995240663532506,0.9995275115655546,True,False,False,2.1242741354276476e-17,1.3729774017604318e-35,2.4301438543166967e-18,-9.200086286323172e-29,0.0
0.4166666666666667,0,0.0,2e-15,12,0.5833333333333333,0.0,0.0004897065822183923,1.0,0.13606213630345784,0.00695582712652432,0.0,0.13595831077285686,0.006944895124391773,0.9995104133044794,0.999513819618808,True,False,False,6.286755268534552e-17,3.197344634236622e-36,2.4557638829802157e-18,-1.9699323509239244e-28,0.0
0.425,0,0.0,2e-15,12,0.575,0.0,0.0005039620854097275,1.0,0.13361563737171253,0.006680560462636868,0.0,0.1335102028132424,0.006669708283689263,0.9994961648821522,0.9994995316313346,True,False,False,2.2755487700916748e-17,4.7866129965483547e-35,1.7408004301699735e-18,-2.5022986501736283e-28,0.0
0.43333333333333335,0,0.0,2e-15,12,0.5666666666666667,0.0,0.0005188485792172867,1.0,0.13116583672594623,0.006411338556121692,0.0,0.131058763062991,0.006400569404005087,0.9994812859994304,0.9994846125133311,True,False,False,2.2437872547522545e-18,4.1283361600878737e-35,1.8101190661014502e-18,-8.057150826321155e-34,0.0
0.44166666666666665,0,0.0,2e-15,12,0.5583333333333333,0.0,0.000534403819023068,1.0,0.12871304777132989,0.0061481706688465984,0.0,0.1286043042977886,0.006137487792915499,0.9994657389492647,0.9994690245551502,True,False,False,6.055346061904762e-17,7.52316384526264e-37,2.128838894944701e-19,-1.6672820557009784e-28,0.0
0.45,0,0.0,2e-15,12,0.55,0.0,0.0005506684237071716,1.0,0.12625759856680233,0.005891064011099059,0.0,0.12614715393390535,0.005880470705359653,0.9994494831663226,0.9994527271892556,True,False,False,1.1972911770219864e-16,1.1102230246251565e-16,1.0859803822967043e-18,-1.64585273743366e-28,0.0
0.4583333333333333,0,0.0,2e-15,12,0.5416666666666667,0.0,0.0005676861399640539,1.0,0.12379983243583637,0.005640023664277146,0.0,0.1236876546387739,0.005629523266188502,0.9994324749633259,0.9994356767265892,True,False,False,9.025897693133227e-17,2.8305903967800683e-35,1.4686564382449587e-18,-1.1863361952817875e-39,0.0
0.4666666666666667,0,0.0,2e-15,12,0.5333333333333333,0.0,0.0005855041354924057,1.0,0.12134010860414614,0.005395052502030391,0.0,0.1212261649685159,0.005384648391153925,0.9994146672386055,0.9994178260641566,True,False,False,2.934898392622719e-17,2.0876779670603826e-35,1.4585619568915984e-18,-1.3608144690156492e-33,0.0
0.475,0,0.0,2e-15,12,0.525,0.0,0.0006041733247158853,1.0,0.11887880286563722,0.005156151109889343,0.0,0.11876306003371778,0.005145846706376033,0.9993960091512364,0.9993991243601952,True,False,False,3.7950008250455746e-17,1.0156271191104564e-35,6.87927496889915e-19,-2.882183081027955e-51,0.0
0.48333333333333334,0,0.0,2e-15,12,0.5166666666666666,0.0,0.0006237487312207497,1.0,0.1164163082779635,0.004923317703429908,0.0,0.11629873219482544,0.00491311646633483,0.9993764457595792,0.99937951667275,True,False,False,2.4452006629856284e-18,1.128474576789396e-36,1.8227995695281436e-19,-1.800735541959275e-28,0.0
0.49166666666666664,0,0.0,2e-15,12,0.5083333333333333,0.0,0.0006442898917114787,1.0,0.11395303588914019,0.0046965480450291515,0.0,0.113833591788602,0.004686453470441423,0.9993559176184529,0.9993589435568843,True,False,False,6.750465812925424e-17,1.316553672920962e-36,4.663473453394115e-20,-1.9962222191531076e-28,0.0
0.5,0,0.0,2e-15,12,0.5,0.0,0.0006658613070024871,1.0,0.11148941549672586,0.004475835359277658,0.0,0.11136806788716863,0.004465850978253762,0.9993343603294418,0.999337340615024,True,False,False,1.532055038116821e-16,3.629926555339224e-35,1.860067351278498e-18,-1.1707238166093393e-28,0.0
0.5083333333333333,0,0.0,2e-15,12,0.49166666666666664,0.0,0.0006885329464017792,1.0,0.10902589644117883,0.004261170247125165,0.0,0.10890260909123242,0.00425129962341289,0.9993117040380137,0.9993146379941191,True,False,False,6.561264757476216e-17,7.52316384526264e-37,2.831633122031602e-18,-2.4828412377201456e-39,0.0
0.5166666666666666,0,0.0,2e-15,12,0.4833333333333334,0.0,0.0007123808128237538,1.0,0.10656294843507337,0.004052540598848095,0.0,0.10643768435918967,0.004042787326387345,0.9992878728701443,0.9992907598223101,True,False,False,1.2010049149805838e-17,6.770847460736376e-36,4.921533165030489e-19,-1.8457310817222865e-34,0.0
0.525,0,0.0,2e-15,12,0.475,0.0,0.0007374875771206664,1.0,0.1041010624299569,0.003849931505940546,0.0,0.10397378387388699,0.003840299206126586,0.9992627843000031,0.9992656235766616,True,False,False,4.1701626066683876e-17,3.253768363076092e-35,1.2888352289289122e-18,-2.953596272287595e-28,0.0
0.5333333333333333,0,0.0,2e-15,12,0.4666666666666666,0.0,0.0007639432914789178,1.0,0.10164075152272545,0.0036533251720444315,0.0,0.10151141994891999,0.0036438174907385103,0.9992363484389042,0.9992391393721609,True,False,False,2.3539318658287945e-17,1.0908587575630828e-35,6.035205787135607e-19,-2.6217155028900267e-32,0.0
0.5416666666666666,0,0.0,2e-15,12,0.45833333333333337,0.0,0.00079184619332782,1.0,0.09918255190349708,0.00346270082305056,0.0,0.0990511279764511,0.003453321427321661,0.9992084672341349,0.9992112091606002,True,False,False,8.947477445747064e-17,1.8619830517025034e-35,1.975978526167942e-18,-1.6184108100456206e-28,0.0
0.55,0,0.0,2e-15,12,0.44999999999999996,0.0,0.0008213036131041502,1.0,0.09672702384707277,0.0032780346165190307,0.0,0.09659346741863949,0.0032687871910999445,0.9991790335643936,0.999181725826068,True,False,False,5.661232558992614e-17,5.64237288394698e-37,7.88970008177997e-19,-1.8231377560666437e-28,0.0
0.5583333333333333,0,0.0,2e-15,12,0.4416666666666667,0.0,0.0008524330014661943,1.0,0.09427475275019198,0.003099299550586663,0.0,0.09413902284489258,0.003090187794026277,0.9991479302163312,0.9991505721615496,True,False,False,1.0369094871279098e-16,8.275480229788904e-36,1.0023711906063392e-18,-4.254528083152989e-46,0.0
0.5666666666666667,0,0.0,2e-15,12,0.43333333333333335,0.0,0.0008853630942302462,1.0,0.09182635021691135,0.002926465372548915,0.0,0.09168840501726934,0.002917492993041922,0.9991150287240317,0.9991176197084691,True,False,False,2.382969928849935e-17,3.4982711880471276e-35,1.6219614960743566e-18,-1.4494382513399364e-38,0.0
0.575,0,0.0,2e-15,12,0.42500000000000004,0.0,0.0009202352365022257,1.0,0.0893824551945675,0.002759498487326805,0.0,0.08924225202650103,0.002750669198200732,0.999080188050092,0.9990827274378351,True,False,False,3.055730691113033e-17,1.1660903960157092e-35,1.7561150048294414e-18,-5.023150886112999e-33,0.0
0.5833333333333334,0,0.0,2e-15,12,0.41666666666666663,0.0,0.0009572048913103088,1.0,0.08694373516292038,0.002598361866053092,0.0,0.08680123048122966,0.002589679380891652,0.9990432530831549,0.9990457402478424,True,False,False,5.163798235715478e-17,4.325819211026018e-35,1.5528131731003835e-18,-2.3461265925277925e-28,0.0
0.5916666666666667,0,0.0,2e-15,12,0.4083333333333333,0.0,0.0009964433626516976,1.0,0.08451088737922681,0.002443014955039097,0.0,0.08436603675321609,0.0024344829824195576,0.9990040529221822,0.999006487248219,True,False,False,6.340577218653069e-17,9.4039548065783e-36,6.372836700262779e-19,-5.481435254230759e-28,0.0
0.6,0,0.0,2e-15,12,0.4,0.0,0.0010381397684230077,1.0,0.0820846401821449,0.0022934135854121972,0.0,0.08193739828142364,0.0022850358232333603,0.9989623989122417,0.9989647797960901,True,False,False,1.3402766072192567e-16,6.958926556867942e-35,4.1120976807022085e-18,-1.9726035190965805e-50,0.0
0.6083333333333333,0,0.0,2e-15,12,0.3916666666666667,0.0,0.0010825033054281113,1.0,0.0796657543575391,0.002149509883745966,0.0,0.07951607493805259,0.002141290013122047,0.9989180823899169,0.9989204092414711,True,False,False,4.0314172807600196e-17,1.128474576789396e-36,5.4930673706875825e-18,-7.466662621139426e-29,0.0
0.6166666666666667,0,0.0,2e-15,12,0.3833333333333333,0.0,0.0011297658568250482,1.0,0.07725502456943537,0.0020112521840393856,0.0,0.0771028604597764,0.002003193862733671,0.998870872088355,0.998873144332402,True,False,False,6.677801727611171e-17,5.379062149362788e-35,5.477041234307903e-18,-4.552198903136199e-28,0.0
0.625,0,0.0,2e-15,12,0.375,0.0,0.0011801850023319478,1.0,0.07485328085955735,0.0018785849414390799,0.0,0.07469858394762119,0.0018706917968100351,0.9988205111421012,0.9988227282198747,True,False,False,1.4100616753338225e-16,1.5798644075051544e-35,4.4040168352759275e-18,-1.1285432208242497e-27,0.0
0.6333333333333333,0,0.0,2e-15,12,0.3666666666666667,0.0,0.0012340475037011624,1.0,0.07246139021908188,0.0017514486481397164,0.0,0.07230411143912828,0.0017437242695706495,0.9987667136197999,0.9987688749906319,True,False,False,7.96020435037972e-17,4.288203391799705e-35,2.0696963839151935e-18,-9.867768611815967e-29,0.0
0.6416666666666666,0,0.0,2e-15,12,0.3583333333333334,0.0,0.0012916733529515468,1.0,0.07008025823646168,0.0016297797519424816,0.0,0.06992034755665666,0.0016222276827243542,0.9987091604980142,0.9987112656410909,True,False,False,6.59090315127685e-17,1.1102230246251565e-16,3.874591000523805e-18,-1.6365321868815827e-28,0.0
0.65,0,0.0,2e-15,12,0.35,0.0,0.001353420489338602,1.0,0.06771083082539094,0.0015135105780000962,0.0,0.06754823723590678,0.0015061343066355717,0.9986474949711244,0.9986495433873515,True,False,False,1.0192949832052e-16,1.0532429383367696e-35,7.70965046872543e-19,-3.2092255961935313e-28,0.0
0.6583333333333333,0,0.0,2e-15,12,0.3416666666666667,0.0,0.0014196903139636432,1.0,0.06535409603723157,0.0014025692543301377,0.0,0.0651887675389918,0.0013953722052252695,0.9985813169695968,0.9985833081835819,True,False,False,7.028184649668896e-17,4.137740114894452e-35,1.949974089910275e-18,-4.90268982815955e-44,0.0
0.6666666666666666,0,0.0,2e-15,12,0.33333333333333337,0.0,0.0014909341594693383,1.0,0.0630110859624735,0.001296879641736113,0.0,0.06284296955663875,0.0012898651652444371,0.998510176730708,0.9985121102928666,True,False,False,2.91843323683196e-17,4.81482486096809e-35,4.0765667837120524e-18,-1.6765172611183464e-28,0.0
0.675,0,0.0,2e-15,12,0.32499999999999996,0.0,0.0015676609079903195,1.0,0.06068287872608173,0.0011963612688389931,0.0,0.06051192040437921,0.001189532630620957,0.9984335672305188,0.9984354427193118,True,False,False,7.859989718465044e-17,5.341446330136474e-35,3.6103194337760735e-18,-2.536267989234985e-28,0.0
0.6833333333333333,0,0.0,2e-15,12,0.31666666666666665,0.0,0.0016504459954514755,1.0,0.0583706005818696,0.0011009292729903578,0.0,0.05819674531788161,0.0010942896426492737,0.9983509152415547,0.9983527322658646,True,False,False,1.5631896334768938e-16,7.52316384526264e-37,2.5267974433511244e-19,-2.9032470757174726e-28,0.0
0.6916666666666667,0,0.0,2e-15,12,0.30833333333333335,0.0,0.0017399420970982302,1.0,0.056075428111353964,0.0010104943479132525,0.0,0.05589861985288984,0.0010040467868670242,0.9982615707246177,0.9982633289262726,True,False,False,2.9614138628624915e-17,2.1064858766735392e-35,9.749190740731227e-19,-5.684741572464709e-28,0.0
0.7,0,0.0,2e-15,12,0.30000000000000004,0.0,0.0018368918613291658,1.0,0.053798590532880185,0.0009249626989983104,0.0,0.0536187721955686,0.0009187101475442711,0.9981647941920021,0.998166493248456,True,False,False,8.156128682497724e-17,3.009265538105056e-36,1.974675837153278e-18,-8.923041971517558e-28,0.0
0.7083333333333334,0,0.0,2e-15,12,0.29166666666666663,0.0,0.0019421431511776799,1.0,0.051541372127158785,0.0008442360072714027,0.0,0.051358485589410724,0.0008381812707996219,0.99805974158849,0.9980613812156695,True,False,False,6.075430459692893e-17,6.093762714662738e-35,6.226664120191801e-18,-5.7782456663409e-29,0.0
0.7166666666666667,0,0.0,2e-15,12,0.2833333333333333,0.0,0.0020566673714497398,1.0,0.049305114785738444,0.0007682114031458751,0.0,0.04911910088524411,0.0007623571374542306,0.9979454461197242,0.9979470260750515,True,False,False,7.534832618346914e-17,4.513898307157584e-36,2.5666817680998504e-19,-3.343952965325461e-38,0.0
0.725,0,0.0,2e-15,12,0.275,0.0,0.0021815816130658183,1.0,0.04709122068934165,0.0006967814511777263,0.0,0.046902019221281004,0.0006911301468399194,0.9978207963065785,0.9978223163921807,True,False,False,6.642450106207312e-17,1.9560225997682864e-35,5.144557923498527e-18,-1.7653787230535916e-49,0.0
0.7333333333333333,0,0.0,2e-15,12,0.2666666666666667,0.0,0.0023181755461277724,1.0,0.04490115512342601,0.000629834147156831,0.0,0.04470870484058909,0.0006243881128924602,0.9976845093477178,0.9976859694138358,True,False,False,5.260021955818617e-17,3.009265538105056e-36,2.487686529638159e-19,-2.154276134493915e-27,0.0
0.7416666666666667,0,0.0,2e-15,12,0.2583333333333333,0.0,0.002467944255462738,1.0,0.04273644943879548,0.0005672529289924178,0.0,0.04254068805382706,0.0005620142739860217,0.9975350986152348,0.9975364985638423,True,False,False,3.003769022648946e-17,1.504632769052528e-36,3.618131469676165e-18,-9.528818903700973e-28,0.0
0.75,0,0.0,2e-15,12,0.25,0.0,0.0026326285587410536,1.0,0.040598704165582686,0.0005089167029872793,0.0,0.04039956835558542,0.0005038873181010818,0.9973708337688159,0.9973721735574622,True,False,False,1.4694290150486486e-17,3.4606553688208144e-35,4.647456682684934e-18,-5.940887605997064e-44,0.0
0.7583333333333333,0,0.0,2e-15,12,0.2416666666666667,0.0,0.002814264808157989,1.0,0.038489592289451716,0.00045469988724363347,0.0,0.03828701770320474,0.0004498814250665664,0.9971896915227894,0.9971909711686803,True,False,False,7.485951862734258e-17,1.1102230246251565e-16,1.4435982335443152e-18,-1.1836932517489613e-27,0.0
0.7666666666666666,0,0.0,2e-15,12,0.23333333333333342,0.0,0.003015246794857859,1.0,0.03641086269944063,0.0004044724741055262,0.0,0.036204783967513594,0.0003998663277788832,0.9969892944962413,0.9969905140805725,True,False,False,8.234724264859111e-17,1.0532429383367696e-35,4.843662108073868e-19,-9.102018840193968e-39,0.0
0.775,0,0.0,2e-15,12,0.22499999999999998,0.0,0.0032384032113583904,1.0,0.034364343817468945,0.00035810011371899134,0.0,0.03415469456553778,0.00035370739447695363,0.996766834760574,0.9967679944331322,True,False,False,2.8529419420967305e-17,1.8055593228630336e-35,1.0584924595352622e-18,-2.1874088914542393e-28,0.0
0.7833333333333333,0,0.0,2e-15,12,0.21666666666666667,0.0,0.0034870952679118784,1.0,0.032351947420186745,0.0003154442209836417,0.0,0.032138660285886245,0.00031126573434477734,0.9965189775878656,0.9965200775719159,True,False,False,2.3785685540488272e-17,1.504632769052528e-35,7.165224512787756e-19,-2.8040340899318775e-32,0.0
0.7916666666666666,0,0.0,2e-15,12,0.20833333333333337,0.0,0.0037653406293316617,1.0,0.030375672664538847,0.0002763621083790506,0.0,0.030158679318218706,0.00027239832892287134,0.9962417393766967,0.9962427799741718,True,False,False,4.053605075116935e-17,0.0,1.8534519205858316e-18,-6.522899766395673e-33,0.0
0.8,0,0.0,2e-15,12,0.19999999999999996,0.0,0.004077972022306513,1.0,0.028437610329168594,0.00024070714737811966,0.0,0.028216841498952178,0.00023695819203882384,0.9959303316144333,0.9959313132114459,True,False,False,4.8863441650986124e-17,1.2638915260041235e-34,7.811224137512434e-18,-1.0780491551956644e-42,0.0
0.8083333333333333,0,0.0,2e-15,12,0.19166666666666665,0.0,0.0044308419297163296,1.0,0.026539947284583965,0.00020832896140912004,0.0,0.026315332786168464,0.0002047945612168575,0.9955789597684512,0.9955798828411486,True,False,False,2.4352752395426245e-17,3.009265538105056e-36,6.438442955516588e-19,-1.4750318384050835e-27,0.0
0.8166666666666667,0,0.0,2e-15,12,0.18333333333333335,0.0,0.004831089141084202,1.0,0.02468497120587347,0.00017907365360038537,0.0,0.02445643997754891,0.00017575312379874421,0.9951805618002638,0.9951814269210472,True,False,False,2.0013383640093447e-17,2.7083389842945504e-35,1.2224692822611156e-17,-1.1367572383666382e-37,0.0
0.825,0,0.0,2e-15,12,0.17500000000000004,0.0,0.005287489175714604,1.0,0.02287507554268157,0.00015278407283875634,0.0,0.022642555686092896,0.00014967628130577396,0.994726464990177,0.9947272728343084,True,False,False,5.558353635736821e-17,1.3842621475283258e-34,6.371945572123225e-18,-8.826456413875402e-49,0.0
0.8333333333333334,0,0.0,2e-15,12,0.16666666666666663,0.0,0.005810919667130302,1.0,0.021112764762149048,0.00012930012199721384,0.0,0.020876183589372304,0.00012640345589606314,0.9942059310713302,0.994206682423952,True,False,False,6.026976440572795e-17,1.1102230246251565e-16,5.030570664450539e-19,-1.7764358238715458e-36,0.0
0.8416666666666667,0,0.0,2e-15,12,0.15833333333333333,0.0,0.006414985131688674,1.0,0.019400659881588442,0.00010845911254122063,0.0,0.019159943969147532,0.00010577144312593849,0.9936055469576216,0.9936062427212159,True,False,False,4.3756848267156256e-17,1.4444474582904269e-34,8.040836705579854e-18,-6.602953494710275e-28,0.0
0.85,0,0.0,2e-15,12,0.15000000000000002,0.0,0.007116865389610237,1.0,0.017741504308814788,9.009617011000711e-05,0.0,0.017496579559322677,8.761481561124973e-05,0.9929083995256803,0.9929090407279951,True,False,False,5.94188938951727e-17,6.018531076210112e-35,4.594080384944305e-18,-2.5281973009730386e-55,0.0
0.8583333333333333,0,0.0,2e-15,12,0.14166666666666672,0.0,0.007938481821331321,1.0,0.016138170009284893,7.40446960914904e-05,0.0,0.015888961721458733,7.176638260740675e-05,0.9920929447108467,0.9920935325133207,True,False,False,8.959921619442529e-17,9.62964972193618e-35,5.981736365741631e-18,-5.216699642590543e-54,0.0
0.8666666666666667,0,0.0,2e-15,12,0.1333333333333333,0.0,0.008908121314104601,1.0,0.01459366402052902,6.01368906710994e-05,0.0,0.014340096968397886,5.8057710989118264e-05,0.991131438443712,0.9911319741504295,True,False,False,5.1754134255289185e-17,0.0,2.0232673701253626e-17,-7.931476812803563e-49,0.0
0.875,0,0.0,2e-15,12,0.125,0.0,0.01006272834957308,1.0,0.01311113533578755,4.82043433393074e-05,0.0,0.012853133857990248,4.631971361604986e-05,0.9899877315049078,0.9899882165721201,True,False,False,9.049461624025087e-17,4.2129717533470784e-35,2.032560113948632e-17,-1.3942131419388529e-27,0.0
0.8833333333333333,0,0.0,2e-15,12,0.11666666666666671,0.0,0.011451186034631019,1.0,0.011693882180308462,3.8078697394307034e-05,0.0,0.011431370280463149,3.638331162308051e-05,0.988614129245964,0.9886145652922118,True,False,False,6.67869525803805e-17,7.222237291452134e-35,2.5991243762869685e-18,-5.003403096362571e-32,0.0
0.8916666666666666,0,0.0,2e-15,12,0.10833333333333339,0.0,0.013139080898305483,1.0,0.010345359705423036,2.959239557957782e-05,0.0,0.010078261164643644,2.8080177778138902e-05,0.9869468600184724,0.9869472488353519,True,False,False,5.920262716041414e-17,4.81482486096809e-35,1.9947652366714826e-17,-8.012786929075843e-28,0.0
0.9,0,0.0,2e-15,12,0.09999999999999998,0.0,0.015215721806377527,1.0,0.009069188127308048,2.2579514656144838e-05,0.0,0.008797426630045591,2.124356871181144e-05,0.9848994523958535,0.9848997959594671,True,False,False,3.7646383083781355e-17,3.611118645726067e-35,5.082527036762758e-18,-5.534628359849851e-27,0.0
0.9083333333333333,0,0.0,2e-15,12,0.09166666666666667,0.0,0.01780461723325267,1.0,0.007869161339277906,1.687669743172268e-05,0.0,0.007592660613776752,1.5709254546660305e-05,0.9823529484461319,0.9823532489292698,True,False,False,7.402670546238818e-17,1.0833355937178202e-34,1.7818519451444853e-17,-1.4575029784981607e-31,0.0
0.9166666666666666,0,0.0,2e-15,12,0.08333333333333337,0.0,0.021079281449567274,1.0,0.00674925602853678,1.2324191559818742e-05,0.0,0.006467940003320214,1.1316555246656241e-05,0.9791413337478875,0.97914159353299,True,False,False,8.233072607751828e-17,7.222237291452134e-35,7.944288058131513e-17,-3.693744834628503e-26,0.0
0.9249999999999999,0,0.0,2e-15,12,0.07500000000000007,0.0,0.02528719264183306,1.0,0.005713641330576562,8.767005288062242e-06,0.0,0.005427434308512034,7.909493875167867e-06,0.9750298504158335,0.9750300721087851,True,False,False,4.7809315611945795e-17,1.2037062152420224e-34,7.224940636580806e-18,-1.4727979116162331e-27,0.0
0.9333333333333333,0,0.0,2e-15,12,0.06666666666666665,0.0,0.030785819720649695,1.0,0.004766689056843437,6.056191284052024e-06,0.0,0.004475515908487774,5.338077901122198e-06,0.9696832378631479,0.969683424307961,True,False,False,5.464733399729121e-17,4.81482486096809e-35,1.0977737022968992e-17,-7.20735497895599e-44,0.0
0.9416666666666667,0,0.0,2e-15,12,0.058333333333333355,0.0,0.03809484827728731,1.0,0.003912984533931854,4.0502707072116606e-06,0.0,0.0036167709120218214,3.459720735638069e-06,0.9626216335574739,0.962621787851922,True,False,False,3.4581383460002957e-17,4.81482486096809e-35,4.4953758207825265e-17,-1.1605375945106056e-54,0.0
0.95,0,0.0,2e-15,12,0.050000000000000044,0.0,0.047963828416828676,1.0,0.0031573380954166164,2.6168108357155765e-06,0.0,0.002856010672551778,2.140816824898162e-06,0.9531682640590972,0.9531683895713631,True,False,False,7.446447570621912e-17,2.407412430484045e-34,8.303883739031576e-17,-7.650848275018228e-27,0.0
0.9583333333333334,0,0.0,2e-15,12,0.04166666666666663,0.0,0.061429569159044815,1.0,0.002504797270521497,1.634170808717271e-06,0.0,0.0021982840022870364,1.258484879536464e-06,0.9404191779205585,0.9404192783069673,True,False,False,7.633497974053182e-17,1.1102230246251565e-16,1.316584000454391e-16,-7.122403700562158e-26,0.0
0.9666666666666667,0,0.0,2e-15,12,0.033333333333333326,0.0,0.07974774082627345,1.0,0.001960659717167991,9.934314171752262e-07,0.0,0.001648890133165713,7.024951977488297e-07,0.9233492403270103,0.9233493195509215,True,False,False,9.173957388952043e-17,9.62964972193618e-35,4.0785407693943965e-18,-2.3310931824502404e-31,0.0
0.975,0,0.0,2e-15,12,0.025000000000000022,0.0,0.1038288125620993,1.0,0.00153048695057314,6.005263840765981e-07,0.0,0.0012133924760729057,3.7739855130631545e-07,0.9013795890768614,0.9013796514288028,True,False,False,1.1053605837125982e-16,9.62964972193618e-35,8.858926084879186e-17,-1.4607375578154952e-25,0.0
0.9833333333333333,0,0.0,2e-15,12,0.01666666666666672,0.0,0.1323821760360582,1.0,0.001220118922498495,3.785942307152644e-07,0.0,0.0008976332336912105,2.0487576466305576e-07,0.8760061425420219,0.87600619266115,True,False,False,7.25722734067952e-17,2.220446049250313e-16,1.1898168255103413e-17,-1.1450766339608611e-29,0.0
0.9916666666666667,0,0.0,2e-15,12,0.008333333333333304,0.0,0.15854204524953341,1.0,0.0010356895105195069,2.7057164533341356e-07,0.0,0.0007077489266502384,1.2632894295083598e-07,0.8533870821637951,0.8533871250607772,True,False,False,1.408342770774066e-16,0.0,8.092409105976089e-17,-2.5320053782745534e-31,0.0
1.0,0,0.0,2e-15,12,0.0,0.0,0.16972196537636802,1.0,0.0009836429813199104,2.4205127104692354e-07,0.0,0.0006501868973080202,1.0573731211892971e-07,0.8438994172381769,0.8438994583195943,True,False,False,4.887626167690865e-17,0.0,7.852945901136452e-17,-1.1159880221780442e-25,0.0
1.0083333333333333,0,0.0,2e-15,12,-0.008333333333333304,0.0,0.15854352923996448,1.0,0.001070751497051627,2.844290306177302e-07,0.0,0.0007317228605682404,1.3280284302037537e-07,0.8533858157464708,0.8533858608408531,True,False,False,5.177121060323383e-17,0.0,8.781895773306515e-17,-2.2014622675703044e-25,0.0
1.0166666666666666,0,0.0,2e-15,12,-0.016666666666666607,0.0,0.13238473240915583,1.0,0.0013041337392772233,4.183685275349204e-07,0.0,0.0009594795766523211,2.2641326224206775e-07,0.8760039031463481,0.8760039585319537,True,False,False,7.161859711477972e-17,0.0,1.9628832002382228e-16,-5.293572336193917e-26,0.0
1.025,0,0.0,2e-15,12,-0.02499999999999991,0.0,0.10383192119292833,1.0,0.0016912747309703973,6.976127296445004e-07,0.0,0.0013409467267469896,4.3845272972960163e-07,0.9013767870248375,0.9013768594593075,True,False,False,5.904761084267442e-17,0.0,5.555564452815618e-17,-3.28071825890452e-36,0.0
1.0333333333333332,0,0.0,2e-15,12,-0.033333333333333215,0.0,0.07975101308722374,1.0,0.002240046943537772,1.213176079546413e-06,0.0,0.0018840020789838209,8.57993413294633e-07,0.9233462188922911,0.9233463156443125,True,False,False,5.800175371907531e-17,0.0,1.2733078032302451e-17,-5.255173608644336e-26,0.0
1.0416666666666667,0,0.0,2e-15,12,-0.04166666666666674,0.0,0.0614327866813746,1.0,0.0029587327828938183,2.0979534144996836e-06,0.0,0.00259693403932948,1.615904442493368e-06,0.940416152105722,0.9404162809888467,True,False,False,6.442710541980666e-17,1.1102230246251565e-16,4.505282211401348e-17,-3.4056632194205794e-31,0.0
1.05,0,0.0,2e-15,12,-0.050000000000000044,0.0,0.04796689102496813,1.0,0.0038560485563276002,3.5317856503817497e-06,0.0,0.003488465689732017,2.8899183121421143e-06,0.9531653448826836,0.953165514291461,True,False,False,4.447767867356976e-17,0.0,4.3910549684535727e-17,-9.387715572556664e-31,0.0
1.0583333333333333,0,0.0,2e-15,12,-0.058333333333333355,0.0,0.0380977207533438,1.0,0.004941170030309049,5.747026125892436e-06,0.0,0.004567780424344608,4.910198765761479e-06,0.9626188684538514,0.9626190874024478,True,False,False,8.169638346543826e-17,4.81482486096809e-35,2.5904192236600206e-18,-5.68871704447255e-26,0.0
1.0666666666666667,0,0.0,2e-15,12,-0.06666666666666665,0.0,0.030788498450744425,1.0,0.006223759698562811,9.034655855522752e-06,0.0,0.0058445493039032265,7.965458562725714e-06,0.9696806403469552,0.969680918510443,True,False,False,5.169465897041108e-17,0.0,4.401189386792892e-17,-1.8139729869455627e-32,0.0
1.075,0,0.0,2e-15,12,-0.07499999999999996,0.0,0.02528968791954462,1.0,0.007713995889770181,1.3751000748509286e-05,0.0,0.007328960258450697,1.2409680365943284e-05,0.975027417448615,0.9750277652071325,True,False,False,5.3779677311924034e-17,1.4444474582904269e-34,4.055301650308189e-17,-4.997670390761322e-31,0.0
1.0833333333333333,0,0.0,2e-15,12,-0.08333333333333326,0.0,0.021081608765943928,1.0,0.009422603855227743,2.03251091671895e-05,0.0,0.009031749279661922,1.8669499331121454e-05,0.9791390549788781,0.9791394834648777,True,False,False,6.541811007942428e-17,0.0,4.0497478865719624e-17,-1.889216847928791e-26,0.0
1.0916666666666666,0,0.0,2e-15,12,-0.09166666666666656,0.0,0.01780679319485778,1.0,0.011360888988795179,2.9266854079139085e-05,0.0,0.010964233756133437,2.7252311891907953e-05,0.982350810886159,0.9823513320349772,True,False,False,1.2300582378315926e-16,1.1102230246251565e-16,4.10012538269912e-17,-5.493938837392978e-32,0.0
1.1,0,0.0,2e-15,12,-0.10000000000000009,0.0,0.015217762333013772,1.0,0.01354077234460924,4.117583056740986e-05,0.0,0.013138348118263208,3.8755181782315455e-05,0.9848974426843373,0.9848980692883408,True,False,False,4.481335243399783e-17,2.407412430484045e-35,9.886807345873266e-18,-3.0960855905482034e-27,0.0
1.1083333333333334,0,0.0,2e-15,12,-0.10833333333333339,0.0,0.013141000517193052,1.0,0.015974828632446866,5.6751126674141926e-05,0.0,0.015566681973884946,5.3874621591615764e-05,0.9869449654584573,0.9869457112250423,True,False,False,4.337934842451444e-17,1.1102230246251565e-16,4.177513092642907e-17,-6.811281238970226e-27,0.0
1.1166666666666667,0,0.0,2e-15,12,-0.11666666666666671,0.0,0.011452997689191355,1.0,0.018676326886423244,7.680205354570854e-05,0.0,0.018262520931772833,7.341733618913772e-05,0.9886123382202907,0.9886132178340324,True,False,False,6.060226032575533e-17,0.0,2.2750417629792954e-17,-2.951240159204927e-26,0.0
1.125,0,0.0,2e-15,12,-0.125,0.0,0.010064443439391887,1.0,0.02165927402005431,0.00010225992971329166,0.0,0.021239890327643594,9.831202327904833e-05,0.9899860335884849,0.9899870627777636,True,False,False,8.216124343275501e-17,1.1102230246251565e-16,6.255970723179756e-18,-1.5722232302495384e-32,0.0
1.1333333333333333,0,0.0,2e-15,12,-0.1333333333333333,0.0,0.00890974982911321,1.0,0.02493846149977265,0.00013419102418372705,0.0,0.024513602086530476,0.00012962233625178417,0.9911298243726032,0.991131019981058,True,False,False,3.8396534596278e-17,1.1102230246251565e-16,2.195036979960187e-17,-7.041126212203664e-42,0.0
1.1416666666666666,0,0.0,2e-15,12,-0.1416666666666666,0.0,0.007940032505089739,1.0,0.02852951538993714,0.0001738107739467743,0.0,0.0280993049765689,0.0001685611255058815,0.9920914062896233,0.9920927863528182,True,False,False,7.982884745162281e-17,1.1102230246251565e-16,4.185413379299607e-17,-1.5342736255667575e-31,0.0
1.15,0,0.0,2e-15,12,-0.1499999999999999,0.0,0.007118345901849035,1.0,0.032448950045439566,0.00022249940365659282,0.0,0.03201353853253355,0.00021650608665303353,0.992906929513731,0.9929085133414493,True,False,False,9.746468851077833e-17,3.009265538105056e-34,4.1539697339115866e-17,-5.338308976538801e-27,0.0
1.1583333333333332,0,0.0,2e-15,12,-0.15833333333333321,0.0,0.006416402197530291,1.0,0.03671422575340783,0.00028181908876357586,0.0,0.03627379095313772,0.0002750169576386724,0.9936041389541386,0.9936059472187591,True,False,False,3.1290173321673974e-17,1.2037062152420224e-35,4.48485781647928e-19,-4.024611420004584e-31,0.0
1.1666666666666667,0,0.0,2e-15,12,-0.16666666666666674,0.0,0.005812279208746109,1.0,0.04134381065351117,0.0003535328184234368,0.0,0.040898561304412565,0.00034585442197789055,0.994204579407911,0.9942066342393611,True,False,False,6.670018908629052e-17,1.1102230246251565e-16,1.1330898962905701e-17,-6.14787776612626e-27,0.0
1.175,0,0.0,2e-15,12,-0.17500000000000004,0.0,0.005288796426069017,1.0,0.04635724729726564,0.00043962513128042313,0.0,0.045907426392728636,0.0004310008922117134,0.9947251646345031,0.9947274897223263,True,False,False,1.0507036674537303e-16,6.018531076210112e-35,4.560582303585771e-18,-1.2561440190455612e-26,0.0
1.1833333333333333,0,0.0,2e-15,12,-0.18333333333333335,0.0,0.004832348741106611,1.0,0.0517752242408704,0.0005423249159228098,0.0,0.05132111270554184,0.0005326833665463699,0.9951793082715954,0.9951819289747201,True,False,False,3.6569833992789706e-17,3.611118645726067e-35,4.574900034379951e-18,-4.729524780712986e-27,0.0
1.1916666666666667,0,0.0,2e-15,12,-0.19166666666666665,0.0,0.0044320580108510805,1.0,0.05761965310382325,0.0006641304886807475,0.0,0.05716157385611252,0.0006533985726914359,0.9955777490643963,0.995580692529249,True,False,False,5.0169977514744095e-17,1.0833355937178202e-34,8.069613499310047e-18,-8.28849441140822e-42,0.0
1.2,0,0.0,2e-15,12,-0.19999999999999996,0.0,0.004079148276485461,1.0,0.06391375156731595,0.0008078371847517182,0.0,0.06345207401070205,0.0007959406364379273,0.9959291601479078,0.9959324554355676,True,False,False,2.5401516894398335e-17,1.925929944387236e-34,6.5286564176119605e-18,-4.8048602534811996e-32,0.0
1.2083333333333333,0,0.0,2e-15,12,-0.20833333333333326,0.0,0.0037664803682801924,1.0,0.07068213283264485,0.0009765677247055447,0.0,0.07021727782356096,0.0009634315388278855,0.9962406039218312,0.9962442821449946,True,False,False,7.21885561170798e-17,1.1102230246251565e-16,5.62425075499501e-18,-1.123102944993886e-42,0.0
1.2166666666666666,0,0.0,2e-15,12,-0.21666666666666656,0.0,0.003488201473478656,1.0,0.07795090211114075,0.0011738056475904138,0.0,0.07748334745694548,0.001159354655219591,0.9965178752336349,0.9965219697042244,True,False,False,3.503499138841526e-17,0.0,1.9649096048407716e-18,-7.091611515781399e-34,0.0
1.225,0,0.0,2e-15,12,-0.22500000000000006,0.0,0.0032394785783202017,1.0,0.08574776077402106,0.0014034321345330674,0.0,0.08527804732104309,0.0013875917025531286,0.9967657628710276,0.9967703092593635,True,False,False,8.569354407005467e-17,1.2037062152420224e-35,5.001187881720464e-19,-3.804968083086895e-37,0.0
1.2333333333333334,0,0.0,2e-15,12,-0.23333333333333342,0.0,0.003016293767425067,1.0,0.09410211885378522,0.0016697665833549956,0.0,0.09363085723275373,0.0016524634581324023,0.9969882506763466,0.9969932871828849,True,False,False,9.840791375376623e-17,0.0,6.34881256422615e-19,-3.8801362283985864e-36,0.0
1.2416666666666667,0,0.0,2e-15,12,-0.2416666666666667,0.0,0.0028152856112055582,1.0,0.10304521665908477,0.0019776113358313356,0.0,0.10257309476355808,0.0019587746547901842,0.9971886735890327,0.9971942411297711,True,False,False,6.2520182890179974e-18,2.407412430484045e-35,2.3172235634300705e-18,-1.6481857245429803e-28,0.0
1.25,0,0.0,2e-15,12,-0.25,0.0,0.0026336252246180374,1.0,0.1126102563432808,0.0023323010053924237,0.0,0.11213804762609189,0.002311863503995318,0.9973698397238345,0.9973759821305938,True,False,False,1.2921807774947323e-17,2.407412430484045e-35,1.2736348807651885e-18,-4.3586806816264275e-27,0.0
1.2583333333333333,0,0.0,2e-15,12,-0.2583333333333333,0.0,0.002468918647088206,1.0,0.12283254435416373,0.002739756904987799,0.0,0.12236111703758014,0.0027176563509869163,0.9975341266258622,0.9975408908627734,True,False,False,5.896009500510624e-17,7.222237291452134e-35,2.5271519907136437e-18,-1.1076210293312089e-32,0.0
1.2666666666666666,0,0.0,2e-15,12,-0.2666666666666666,0.0,0.002319129376960608,1.0,0.13374964578967966,0.0032065471332736817,0.0,0.13327997309711162,0.0031827280251695038,0.9976835577259251,0.9976909941235805,True,False,False,2.6913012055439146e-17,1.2037062152420224e-35,3.973555000338463e-19,-2.1868687807702312e-31,0.0
1.275,0,0.0,2e-15,12,-0.2749999999999999,0.0,0.0021825164644362588,1.0,0.1454015517932868,0.003739952943137575,0.0,0.14493472332418916,0.003714368515683089,0.9978198634928757,0.9978280260017502,True,False,False,5.64499982069877e-17,1.925929944387236e-34,5.420512536200664e-18,-1.451602187621254e-35,0.0
1.2833333333333332,0,0.0,2e-15,12,-0.2833333333333332,0.0,0.0020575847076584513,1.0,0.1578308612442423,0.004348042090857943,0.0,0.1573680956295866,0.004320656677315034,0.9979445306686521,0.9979534771335665,True,False,False,1.0536511576788901e-17,0.0,3.2975858555982957e-19,-1.7470257348645192e-36,0.0
1.2916666666666667,0,0.0,2e-15,12,-0.29166666666666674,0.0,0.0019430443327006657,1.0,0.1710829781343706,0.005039749948085595,0.0,0.1706256371280159,0.005010541756944984,0.9980588421558972,0.9980686346134721,True,False,False,8.105120274206596e-17,6.018531076210112e-36,3.9198450319815205e-18,-1.2626991465185822e-27,0.0
1.3,0,0.0,2e-15,12,-0.30000000000000004,0.0,0.001837778156411376,1.0,0.18520632617563368,0.005824969253677553,0.0,0.18475593035742857,0.005793933626890084,0.9981639095238458,0.998174614525102,True,False,False,6.298365543631636e-17,0.0,1.7588499631105837e-19,-7.336747459719154e-32,0.0
1.3083333333333333,0,0.0,2e-15,12,-0.30833333333333335,0.0,0.0017408146919730087,1.0,0.20025258235433696,0.0067146494897694425,0.0,0.1998108286442409,0.006681802720438751,0.9982606996470675,0.9982723886075507,True,False,False,7.91691678524259e-18,9.027796614315168e-35,2.7045301208913373e-18,-1.2110562864748184e-31,0.0
1.3166666666666667,0,0.0,2e-15,12,-0.31666666666666665,0.0,0.0016513060033854774,1.0,0.216276931340585,0.007720906988135406,0.0,0.2158457125499618,0.007686290788365279,0.998350056652216,0.9983628062322771,True,False,False,2.369615748769645e-17,1.8055593228630336e-35,1.2463369570854698e-18,-2.6724106368271835e-37,0.0
1.325,0,0.0,2e-15,12,-0.32499999999999996,0.0,0.0015685093773223498,1.0,0.2333383428785945,0.008857147010931803,0.0,0.23291976955565685,0.008820833735435176,0.9984327200906163,0.9984466126087593,True,False,False,7.24485294033411e-17,0.0,3.206315929630301e-19,-9.250317816229829e-27,0.0
1.3333333333333333,0,0.0,2e-15,12,-0.33333333333333326,0.0,0.0014917720807859974,1.0,0.2514998745280486,0.010138199206758212,0.0,0.2510962993898336,0.01010029795530684,0.9985093400580966,0.9985244639406227,True,False,False,1.0588363971746608e-17,0.0,1.6956704536801055e-19,-1.1349643602415281e-31,0.0
1.3416666666666666,0,0.0,2e-15,12,-0.34166666666666656,0.0,0.0014205186265332818,1.0,0.27082900240269253,0.011580468021381907,0.0,0.27044304768668836,0.011541131763672673,0.9985804898324827,0.998596940103011,True,False,False,7.818381539316787e-17,4.81482486096809e-35,1.932923574033948e-18,-9.406582825550352e-43,0.0
1.35,0,0.0,2e-15,12,-0.3500000000000001,0.0,0.0013542400869075199,1.0,0.2913979828643464,0.013202099845701741,0.0,0.29103257097983654,0.013161533736289917,0.9986466764824007,0.9986645552952431,True,False,False,1.7330013778072953e-17,3.611118645726067e-35,1.976777302387625e-18,-1.6489325296979543e-27,0.0
1.3583333333333334,0,0.0,2e-15,12,-0.3583333333333334,0.0,0.0012924850889915887,1.0,0.31328424848361985,0.015023168915338983,0.0,0.3129426363969834,0.014981639994602794,0.9987083498101241,0.9987277670319366,True,False,False,6.482235235160271e-17,1.8055593228630336e-35,9.678379552960896e-19,-6.1040130278106936e-27,0.0
1.3666666666666667,0,0.0,2e-15,12,-0.3666666666666667,0.0,0.001234852196185645,1.0,0.3365708419788729,0.017065884241027913,0.0,0.33625665982971265,0.017023732751475337,0.998765909920055,0.9987869837646899,True,False,False,5.615317850827652e-17,1.1102230246251565e-16,2.3061521058465753e-18,-2.644976297279571e-37,0.0
1.375,0,0.0,2e-15,12,-0.375,0.0,0.0011809834381066914,1.0,0.3613468922993412,0.019354820151859572,0.0,0.36106418681684305,0.019312472738418334,0.998819713648391,0.9988425713704379,True,False,False,7.187588567146333e-17,1.2037062152420224e-35,2.706733209445469e-18,-1.475134089935905e-31,0.0
1.3833333333333333,0,0.0,2e-15,12,-0.3833333333333333,0.0,0.0011305587956327021,1.0,0.38770813753502065,0.021917173380406555,0.0,0.38746142090805713,0.021875158489791127,0.9988700800451907,0.9988948586983314,True,False,False,6.504932663759644e-17,1.1102230246251565e-16,5.158812596308703e-18,-4.8710750491296835e-32,0.0
1.3916666666666666,0,0.0,2e-15,12,-0.3916666666666666,0.0,0.0010832914836369255,1.0,0.41575749992424793,0.024783050016836325,0.0,0.4155518048765029,0.0247420158660404,0.9989172950647622,0.998944142331784,True,False,False,3.0970691537615875e-17,1.1102230246251565e-16,1.0896167239389108e-18,-2.1805372255594293e-31,0.0
1.4,0,0.0,2e-15,12,-0.3999999999999999,0.0,0.0010389239025052684,1.0,0.4456057189010838,0.027985786116553203,0.0,0.4454466608362511,0.027946521665626816,0.9989616155920849,0.9989906906942118,True,False,False,4.467084090898532e-17,1.1102230246251565e-16,2.5282234251825695e-19,-1.403266898056875e-48,0.0
1.4083333333333332,0,0.0,2e-15,12,-0.4083333333333332,0.0,0.0009972241524521764,1.0,0.47737204889143914,0.03156230627237763,0.0,0.4772658961062531,0.03152576571392102,0.9990032729103115,0.9990347476044334,True,False,False,6.546820719812157e-17,4.81482486096809e-35,1.8536254492925855e-18,-3.764091861562374e-33,0.0
1.4166666666666667,0,0.0,2e-15,12,-0.41666666666666674,0.0,0.0009579830231410263,1.0,0.5111850294445857,0.035553525069191,0.0,0.5111387825625001,0.03552085643886077,0.9990424756961018,0.9990765353695309,True,False,False,1.4126247357525348e-16,0.0,2.2460123649970605e-18,-1.3246507256815638e-37,0.0
1.425,0,0.0,2e-15,12,-0.42500000000000004,0.0,0.000921011386096572,1.0,0.5471833362930507,0.040004797039821516,0.0,0.5472048182529075,0.03997737566154461,0.9990794126147102,0.9991162574882824,True,False,False,6.362374862867798e-17,0.0,2.7033145732364774e-19,-1.8663695716459318e-32,0.0
1.4333333333333333,0,0.0,2e-15,12,-0.43333333333333335,0.0,0.0008861379295868416,1.0,0.5855167230898435,0.044966421551664,0.0,0.5856146812368396,0.04494588916177725,0.9991142545746821,0.9991541010263768,True,False,False,2.388104586153365e-17,1.2037062152420224e-35,4.356825542422583e-19,-3.830829367465155e-32,0.0
1.4416666666666667,0,0.0,2e-15,12,-0.4416666666666667,0.0,0.0008532071856108384,1.0,0.6263470649022018,0.050494209993002095,0.0,0.6265312869787953,0.0504825205435516,0.9991471566921449,0.9991902387149427,True,False,False,8.606698570387503e-17,1.1102230246251565e-16,1.7799599285924654e-18,-1.699226914884791e-54,0.0
1.45,0,0.0,2e-15,12,-0.44999999999999996,0.0,0.0008220778067966364,1.0,0.6698495160748502,0.05665012371870144,0.0,0.670130962204155,0.056649597046990706,0.9991782600065876,0.9992248308160491,True,False,False,6.501298654062314e-17,0.0,3.119066736706987e-19,-5.109247011429298e-38,0.0
1.4583333333333333,0,0.0,2e-15,12,-0.45833333333333326,0.0,0.0007926210577393312,1.0,0.7162137968476022,0.06350299248357734,0.0,0.7166047499500346,0.06351637725929639,0.9992076929833539,0.9992580267924258,True,False,False,1.1812262865632344e-16,6.018531076210112e-36,1.776747604259038e-18,-6.958517284378891e-28,0.0
1.4666666666666666,0,0.0,2e-15,12,-0.4666666666666665,0.0,0.0007647194908650824,1.0,0.7656456251633142,0.07112932457023621,0.0,0.7661598626592362,0.0711598722011694,0.9992355728325649,0.9992899668134358,True,False,False,7.937224583662849e-18,1.8055593228630336e-35,1.2626020723664927e-18,-1.0814669148214904e-36,0.0
1.475,0,0.0,2e-15,12,-0.4750000000000001,0.0,0.0007382657815151264,1.0,0.8183683124814117,0.07961422154467551,0.0,0.8190213026212496,0.07966577304700007,0.9992620066696157,0.9993207831251041,True,False,False,5.681670351453369e-17,6.018531076210112e-36,1.184490160702085e-18,-6.07541377043857e-27,0.0
1.4833333333333334,0,0.0,2e-15,12,-0.4833333333333334,0.0,0.0007131617007773098,1.0,0.8746245451780847,0.0890524125932012,0.0,0.8754336719223708,0.08912950082495157,0.9992870925385869,0.9993506013086102,True,False,False,6.613297774810225e-17,0.0,1.2324107420136215e-18,-3.905897555015735e-32,0.0
1.4916666666666667,0,0.0,2e-15,12,-0.49166666666666664,0.0,0.0006893172077927635,1.0,0.9346783763364584,0.09954942576324464,0.0,0.9356631974008005,0.0996573958948197,0.999310920316734,0.9993795414489385,True,False,False,8.872973401483869e-17,9.027796614315168e-35,2.674395957594183e-18,-4.2270521078939764e-27,0.0
1.5,0,0.0,2e-15,12,-0.5,0.0,0.0006666496459450753,1.0,0.9988174564925774,0.11122291621477494,0.0,1.0,0.11136806788716863,0.9993335725155594,0.999407719233275,True,False,False,2.2885114047673297e-17,3.611118645726067e-35,2.0431331923472893e-18,-3.319031510347954e-29,0.0
1.5083333333333333,0,0.0,2e-15,12,-0.5083333333333333,0.0,0.0006450830295901196,1.0,1.067355536306536,0.12420417486826248,0.0,1.0687606424811,0.12439393019148161,0.9993551249917346,0.9994352469971464,False,True,False,8.611504464416911e-17,0.0,1.5389284856542217e-18,-4.306283576318244e-28,0.0
1.5166666666666666,0,0.0,2e-15,12,-0.5166666666666666,0.0,0.0006245474098808702,1.0,1.1406352792944006,0.13863984470667093,0.0,1.1422909948209932,0.13888294710679466,0.9993756475792573,0.9994622347351751,False,True,False,5.606865003346395e-17,0.0,1.5603066438718258e-19,-4.580821840773924e-32,0.0
1.525,0,0.0,2e-15,12,-0.5249999999999999,0.0,0.000604978309843539,1.0,1.2190314288325068,0.15469387657061837,0.0,1.2209694629425807,0.1550006265408634,0.9993952046526362,0.999488791092627,False,True,False,5.89826564258176e-17,0.0,5.309065564181541e-19,-5.06445547405723e-27,0.0
1.5333333333333332,0,0.0,2e-15,12,-0.5333333333333332,0.0,0.0005863162202186245,1.0,1.3029543808099715,0.1725497617213839,0.0,1.3052106338866856,0.17293229681648858,0.9994138556295487,0.9995150243536408,False,True,False,1.2833275324427513e-16,0.0,1.6797280555648618e-19,-6.170107461414187e-27,0.0
1.5416666666666667,0,0.0,2e-15,12,-0.5416666666666667,0.0,0.0005685061487334539,1.0,1.3928542217749922,0.19241308491150982,0.0,1.3954693993721436,0.19288571290389725,0.999431655420268,0.999541043442137,False,True,False,5.959342754324527e-18,0.0,5.817538900521306e-19,-7.142021224647138e-27,0.0
1.55,0,0.0,2e-15,12,-0.55,0.0,0.0005514972164549224,1.0,1.4892253024605802,0.2145144494125721,0.0,1.4922456301837768,0.21509404547681715,0.9994486548301825,0.9995669589519229,False,True,False,5.797281321506934e-18,4.81482486096809e-35,2.127580187830313e-18,-6.586403221136005e-31,0.0
1.5583333333333333,0,0.0,2e-15,12,-0.5583333333333333,0.0,0.0005352422957097876,1.0,1.5926114285108715,0.23911283466920186,0.0,1.5960894863241595,0.2398193158718476,0.9994649009208948,0.9995928842234568,False,True,False,2.7058567103159335e-17,1.1102230246251565e-16,1.9343429094037978e-18,-2.034214941290786e-49,0.0
1.5666666666666667,0,0.0,2e-15,12,-0.5666666666666667,0.0,0.0005196976847779498,1.0,1.7036117644585396,0.26649945830419053,0.0,1.7076074627910003,0.26735635166832905,0.9994804373346731,0.9996189364861483,False,True,False,2.0057103564652958e-17,1.2037062152420224e-35,1.350295922920455e-18,-5.938302177714301e-27,0.0
1.575,0,0.0,2e-15,12,-0.575,0.0,0.000504822815180431,1.0,1.8228875640192894,0.297002227496038,0.0,1.8274692887258526,0.2980373516371108,0.9994953045864177,0.9996452380870171,False,True,False,9.287052815496192e-17,0.0,2.429144143090625e-19,-4.2378777752336886e-32,0.0
1.5833333333333333,0,0.0,2e-15,12,-0.5833333333333333,0.0,0.0004905799879140581,1.0,1.951169860179439,0.33099088079003175,0.0,1.95641581917671,0.332237165777411,0.9995095403267727,0.9996719178290704,False,True,False,7.735240078062807e-17,2.407412430484045e-35,1.2720946204952894e-18,-3.6860628189387846e-43,0.0
1.5916666666666666,0,0.0,2e-15,12,-0.5916666666666666,0.0,0.0004769341354423258,1.0,2.089268273112864,0.3688829408132465,0.0,2.095268084643051,0.3703794167548944,0.9995231795795635,0.9996991124460197,False,True,False,1.5106253427528635e-17,4.81482486096809e-35,1.532928987521023e-18,-2.7114801005862553e-27,0.0
1.6,0,0.0,2e-15,12,-0.6000000000000001,0.0,0.00046385260664754026,1.0,2.2380811236166056,0.41115062192662644,0.0,2.244937694947962,0.41294361413015807,0.999536254956341,0.9997269682440464,False,True,False,6.341450116196801e-17,1.2037062152420224e-35,3.7169437370578703e-19,-9.600103034959717e-32,0.0
1.6083333333333334,0,0.0,2e-15,12,-0.6083333333333334,0.0,0.00045130497229243767,1.0,2.39860707567911,0.4583288655482525,0.0,2.4064388320902323,0.4604734434090441,0.9995487968504783,0.9997556429464454,False,True,False,5.639197094306199e-17,0.0,1.5465844401297996e-19,1.7636270934742197e-67,0.0
1.6166666666666667,0,0.0,2e-15,12,-0.6166666666666667,0.0,0.0004392628488378697,1.0,2.571958575473521,0.5110247109628838,0.0,2.580902113186891,0.5135864495283816,0.9995608336129628,0.9997853077833269,False,True,False,1.0282978541649218e-16,1.2037062152420224e-35,1.2295217508711897e-18,-1.0108076012791647e-31,0.0
1.625,0,0.0,2e-15,12,-0.625,0.0,0.00042769973872348074,1.0,2.7593774073702906,0.569928252466499,0.0,2.76959066147225,0.5729853806616352,0.9995723917117715,0.9998161498764425,False,True,False,1.689798555801232e-17,0.0,3.8210407035979455e-19,-3.675155017970879e-27,0.0
1.6333333333333333,0,0.0,2e-15,12,-0.6333333333333333,0.0,0.00041659088544624854,1.0,2.962252752858967,0.6358254866809305,0.0,2.9739187931814373,0.639471515425159,0.9995834958764882,0.9998483749789739,False,True,False,8.052523692482781e-17,1.2037062152420224e-35,9.828932371457789e-19,-9.279983993810255e-37,0.0
1.6416666666666666,0,0.0,2e-15,12,-0.6416666666666666,0.0,0.00040591314197220156,1.0,3.1821422185754487,0.7096134193675017,0.0,3.1954738143493193,0.7139603675610039,0.9995941692296216,0.9998822106422627,False,True,False,7.835416721994703e-17,0.0,2.009888113551122e-18,-6.2628952173710605e-28,0.0
1.65,0,0.0,2e-15,12,-0.6499999999999999,0.0,0.00039564485119379645,1.0,3.420796398808048,0.7923178823479081,0.0,3.4360415283871504,0.797500250678139,0.9996044334059093,0.999917909896569,False,True,False,5.464349199733624e-18,1.2037062152420224e-35,1.1103020441447263e-18,-3.730898244963819e-28,0.0
1.6583333333333332,0,0.0,2e-15,12,-0.6583333333333332,0.0,0.00038576573730301453,1.0,3.6801876608644313,0.885114612431766,0.0,3.6976361882983615,0.8912942964686532,0.999614308660732,0.9999557555517944,False,True,False,9.55930267825137e-17,1.2037062152420224e-35,8.612609530537195e-19,-7.46542921391123e-32,0.0
1.6666666666666667,0,0.0,2e-15,12,-0.6666666666666667,0.0,0.0003762568070915998,1.0,3.9625439949304213,0.9893542710286122,0.0,3.982535793757254,0.9967266592677,0.999623813968624,0.9999960652477237,False,True,False,1.0553475436287127e-16,1.2037062152420224e-35,1.3627963074452027e-18,-2.7825656125605215e-27,0.0
1.675,0,0.0,2e-15,12,-0.675,0.0,0.0003671002603179813,1.0,4.270388961863351,1.1065922425168628,0.0,4.293323842401649,1.1153938161507269,0.9996329671127381,1.0000391974130318,False,False,False,3.884369312892999e-17,0.0,2.0461724562300518e-19,-2.997525676847383e-32,0.0
1.6833333333333333,0,0.0,2e-15,12,-0.6833333333333333,0.0,0.00035827940839820943,1.0,4.606589013603745,1.2386242507855663,0.0,4.632938908937235,1.2491420958584718,0.9996417847660046,1.0000855583298038,False,False,False,1.353080772390218e-16,0.0,1.4611101383386452e-19,-2.0416822952924342e-30,0.0
1.6916666666666667,0,0.0,2e-15,12,-0.6916666666666667,0.0,0.0003497786007884744,1.0,4.974409765826679,1.3875290889377323,0.0,5.004733761354246,1.4001128561904288,0.9996502825646146,1.0001356105478967,False,False,False,6.193301461753842e-17,7.222237291452134e-35,2.956176833964748e-18,-5.32421377465641e-27,0.0
1.7,0,0.0,2e-15,12,-0.7,0.0,0.0003415831585323313,1.0,5.3775831899339135,1.5557200832012832,0.0,5.4125461524585505,1.5707970974746448,0.9996584751743527,1.0001898829541647,False,False,False,1.4214463304289528e-17,0.0,1.285943848752206e-19,-1.211583241373861e-31,0.0
1.7083333333333333,0,0.0,2e-15,12,-0.7083333333333333,0.0,0.0003336793145497763,1.0,5.820388186549103,1.7460073302725465,0.0,5.860783976148477,1.7641017753729358,0.9996663763502012,1.0002489828793655,False,False,False,6.931267013887369e-18,4.81482486096809e-35,2.0937740549673768e-18,-1.123373461473883e-26,0.0
1.7166666666666666,0,0.0,2e-15,12,-0.7166666666666666,0.0,0.0003260541603512974,1.0,6.307747638806454,1.9616732865966349,0.0,6.354528190731877,1.9834306949572278,0.9996739989895297,1.0003136107258745,False,False,False,4.750823543552573e-18,1.1102230246251565e-16,3.4276908245445357e-18,-7.897156245645244e-32,0.0
1.7249999999999999,0,0.0,2e-15,12,-0.7249999999999999,0.0,0.0003186955989722097,1.0,6.845345865990807,2.206564987521748,0.0,6.8996578395034005,2.23278367796519,0.9996813551790757,1.0003845777294451,False,False,False,8.511831844855793e-17,2.407412430484045e-35,7.982374629467562e-19,-1.7567192283549483e-26,0.0
1.7333333333333334,0,0.0,2e-15,12,-0.7333333333333334,0.0,0.000311592304046229,1.0,7.439771467576409,2.485207086818534,0.0,7.503002714979326,2.516878762856073,0.999688456235794,1.0004628276380079,False,False,False,5.732342207684944e-17,1.1102230246251565e-16,1.3852960034577394e-18,-1.5052192387844854e-31,0.0
1.7416666666666667,0,0.0,2e-15,12,-0.7416666666666667,0.0,0.0003047336850791842,1.0,8.098691947796217,2.802941105055365,0.0,8.172530818698513,2.8413036149528184,0.9996953127415142,1.0005494633135177,False,False,False,8.962283483868595e-17,2.407412430484045e-35,1.8175495641705855e-18,-1.650086879870566e-30,0.0
1.75,0,0.0,2e-15,12,-0.75,0.0,0.00029810985915301605,1.0,8.831068356185874,3.166097858193224,0.0,8.917579904140613,3.2127042206493535,0.9997019345711758,1.0006457795577466,False,False,False,1.4362765756540025e-16,0.0,3.9288488400427784e-19,-6.362500152456868e-32,0.0
1.7583333333333333,0,0.0,2e-15,12,-0.7583333333333333,0.0,0.00029171162949915815,1.0,9.647420628905177,3.5822121431660636,0.0,9.749145253978218,3.639021497699721,0.9997083309142013,1.000753303855696,False,False,False,2.167839477266632e-17,2.407412430484045e-35,2.5163751808206077e-18,-1.1047972733655117e-31,0.0
1.7666666666666666,0,0.0,2e-15,12,-0.7666666666666666,0.0,0.0002855304716461076,1.0,10.560157590829752,4.060291577101718,0.0,10.680239715355102,4.129789932975475,0.9997145102882995,1.00087384725733,False,False,False,5.606023094951562e-17,9.62964972193618e-35,2.9173841970873793e-18,-4.560010011025105e-32,0.0
1.775,0,0.0,2e-15,12,-0.7749999999999999,0.0,0.00027955852819266095,1.0,11.583989991661346,4.6111552908601885,0.0,11.72634730055834,4.6965171342655685,0.9997204805446516,1.0010095683310323,False,False,False,6.745580566267553e-17,1.1102230246251565e-16,1.2780437307337503e-18,-4.441884051937038e-32,0.0
1.7833333333333332,0,0.0,2e-15,12,-0.7833333333333332,0.0,0.0002737886137204716,1.0,12.736450943913969,5.247863347307029,0.0,12.905998938102908,5.353169798867755,0.9997262488629617,1.0011630540938155,False,False,False,1.4837414170793127e-16,0.0,8.470703174584871e-19,-2.792860554216007e-32,0.0
1.7916666666666667,0,0.0,2e-15,12,-0.7916666666666667,0.0,0.0002682142319874705,1.0,14.038556341357621,5.986264834199486,0.0,14.241509084313376,6.116800861470983,0.999731821734234,1.0013374231592125,False,False,False,7.172256551622576e-17,0.0,5.97928593987185e-19,-3.792579351868431e-31,0.0
1.8,0,0.0,2e-15,12,-0.8,0.0,0.000262829608411075,1.0,15.515649180273,6.845702351928875,0.0,15.75992614254558,7.008365682804911,0.9997372049282647,1.001536458196721,False,False,False,1.7919078361193873e-17,0.0,9.001561884196804e-19,-1.122621018020885e-26,0.0
1.8083333333333333,0,0.0,2e-15,12,-0.8083333333333333,0.0,0.000257629742066985,1.0,17.19848751894272,7.849924207242112,0.0,17.494269883422135,8.053793882445188,0.9997424034416252,1.0017647773903824,False,False,False,1.3349890448328368e-16,4.81482486096809e-35,2.6317527768112564e-18,-3.198391665392378e-31,0.0
1.8166666666666667,0,0.0,2e-15,12,-0.8166666666666667,0.0,0.0002526104831618849,1.0,19.124658057627137,9.028274679318079,0.0,19.485158198684502,9.285410561406522,0.9997474214201798,1.0020280582490406,False,False,False,7.301378987989091e-17,0.0,1.0290082454895837e-18,-3.699966188934211e-27,0.0
1.825,0,0.0,2e-15,12,-0.825,0.0,0.00024776864444108333,1.0,21.340428914457885,10.41725964931844,0.0,21.78296799836273,10.743840477832364,0.9997522620476746,1.0023333323497772,False,False,False,1.2879375894583294e-17,0.0,1.6472598229508977e-19,-3.0773443280247296e-37,0.0
1.8333333333333333,0,0.0,2e-15,12,-0.8333333333333333,0.0,0.00024310215866074516,1.0,23.903200465020582,12.06262321084141,0.0,24.450737828083682,12.480587959939177,0.9997569273882747,1.0026893771299414,False,False,False,9.255237563956365e-17,1.1102230246251565e-16,1.0026264842991486e-18,-5.574759640104518e-31,0.0
1.8416666666666666,0,0.0,2e-15,12,-0.8416666666666666,0.0,0.00023861029971353358,1.0,26.884778654866906,14.022125799066824,0.0,27.568113883985873,14.561574720288684,0.9997614181654599,1.0031072418049962,False,False,False,1.3261063553568067e-16,0.0,4.303622478604602e-19,-7.517063221109806e-31,0.0
1.8499999999999999,0,0.0,2e-15,12,-0.8499999999999999,0.0,0.0002342939932480868,1.0,30.375790890904685,16.369293497996278,0.0,31.23678436808078,17.072054759523574,0.9997657334514461,1.0036009605917415,False,False,False,5.115784647904892e-17,0.0,8.004688656719212e-19,-8.49216638757706e-33,0.0
1.8583333333333334,0,0.0,2e-15,12,-0.8583333333333334,0.0,0.00023015625530056587,1.0,34.491705480067345,19.198522528902544,0.0,35.588068844900874,20.123539144074353,0.9997698702286185,1.0041885302811744,False,False,False,9.526593567177224e-17,1.88079096131566e-37,7.317903340338242e-21,-7.477149873094547e-27,0.0
1.8666666666666667,0,0.0,2e-15,12,-0.8666666666666667,0.0,0.00022620281727125084,1.0,39.38112427626901,22.632088053318615,0.0,40.79367840230512,23.863702360907897,0.9997738227646571,1.0048932648430489,False,False,False,7.595159720331093e-17,0.0,3.761588735788985e-19,-7.274942653336955e-37,0.0
1.875,0,0.0,2e-15,12,-0.875,0.0,0.00022244302710721275,1.0,45.23732848492316,26.82984314623507,0.0,47.08122238741059,28.490789933863628,0.9997775817115085,1.0057456932377689,False,False,False,1.7302243914577248e-16,0.0,6.994291690365906e-19,-4.2137890799449215e-31,0.0
1.8833333333333333,0,0.0,2e-15,12,-0.8833333333333334,0.0,0.00021889116765520325,1.0,52.31451814588845,32.002726542033685,0.0,54.756952982335434,34.274950720629974,0.9997811327872685,1.0067862469682045,False,False,False,5.891938280030057e-17,0.0,7.832953771401754e-20,-1.4958179734306368e-40,0.0
1.8916666666666666,0,0.0,2e-15,12,-0.8916666666666666,0.0,0.00021556841755502167,1.0,60.95086174376704,38.43164511964128,0.0,64.23976552470369,41.59043881024687,0.9997844548156468,1.008069103738124,False,False,False,1.4982632434473864e-16,0.0,9.07337950357713e-19,-6.941161376206335e-32,0.0
1.9,0,0.0,2e-15,12,-0.8999999999999999,0.0,0.00021250582205528616,1.0,71.60143454797172,46.49383903007351,0.0,76.11306923812826,50.96524587282215,0.9997875167557075,1.0096677282392994,False,False,False,1.3604903862442043e-16,0.0,4.116833431380458e-19,-2.138023147385726e-31,0.0
1.9083333333333332,0,0.0,2e-15,12,-0.9083333333333331,0.0,0.00020974888411550888,1.0,84.88539614240044,56.69931702268371,0.0,91.20564393663979,63.15931563247502,0.9997902731116438,1.011682891587263,False,False,False,6.001485607119235e-17,0.0,1.0638651800364989e-18,-1.0730988638054245e-30,0.0
1.9166666666666667,0,0.0,2e-15,12,-0.9166666666666667,0.0,0.00020736480712795196,1.0,101.6531281514404,69.73979781784293,0.0,110.72052257383218,79.29069718049267,0.9997926566914677,1.014254236415107,False,False,False,1.920105533823974e-18,1.1102230246251565e-16,7.983122942844314e-19,-1.6359519463421967e-36,0.0
1.925,0,0.0,2e-15,12,-0.925,0.0,0.0002054541517878237,1.0,123.07949159282398,86.55344564405274,16.345881615401957,136.44500239265778,101.04383993036727,0.999794566952471,1.0175773317115835,False,False,True,7.857532649112522e-17,1.1754943508222875e-38,6.280139893900501e-19,-5.257567458383222e-35,0.0
1.9333333333333333,0,0.0,2e-15,12,-0.9333333333333332,0.0,0.00020416991342890774,1.0,150.78529000831452,108.37641326345741,20.762350126079642,171.09959177385278,131.02104287292727,0.9997958509278294,1.0219230538415651,False,False,True,3.821007628567081e-17,0.0,7.153291056576791e-19,-7.43839630448405e-31,0.0
1.9416666666666667,0,0.0,2e-15,12,-0.9416666666666667,0.0,0.0002037489726524302,1.0,186.96952256174805,136.78855736470376,26.47259453734105,218.9247089615703,173.3446982422889,0.9997962717827599,1.0276667998164264,False,False,True,3.799037517479024e-18,0.0,1.835587585591674e-18,-8.61769120195326e-31,0.0
1.95,0,0.0,2e-15,12,-0.95,0.0,0.00020456306674702883,1.0,234.4696381878296,173.5778545317079,33.731229303776196,286.6589753035006,234.68801635610944,0.9997954578548505,1.0353030760972264,False,False,True,1.446514712330665e-16,0.0,3.580821258781834e-19,2.1539259719930847e-65,0.0
1.9583333333333333,0,0.0,2e-15,12,-0.9583333333333331,0.0,0.00020719457096406813,1.0,296.4825220173294,220.1764036746303,42.58873464093372,385.06946455143475,325.95823801178193,0.9997928268923487,1.0454121823881253,False,False,True,8.364346046969759e-17,0.0,7.634013985670236e-19,-2.57646403503597e-35,0.0
1.9666666666666666,0,0.0,2e-15,12,-0.9666666666666667,0.0,0.00021251430071986396,1.0,375.25823106142695,276.0976307278127,52.49628500722199,530.7849769143387,464.54625556395456,0.9997875082788447,1.058462203203377,False,False,True,2.2101745154206435e-17,1.1102230246251565e-16,8.682724888979142e-19,-2.7419446610383797e-35,0.0
1.9749999999999999,0,0.0,2e-15,12,-0.9749999999999999,0.0,0.00022159344200130393,1.0,468.5554378402051,336.0095303447149,61.77532509155835,745.7417808281593,674.8049328889009,0.999778431108012,1.0742359394823389,False,False,True,7.338840718679286e-17,0.0,8.945463464023206e-19,-4.3833269207373803e-35,0.0
1.9833333333333334,0,0.0,2e-15,12,-0.9833333333333333,0.0,0.00023477094154279726,1.0,563.8780284491431,387.9470977897802,67.87807361261123,1042.2316684311866,975.051273163548,0.9997652566149982,1.0908439620319004,False,False,True,2.947368940116762e-17,0.0,2.605883063887717e-18,-1.0282520780051806e-34,0.0
1.9916666666666667,0,0.0,2e-15,12,-0.9916666666666668,0.0,0.00024852270845950665,1.0,637.9378601158586,421.4890842650438,70.2453229223386,1366.637635488691,1321.861556827411,0.9997515081707506,1.1045011169784165,False,False,True,5.619010137306737e-17,0.0,9.206061552061724e-19,-4.696888988122073e-42,0.0
2.0,0,0.0,2e-15,12,-1.0,0.0,0.0002526708211029289,1.0,671.7117718451486,443.81647092289705,73.35948007781525,1538.0193051264444,1538.0193051264444,0.9997473610974806,1.1118868332245733,False,False,True,1.3247803725607864e-17,2.350988701644575e-38,3.3547303480361046e-19,-4.4742186153181414e-29,0.0
2.0083333333333333,0,0.0,2e-15,12,-1.0083333333333333,0.0,0.00024038390780380285,1.0,659.5430212602986,465.7736850583819,81.60247068673978,1412.9304366916972,1460.7913371388418,0.9997596449820928,1.1117241435486043,False,False,True,6.4632477776964586e-18,1.1102230246251565e-16,1.737293213487973e-18,-6.546575835242437e-30,0.0
2.0166666666666666,0,0.0,2e-15,12,-1.0166666666666666,0.0,0.00021964443998084263,1.0,602.7228917742196,473.75903271616465,91.60349952052395,1114.0407490126477,1190.7974282999864,0.9997803796800931,1.1038389171069007,False,False,True,3.6883284754327287e-17,1.1102230246251565e-16,9.369735190194522e-19,-8.955747129277896e-35,0.0
2.025,0,0.0,2e-15,12,-1.025,0.0,0.00020052318351028705,1.0,517.8050689830635,453.46811435829665,96.85304713947058,824.1356524942877,910.7704451773063,0.9997994969199195,1.090730366831452,False,False,True,8.617573182869007e-17,1.504632769052528e-36,2.6036566139904315e-18,-4.5706616849260685e-31,0.0
2.033333333333333,0,0.0,2e-15,12,-1.0333333333333332,0.0,0.00018600355505190801,1.0,428.7606911710043,411.8006655003516,95.6244004321154,606.4685450449629,692.9436817657139,0.9998140137425369,1.0764104014983438,False,False,True,3.1797918650805023e-17,1.1102230246251565e-16,5.833706821787846e-19,-1.50105375203516e-30,0.0
2.0416666666666665,0,0.0,2e-15,12,-1.0416666666666665,0.0,0.0001753996291206969,1.0,350.2446771296176,362.95169683195735,90.13853001698178,454.9002762880654,537.3946272473509,0.9998246157524949,1.063486208765548,False,False,True,4.8413854886298615e-17,0.0,1.2302477088695576e-18,-5.121526104343047e-41,0.0
2.05,0,0.0,2e-15,12,-1.0499999999999998,0.0,0.0001674883724110975,1.0,286.3893783453348,316.2687683851987,82.95929594024777,350.1387475931695,427.67592550106815,0.9998325256529833,1.0528038669142825,False,False,True,2.0424816356095344e-18,0.0,1.22134769672967e-18,-7.668805885459542e-52,0.0
2.058333333333333,0,0.0,2e-15,12,-1.0583333333333331,0.0,0.00016134219098384604,1.0,236.1299321832156,275.50652137374743,75.66521985922621,276.4897264231186,349.1911405530282,0.9998386708239675,1.0442894966127456,False,False,True,6.101409234319827e-17,0.0,4.2542571360601607e-19,-8.002968162003632e-32,0.0
2.0666666666666664,0,0.0,2e-15,12,-1.0666666666666664,0.0,0.00015635986489448254,1.0,196.9079364337034,241.3121881182618,68.97651952921085,223.43792770427123,291.7862457717913,0.9998436523586721,1.0375751934902355,False,False,True,1.6226293361606501e-16,0.0,3.240762820098665e-19,-7.871320838236076e-36,0.0
2.075,0,0.0,2e-15,12,-1.0750000000000002,0.0,0.00015216451099411696,1.0,166.19964576596027,213.07848028179689,63.12837161920385,184.24912088418327,248.80162667226645,0.999847847065438,1.0322708298208871,False,False,True,5.621984311488749e-17,0.0,1.321927635339736e-18,-7.081376668263136e-36,0.0
2.0833333333333335,0,0.0,2e-15,12,-1.0833333333333335,0.0,0.00014851839510635626,1.0,141.94611160219455,189.8532050657377,58.13041016331754,154.6087316033644,215.89366932459498,0.9998514926332045,1.0280481859553658,False,False,True,1.3631342731294806e-17,0.0,8.771750692920173e-19,-1.3956006356362449e-30,0.0
2.091666666666667,0,0.0,2e-15,12,-1.0916666666666668,0.0,0.00014526846639446688,1.0,122.578516655853,170.7029550607794,53.90376829579661,131.70613713268227,190.19115275874222,0.9998547420845583,1.0246524985752412,False,False,True,5.696575832815043e-17,0.0,1.5346313364717628e-18,-1.246413448856166e-31,0.0
2.1,0,0.0,2e-15,12,-1.1,0.0,0.00014231369109518914,1.0,106.93111875496793,154.82160459302222,0.0,113.66960385719244,169.75769037281833,0.9998576964350178,1.0218909304459307,False,False,False,1.0549461656077095e-16,0.0,9.994913363747677e-19,-1.213103770889599e-37,0.0
2.1083333333333334,0,0.0,2e-15,12,-1.1083333333333334,0.0,0.0001395856223429749,1.0,94.1429366601103,141.57658096374328,0.0,99.22346560219937,153.25859373388883,0.9998604241192768,1.0196224792822914,False,False,False,2.6509866218168693e-17,0.0,1.9578966942371157e-18,-3.584287781767409e-31,0.0
2.1166666666666667,0,0.0,2e-15,12,-1.1166666666666667,0.0,0.00013703670508577998,1.0,83.57613079401241,130.4474334853933,0.0,87.47857653680046,139.75396613784463,0.9998629726840146,1.0177390591557494,False,False,False,1.879994560361712e-17,0.0,6.025270451057262e-19,-8.654453192190375e-31,0.0
2.125,0,0.0,2e-15,12,-1.125,0.0,0.00013463309796348557,1.0,74.75459973067743,121.03169183583347,0.0,77.80203731235099,128.5683910273973,0.9998653759646653,1.0161602475882854,False,False,False,1.3786936386521227e-16,0.0,1.0452766800834701e-18,-6.409136489296724e-31,0.0
2.1333333333333333,0,0.0,2e-15,12,-1.1333333333333333,0.0,0.00013235016915250008,1.0,67.31951915534336,113.01363686226391,0.0,69.73453542216338,119.20732870880727,0.9998676585887447,1.0148250325440045,False,False,False,9.298936070869716e-17,0.0,1.8049937484139073e-18,-5.503902019283534e-37,0.0
2.1416666666666666,0,0.0,2e-15,12,-1.1416666666666666,0.0,0.00013016960616058572,1.0,60.99759125996396,106.14480941451724,0.0,62.93677444319464,111.30240290858316,0.999869838865535,1.0136866669030131,False,False,False,1.4592968598955168e-17,0.0,1.454277147058242e-18,-1.0256488589550532e-36,0.0
2.15,0,0.0,2e-15,12,-1.15,0.0,0.00012807752069918796,1.0,55.578416848129166,100.22863108192388,0.0,57.154028112150186,104.57487848148648,0.9998719306808763,1.0127089652529226,False,False,False,4.9381504947036367e-17,0.0,1.4385904613330427e-18,-7.173963951640927e-35,0.0
2.158333333333333,0,0.0,2e-15,12,-1.1583333333333332,0.0,0.00012606318034887805,1.0,50.898304467528384,95.10856280316817,0.0,52.19221943499729,98.8108138632317,0.9998739447652799,1.0118636326706583,False,False,False,6.205838360628401e-17,0.0,1.454830515494603e-18,-2.8135156585088264e-31,0.0
2.1666666666666665,0,0.0,2e-15,12,-1.1666666666666665,0.0,0.00012411814330877654,1.0,46.82860214168711,90.65908068469854,0.0,47.90147565616752,93.84384987363936,0.9998758895590293,1.0111283263276947,False,False,False,8.660703285127245e-17,0.0,3.4375616835722424e-19,-1.1445319772990443e-35,0.0
2.175,0,0.0,2e-15,12,-1.1749999999999998,0.0,0.00012223565751810368,1.0,43.267214170297464,86.77881764645059,0.0,44.16462584275339,89.54308595490774,0.9998777718129555,1.010485237646613,False,False,False,3.300286856690502e-17,0.0,8.762072252407409e-19,-1.3582242286519774e-31,0.0
2.183333333333333,0,0.0,2e-15,12,-1.1833333333333331,0.0,0.00012041023640971877,1.0,40.13237442157822,83.38534339913461,0.0,40.88902558663504,85.8044054031528,0.9998795970126119,1.0099200459244073,False,False,False,1.1692051752388455e-16,0.0,9.908641222797854e-19,-9.376168800253703e-54,0.0
2.1916666666666664,0,0.0,2e-15,12,-1.1916666666666664,0.0,0.00011863735473309394,1.0,37.35803090624179,80.4111758492581,0.0,38.000659468217314,82.54417758741764,0.9998813696823996,1.0094211388761332,False,False,False,6.472418262121283e-17,0.0,6.882479211970538e-19,-6.379632879100994e-31,0.0
2.2,0,0.0,2e-15,12,-1.2000000000000002,0.0,0.00011691322732373847,1.0,34.89039116114188,77.80071724867368,0.0,35.43982766593959,79.69462379654482,0.9998830936067613,1.0089790265484053,False,False,False,1.2526246642627663e-16,1.1102230246251565e-16,5.438217552321644e-19,-2.884557810868342e-31,0.0
2.2083333333333335,0,0.0,2e-15,12,-1.2083333333333335,0.0,0.00011523464604110514,1.0,32.6853117266141,75.50788637348616,0.0,33.157950633332426,77.2003643499779,0.9998847719932157,1.0085858965527763,False,False,False,5.074626809411369e-18,0.0,1.06276023389489e-18,-1.268275708872848e-32,0.0
2.216666666666667,0,0.0,2e-15,12,-1.2166666666666668,0.0,0.00011359885807398104,1.0,30.706307212512904,73.49427678402976,0.0,31.115173784613276,75.01581584578963,0.999886407594032,1.0082352735116709,False,False,False,1.5370969644293483e-16,1.1102230246251565e-16,1.0412976970228647e-18,-3.3591326836158186e-32,0.0
2.225,0,0.0,2e-15,12,-1.225,0.0,0.00011200347405197594,1.0,28.92301840889469,71.72771483508099,0.0,29.278551974199246,73.10320799257508,0.999888002798103,1.0079217560454414,False,False,False,5.908688529219273e-17,4.81482486096809e-35,2.2359844173233213e-18,-2.0729872736655638e-32,0.0
2.2333333333333334,0,0.0,2e-15,12,-1.2333333333333334,0.0,0.00011044639789671402,1.0,27.310023597120814,70.18112326291843,0.0,27.620659217226542,71.43105734764832,0.9998895597010822,1.007640811965817,False,False,False,2.2855276512648237e-17,0.0,1.3409783365822553e-18,-1.4017602143519687e-36,0.0
2.2416666666666667,0,0.0,2e-15,12,-1.2416666666666667,0.0,0.00010892577271161977,1.0,25.845908714684747,68.8316198448879,0.0,26.1185137936794,69.97298173521963,0.999891080159485,1.007388617538082,False,False,False,4.778333717163524e-17,0.0,1.2115527463349537e-18,-1.3075217503236947e-36,0.0
2.25,0,0.0,2e-15,12,-1.25,0.0,0.00010743993863182702,1.0,24.51253441313801,67.65979807251217,0.0,24.75273971242182,68.70677132776987,0.9998925658328317,1.0071619303855843,False,False,False,6.163511653762265e-17,1.1102230246251565e-16,6.975841879403839e-19,-8.200383692419541e-42,0.0
2.2583333333333333,0,0.0,2e-15,12,-1.2583333333333333,0.0,0.00010598739968321364,1.0,23.2944540976682,66.64914967946564,0.0,23.506907051778096,67.61365498636725,0.9998940182167828,1.0069579882824067,False,False,False,6.240658188094966e-17,0.0,6.623132805335722e-19,-1.851284289722889e-53,0.0
2.2666666666666666,0,0.0,2e-15,12,-1.2666666666666666,0.0,0.00010456679749244676,1.0,22.1784486427462,65.78559844763996,0.0,22.36700892064635,66.67771651708003,0.9998954386694245,1.0067744280202184,False,False,False,9.543196121442549e-17,4.81482486096809e-35,1.6659292029121104e-18,-3.626030133394175e-36,0.0
2.275,0,0.0,2e-15,12,-1.275,0.0,0.00010317689025384084,1.0,21.153151942413736,65.05712186864902,0.0,21.321043669400655,65.88542703520599,0.9998968284322984,1.0066092199555707,False,False,False,6.383769422559362e-17,0.0,1.1771325673811572e-18,-8.829524537946101e-37,0.0
2.283333333333333,0,0.0,2e-15,12,-1.2833333333333332,0.0,0.00010181653576420096,1.0,20.208747677879632,64.45344260974046,0.0,20.358678843415287,65.22526799925762,0.9998981886473634,1.006460614891964,False,False,False,5.556529208646e-17,0.0,1.1002642769275522e-18,-9.668868633046184e-32,0.0
2.2916666666666665,0,0.0,2e-15,12,-1.2916666666666665,0.0,0.0001004846776311534,1.0,19.336722298761412,63.96577579012816,0.0,19.47097910936424,64.68742561066772,0.999899520370785,1.0063271007304826,False,False,False,6.791479034408395e-17,0.0,8.890406422279846e-19,-2.6109796682318242e-36,0.0
2.3,0,0.0,2e-15,12,-1.2999999999999998,0.0,9.918033397622056e-05,1.0,18.529662660764856,63.5866211564143,0.0,18.65018460983424,64.26354181255374,0.9999008245842305,1.0062073669069431,False,False,False,1.3392353262913593e-16,4.81482486096809e-35,1.5292351358609818e-18,-1.1515152891446796e-36,0.0
2.308333333333333,0,0.0,2e-15,12,-1.3083333333333331,0.0,9.790258811346709e-05,1.0,17.781089356377,63.3095916022961,0.0,17.889529341363566,63.94651050706608,0.9999021022041885,1.0061002750744599,False,False,False,5.721822992109493e-17,2.407412430484045e-35,8.388510979684023e-19,-1.6757674528386357e-58,0.0
2.3166666666666664,0,0.0,2e-15,12,-1.3166666666666664,0.0,9.665058080357353e-05,1.0,17.085318741240073,63.129271290160816,0.0,17.1830915034477,63.73031015934253,0.9999033540897133,1.0060048348256136,False,False,False,6.909102188902897e-17,0.0,1.8659125962431364e-19,-3.5619831710004396e-32,0.0
2.325,0,0.0,2e-15,12,-1.3250000000000002,0.0,9.542350377269615e-05,1.0,16.43734815946072,63.04109803456229,0.0,16.525669542750624,63.60986588969428,0.999904581048905,1.0059201835050409,False,False,False,6.13060172644984e-17,2.407412430484045e-35,6.817331704248839e-19,-3.768112151918003e-37,0.0
2.3333333333333335,0,0.0,2e-15,12,-1.3333333333333335,0.0,9.422059425329252e-05,1.0,15.832760023996583,63.04126569929077,0.0,15.91267896878624,63.580935634168604,0.9999057838443675,1.0058455693610344,False,False,False,5.018487822360572e-17,0.0,2.967159424805172e-19,-5.824879486161887e-32,0.0
2.341666666666667,0,0.0,2e-15,12,-1.3416666666666668,0.0,9.304113035585211e-05,1.0,15.267641299640843,63.12664321478843,0.0,15.340066053586035,63.640016092733816,0.9999069631978359,1.0057803374381105,False,False,False,1.3425905888328139e-18,1.1102230246251565e-16,5.912725168234869e-19,-2.1216361463274276e-52,0.0
2.35,0,0.0,2e-15,12,-1.35,0.0,9.188442712025646e-05,1.0,14.738515629518627,63.29470749647109,0.0,14.804235327527204,63.78426506843727,0.9999081197941244,1.005723917732182,False,False,False,1.6863699862370762e-16,0.0,8.911857716577927e-20,-6.600539404425138e-41,0.0
2.3583333333333334,0,0.0,2e-15,12,-1.3583333333333334,0.0,9.074983312626758e-05,1.0,14.242285888544368,63.54348807886101,0.0,14.301988404587048,64.01143749212463,0.9999092542845153,1.005675815223933,False,False,False,5.869014697969806e-17,0.0,1.460869500139932e-19,-5.185760517439829e-37,0.0
2.3666666666666667,0,0.0,2e-15,12,-1.3666666666666667,0.0,8.963672756660479e-05,1.0,13.776185374171327,63.87152170698002,0.0,13.830472155679344,64.31983297176455,0.9999103672896849,1.005635601480198,False,False,False,5.950340331385713e-17,0.0,2.0355653134136916e-19,-6.904062341896461e-38,0.0
2.375,0,0.0,2e-15,12,-1.375,0.0,8.854451770483603e-05,1.0,13.337736182455243,64.27781546933493,0.0,13.387134630305743,64.70825313754654,0.9999114594022452,1.005602907572098,False,False,False,3.891344669594262e-17,0.0,7.179614549387332e-20,-5.036244803589895e-37,0.0
2.3833333333333333,0,0.0,2e-15,12,-1.3833333333333333,0.0,8.747263665509459e-05,1.0,12.924713585971913,64.76181733457675,0.0,12.969687428415023,65.1759673996617,0.9999125311889644,1.0055774181057955,False,False,False,2.2139148191152054e-17,0.0,9.323559423904353e-19,-7.247179065112192e-32,0.0
2.3916666666666666,0,0.0,2e-15,12,-1.3916666666666666,0.0,8.642054143233895e-05,1.0,12.535115444702384,65.3233931808409,0.0,12.576073464127292,65.7226860147328,0.9999135831927151,1.0055588661996009,False,False,False,5.589809545157507e-17,2.407412430484045e-35,1.0193623938547246e-18,-1.1784662482858066e-53,0.0
2.4,0,0.0,2e-15,12,-1.4,0.0,8.538771123120109e-05,1.0,12.167135853284108,65.96280959399269,0.0,12.204439254531644,66.34853958430483,0.9999146159341956,1.005547029271806,False,False,False,5.859613731894933e-17,0.0,2.726213341612527e-19,-3.287532071590214e-36,0.0
2.408333333333333,0,0.0,2e-15,12,-1.4083333333333332,0.0,8.437364589893042e-05,1.0,11.81914236699347,66.6807218672548,0.0,11.853111020553895,67.05406429626915,0.9999156299134571,1.00554172552857,False,False,False,3.5371782455576386e-18,0.0,2.922102830126472e-19,-1.8842133987436698e-31,0.0
2.4166666666666665,0,0.0,2e-15,12,-1.4166666666666665,0.0,8.337786457394515e-05,1.0,11.489656261409213,67.47816676686398,0.0,11.520574010943836,67.8401923766321,0.9999166256112636,1.0055428110616493,False,False,False,6.513919518478617e-17,0.0,2.1555406394253205e-19,-3.530894880532497e-36,0.0
2.425,0,0.0,2e-15,12,-1.4249999999999998,0.0,8.239990446635208e-05,1.0,11.177335372307567,68.35655974204057,0.0,11.20545456095219,68.70824735178367,0.9999176034903126,1.0055501774827051,False,False,False,2.9975909574543474e-17,2.407412430484045e-35,1.1195149233877233e-18,-3.384707222095326e-42,0.0
2.433333333333333,0,0.0,2e-15,12,-1.4333333333333331,0.0,8.143931976073658e-05,1.0,10.880959137168873,69.31769635710643,0.0,10.90650447907402,69.65994383606197,0.9999185639963306,1.0055637500350347,False,False,False,5.373751247398295e-17,0.0,1.2758803965627487e-18,-3.835498861402995e-37,0.0
2.4416666666666664,0,0.0,2e-15,12,-1.4416666666666664,0.0,8.049568062473362e-05,1.0,10.59941552105139,70.36375781277992,0.0,10.622587422090017,70.69739166054981,0.9999195075590657,1.0055834861355193,False,False,False,2.1689554559451205e-17,0.0,3.2811849806177736e-19,-4.339847268588517e-42,0.0
2.45,0,0.0,2e-15,12,-1.4500000000000002,0.0,7.956857230952305e-05,1.0,10.33168956011057,71.49732050559115,0.0,10.352666973491736,71.82310425048948,0.9999204345931854,1.0056093743097716,False,False,False,1.2770268945578625e-17,2.407412430484045e-35,1.3401458944146323e-18,-3.671881711061279e-53,0.0
2.4583333333333335,0,0.0,2e-15,12,-1.4583333333333335,0.0,7.865759433055244e-05,1.0,10.076853297794203,72.72136965171545,0.0,10.095796185559283,73.04001124368062,0.999921345499097,1.0056414334923238,False,False,False,3.1290397166986355e-18,0.0,1.399455703946216e-18,-5.729551071574666e-32,0.0
2.466666666666667,0,0.0,2e-15,12,-1.4666666666666668,0.0,7.776235971857825e-05,1.0,9.83405692336199,74.03931707670517,0.0,9.851108382713925,74.35147542354582,0.9999222406636954,1.005679712671532,False,False,False,9.091329574155901e-17,0.0,2.1795431531781397e-19,-1.5305835374612604e-31,0.0
2.475,0,0.0,2e-15,12,-1.475,0.0,7.688249433259318e-05,1.0,9.602520951181669,75.45502334783556,0.0,9.617809054760677,75.76131412075014,0.9999231204610506,1.0057242908659563,False,False,False,7.185766328314956e-17,0.0,4.346400051755776e-19,-2.7058078227039055e-37,0.0
2.4833333333333334,0,0.0,2e-15,12,-1.4833333333333334,0.0,7.60176362274431e-05,1.0,9.381529303301136,76.97282450321923,0.0,9.395168694438643,77.27382531873359,0.9999239852530398,1.0057752774255244,False,False,False,7.234785770050545e-17,0.0,7.809123638329458e-19,-1.3314864921029374e-31,0.0
2.4916666666666667,0,0.0,2e-15,12,-1.4916666666666667,0.0,7.516743506995883e-05,1.0,9.17042317793331,78.5975637136448,0.0,9.182516455250916,78.8938187836057,0.9999248353899309,1.0058328126570333,False,False,False,7.119776225728586e-17,2.407412430484045e-35,9.47477677384809e-19,-1.5528637468150248e-31,0.0
2.5,0,0.0,2e-15,12,-1.5,0.0,7.433155159829558e-05,1.0,8.968595603407655,80.33462830148737,0.0,8.979234523608143,80.62665262995635,0.999925671210923,1.005897068779645,False,False,False,6.692728458130725e-17,2.407412430484045e-35,7.4230070062462135e-19,-7.14446797733372e-32,0.0
