gamma,L,p,inverse_p,c_eff,fit_relative_rms,parameter_status
0.3,24,1.15,0.8695652173913044,7.621380416928956,0.0021242210181535103,reduced_scale
0.3,24,1.25,0.8,6.84452629811266,0.004951432655174934,reduced_scale
0.3,24,1.4,0.7142857142857143,7.756894285813568,0.0029174331004882177,reduced_scale
0.3,24,1.6,0.625,8.152286316836696,0.008795511552309555,reduced_scale
0.3,24,2.0,0.5,7.069912690573272,0.00769963889636921,reduced_scale
0.3,24,3.0,0.3333333333333333,6.432816136841854,0.0021636155012854444,reduced_scale
0.3,24,5.0,0.2,6.1586247543364285,0.0031718214651161834,reduced_scale
0.3,32,1.15,0.8695652173913044,9.679229568951712,0.0031238751776583415,reduced_scale
0.3,32,1.25,0.8,10.105369151560515,0.00936556913236478,reduced_scale
0.3,32,1.4,0.7142857142857143,9.786073124755987,0.004219460973635805,reduced_scale
0.3,32,1.6,0.625,8.909474567381501,0.008082777628200609,reduced_scale
0.3,32,2.0,0.5,8.643377558162888,0.0030775652081942288,reduced_scale
0.3,32,3.0,0.3333333333333333,7.633058744273265,0.004396654768492773,reduced_scale
0.3,32,5.0,0.2,6.555700846105853,0.003434085973359559,reduced_scale
0.3,48,1.15,0.8695652173913044,13.744717259539511,0.0053327436783925635,reduced_scale
0.3,48,1.25,0.8,12.761899980396699,0.003913936229371521,reduced_scale
0.3,48,1.4,0.7142857142857143,11.87496757223091,0.0017603993682582366,reduced_scale
0.3,48,1.6,0.625,11.965756661288065,0.0027167188926636473,reduced_scale
0.3,48,2.0,0.5,9.54080191688571,0.003987059473352394,reduced_scale
0.3,48,3.0,0.3333333333333333,8.95411935351511,0.0060608825192294356,reduced_scale
0.3,48,5.0,0.2,9.616487259787904,0.003963014729312118,reduced_scale
0.3,64,1.15,0.8695652173913044,14.52580669732624,0.0034158626308264032,reduced_scale
0.3,64,1.25,0.8,14.12954919167708,0.004702745158189613,reduced_scale
0.3,64,1.4,0.7142857142857143,13.208407020965646,0.0019071133498372195,reduced_scale
0.3,64,1.6,0.625,12.975633108906818,0.004019291935254222,reduced_scale
0.3,64,2.0,0.5,11.014896666339403,0.0052302184634400355,reduced_scale
0.3,64,3.0,0.3333333333333333,9.172316580863267,0.006626244410702384,reduced_scale
0.3,64,5.0,0.2,8.539761893489803,0.006854069589773109,reduced_scale
0.3,80,1.15,0.8695652173913044,17.841148611708434,0.004595769685744478,reduced_scale
0.3,80,1.25,0.8,17.073444035881003,0.004602037102747811,reduced_scale
0.3,80,1.4,0.7142857142857143,15.821202660465598,0.0022735269844056834,reduced_scale
0.3,80,1.6,0.625,13.063275471087977,0.003122538250488024,reduced_scale
0.3,80,2.0,0.5,13.108634588633514,0.004579397299986271,reduced_scale
0.3,80,3.0,0.3333333333333333,10.316083702240237,0.005292414097315436,reduced_scale
0.3,80,5.0,0.2,9.234291017249626,0.0035144490852938664,reduced_scale
0.3,96,1.15,0.8695652173913044,19.84698260442275,0.002233426519186036,reduced_scale
0.3,96,1.25,0.8,17.466067779298736,0.0029258361481258807,reduced_scale
0.3,96,1.4,0.7142857142857143,17.55163926351196,0.003233414079692104,reduced_scale
0.3,96,1.6,0.625,14.43105373428286,0.0029179928136319777,reduced_scale
0.3,96,2.0,0.5,12.545264522616897,0.007690938669350381,reduced_scale
0.3,96,3.0,0.3333333333333333,10.058442802611495,0.009070712593337062,reduced_scale
0.3,96,5.0,0.2,9.500222561455562,0.0056905593746495045,reduced_scale
1.5,24,1.15,0.8695652173913044,4.557088010276196,0.0075808737483710606,reduced_scale
1.5,24,1.25,0.8,5.010084462522876,0.01326493487570379,reduced_scale
1.5,24,1.4,0.7142857142857143,3.9724290006038725,0.002800934052856676,reduced_scale
1.5,24,1.6,0.625,2.3299925088094957,0.0110984931633113,reduced_scale
1.5,24,2.0,0.5,2.1394063104969328,0.013055878177741866,reduced_scale
1.5,24,3.0,0.3333333333333333,1.9016162425717433,0.009332645653002968,reduced_scale
1.5,24,5.0,0.2,2.5577822581321343,0.004018599833439311,reduced_scale
1.5,32,1.15,0.8695652173913044,5.384555102556784,0.00891062953463755,reduced_scale
1.5,32,1.25,0.8,5.124244219961114,0.009634648218490803,reduced_scale
1.5,32,1.4,0.7142857142857143,5.417929681705148,0.0036742492040764394,reduced_scale
1.5,32,1.6,0.625,3.8106872892105823,0.011510641221884006,reduced_scale
1.5,32,2.0,0.5,3.460636397542079,0.006044121451349453,reduced_scale
1.5,32,3.0,0.3333333333333333,2.2903048266616715,0.012490378833221422,reduced_scale
1.5,32,5.0,0.2,2.423071337533183,0.01500570043091863,reduced_scale
1.5,48,1.15,0.8695652173913044,6.475621750007122,0.010716312859745659,reduced_scale
1.5,48,1.25,0.8,5.130878333804315,0.005790946021572403,reduced_scale
1.5,48,1.4,0.7142857142857143,4.8517590256143945,0.007448793294501161,reduced_scale
1.5,48,1.6,0.625,4.014189128144508,0.00809706125306942,reduced_scale
1.5,48,2.0,0.5,2.7494140350574834,0.012173268520347176,reduced_scale
1.5,48,3.0,0.3333333333333333,2.5083068423043215,0.012284819471148222,reduced_scale
1.5,48,5.0,0.2,2.2256686505720022,0.01423558654081249,reduced_scale
1.5,64,1.15,0.8695652173913044,6.9813169032010425,0.0024071597219904135,reduced_scale
1.5,64,1.25,0.8,5.638229306247759,0.007110199738850529,reduced_scale
1.5,64,1.4,0.7142857142857143,5.343168354256102,0.005328615099366377,reduced_scale
1.5,64,1.6,0.625,3.227744319258866,0.005304917678090718,reduced_scale
1.5,64,2.0,0.5,2.3275665367921636,0.012854059202592744,reduced_scale
1.5,64,3.0,0.3333333333333333,1.7488947866476185,0.014500519651529598,reduced_scale
1.5,64,5.0,0.2,1.7744864702338914,0.024887022259837577,reduced_scale
1.5,80,1.15,0.8695652173913044,7.0582236285513895,0.004500366715603827,reduced_scale
1.5,80,1.25,0.8,5.9905603581400975,0.006234710088469092,reduced_scale
1.5,80,1.4,0.7142857142857143,5.347270174389227,0.004929983006328597,reduced_scale
1.5,80,1.6,0.625,4.08937456252414,0.01261242359251001,reduced_scale
1.5,80,2.0,0.5,1.8661892415592711,0.006435498821679706,reduced_scale
1.5,80,3.0,0.3333333333333333,0.7840316786676915,0.009480421478584473,reduced_scale
1.5,80,5.0,0.2,2.7351142153862082,0.04200336045286405,reduced_scale
1.5,96,1.15,0.8695652173913044,9.118551983870631,0.004190057772978082,reduced_scale
1.5,96,1.25,0.8,6.887965707880851,0.003488390145550222,reduced_scale
1.5,96,1.4,0.7142857142857143,5.427587648427,0.009006209305508894,reduced_scale
1.5,96,1.6,0.625,3.3522542726947604,0.01237617626277303,reduced_scale
1.5,96,2.0,0.5,2.60992149136756,0.008969016169152959,reduced_scale
1.5,96,3.0,0.3333333333333333,0.42809814059925844,0.021082774395465267,reduced_scale
1.5,96,5.0,0.2,1.6715555396618478,0.010506933233931119,reduced_scale
