time_ms,ground_occupation
0.0,2.0
0.025,1.998368406093081
0.05,1.9934807233021299
0.07500000000000001,1.9853582175297082
0.1,1.9740362291249554
0.125,1.959564019120659
0.15000000000000002,1.9420045549025862
0.17500000000000002,1.9214342362436088
0.2,1.8979425628946265
0.225,1.8716317451785716
0.25,1.8426162592817679
0.275,1.811022349177537
0.30000000000000004,1.7769874773491368
0.325,1.740659726701896
0.35000000000000003,1.7021971562667686
0.375,1.6617671134985987
0.4,1.6195455061612187
0.42500000000000004,1.5757160369673535
0.45,1.5304694043033504
0.47500000000000003,1.4840024725163112
0.5,1.4365174153736413
0.525,1.38822083642175
0.55,1.3393228700711524
0.5750000000000001,1.2900362673190704
0.6000000000000001,1.2405754700874856
0.625,1.1911556782041166
0.65,1.141991913085811
0.675,1.0932980821981912
0.7000000000000001,1.0452860483620063
0.7250000000000001,0.9981647079555646
0.75,0.9521390820239146
0.775,0.9074094242492756
0.8,0.8641703496638704
0.8250000000000001,0.8226099878960571
0.8500000000000001,0.7829091646339157
0.875,0.7452406148676702
0.9,0.7097682313340701
0.925,0.6766463514326814
0.9500000000000001,0.6460190857166586
0.9750000000000001,0.618019690879676
1.0,0.5927699899671025
1.0250000000000001,0.5703798423340327
1.05,0.5509466656563418
1.075,0.534555012074455
1.1,0.5212762003139946
1.125,0.5111680053839196
1.1500000000000001,0.5042744072022508
1.175,0.5006253992430949
1.2000000000000002,0.500236858037525
1.225,0.5031104740961108
1.25,0.5092337445536467
1.2750000000000001,0.5185800275680824
1.3,0.5311086582369681
1.3250000000000002,0.5467651255270732
1.35,0.5654813094473728
1.375,0.5871757774334797
1.4000000000000001,0.611754138653981
1.425,0.6391094546971178
1.4500000000000002,0.6691227048509496
1.475,0.7016633039526018
1.5,0.7365896705534833
1.5250000000000001,0.7737498429284295
1.55,0.8129821402485676
1.5750000000000002,0.8541158660412
1.6,0.8969720508760001
1.625,0.9413642310461681
1.6500000000000001,0.9870992598565557
1.675,1.0339781479889227
1.7000000000000002,1.081796929287964
1.725,1.1303475482011354
1.75,1.1794187650111139
1.7750000000000001,1.228797074922295
1.8,1.2782676370024504
1.8250000000000002,1.3276152089378166
1.85,1.3766250835345504
1.875,1.4250840228919286
1.9000000000000001,1.472781186182776
1.925,1.5195090470044175
1.9500000000000002,1.5650642963088544
1.975,1.6092487269835707
2.0,1.651870096234247
2.025,1.69274296201722
2.0500000000000003,1.7316894898824382
2.075,1.7685402267164045
2.1,1.8031348380186303
2.125,1.835322805503747
2.15,1.8649640819940885
2.1750000000000003,1.8919297007533498
2.2,1.9161023366101582
2.225,1.9373768164301732
2.25,1.955660576715669
2.275,1.9708740663416386
2.3000000000000003,1.9829510926761449
2.325,1.9918391095789714
2.35,1.9974994460255224
2.375,1.9999074743612455
2.4000000000000004,1.999052717454513
2.4250000000000003,1.9949388942817547
2.45,1.9875839037464973
2.475,1.9770197468027222
2.5,1.9632923872213655
2.5250000000000004,1.946461551605763
2.5500000000000003,1.9266004695261523
2.575,1.9037955549038816
2.6,1.8781460300316066
2.625,1.8497634938653185
2.6500000000000004,1.8187714364665415
2.6750000000000003,1.7853047017073163
2.7,1.7495089005756888
2.725,1.711539777634379
2.75,1.6715625333890989
2.7750000000000004,1.6297511055148495
2.8000000000000003,1.5862874120675245
2.825,1.5413605599735247
2.85,1.4951660222412075
2.875,1.4479047874740307
2.9000000000000004,1.3997824853858054
2.9250000000000003,1.3510084921228651
2.95,1.3017950192858048
2.975,1.2523561906144105
3.0,1.2029071103530156
3.0250000000000004,1.1536629273497732
3.0500000000000003,1.1048378989618548
3.075,1.0566444588394555
3.1,1.0092922926445937
3.125,0.9629874257261839
3.1500000000000004,0.9179313267208241
3.1750000000000003,0.8743200309794682
3.2,0.8323432876338599
3.225,0.7921837340137983
3.25,0.7540161010072616
3.2750000000000004,0.7180064528207944
3.3000000000000003,0.6843114644479222
3.325,0.6530777399892385
3.35,0.6244411747901222
3.375,0.5985263641713573
3.4000000000000004,0.5754460613252219
3.4250000000000003,0.5553006867357004
3.45,0.538177891257279
3.475,0.524152174753351
3.5,0.5132845619534836
3.5250000000000004,0.5056223369398822
3.5500000000000003,0.5011988374182688
3.575,0.5000333096682876
3.6,0.5021308248045395
3.625,0.5074822567125816
3.6500000000000004,0.5160643217558958
3.6750000000000003,0.527839680081059
3.7,0.5427570980803516
3.725,0.5607516713049338
3.75,0.5817451068587236
3.7750000000000004,0.6056460640442957
3.8000000000000003,0.6323505517786792
3.825,0.6617423810499419
3.85,0.6936936704459447
3.875,0.728065402555763
3.9000000000000004,0.7647080288229162
3.9250000000000003,0.8034621202187329
3.95,0.8441590609048429
3.975,0.8866217818667009
4.0,0.9306655313261945
4.025,0.9760986785813089
4.05,1.0227235477754177
4.075,1.0703372779685576
4.1000000000000005,1.1187327057685428
4.125,1.1676992666817156
4.15,1.2170239112616004
4.175,1.2664920320693775
4.2,1.3158883974130569
4.2250000000000005,1.364998087802721
4.25,1.4136074310474056
4.275,1.4615049319250968
4.3,1.5084821923808858
4.325,1.5543348182496488
4.3500000000000005,1.5988633085580934
4.375,1.641873923536961
4.4,1.6831795275666999
4.425,1.7226004033890256
4.45,1.759965034041814
4.4750000000000005,1.7951108491151773
4.5,1.827884932081841
4.525,1.8581446856242798
4.55,1.8857584520638113
4.575,1.910606086192252
4.6000000000000005,1.9325794780137466
4.625,1.9515830231224003
4.65,1.9675340386691225
4.675,1.9803631231078462
4.7,1.990014458155901
4.7250000000000005,1.9964460516547313
4.75,1.9996299202742986
4.775,1.9995522112662296
4.800000000000001,1.9962132627359752
4.825,1.9896276021717418
4.8500000000000005,1.979823883236595
4.875,1.966844761098748
4.9,1.950746706842459
4.925000000000001,1.9315997617670302
4.95,1.9094872326429175
4.9750000000000005,1.8845053292508815
5.0,1.8567627457812117
5.025,1.826380187914308
5.050000000000001,1.793489847640285
5.075,1.758234828102578
5.1000000000000005,1.720768520968026
5.125,1.68125393903246
5.15,1.6398630069655322
5.175000000000001,1.5967758132807444
5.2,1.552179826785248
5.2250000000000005,1.5062690809186126
5.25,1.4592433295294238
5.275,1.4113071777628359
5.300000000000001,1.3626691918405678
5.325,1.3135409916065568
5.3500000000000005,1.264136329786557
5.375,1.2146701619677693
5.4,1.1653577113448892
5.425000000000001,1.1164135323018418
5.45,1.0680505769034456
5.4750000000000005,1.0204792683586248
5.5,0.9739065854864934
5.525,0.9285351621686547
5.550000000000001,0.8845624057060009
5.575,0.8421796379159061
5.6000000000000005,0.8015712627068616
5.625,0.7629139637523633
5.65,0.7263759357548959
5.675000000000001,0.6921161526447309
5.7,0.6602836758975367
5.7250000000000005,0.6310170059802506
5.75,0.6044434797470434
5.775,0.5806787164072121
5.800000000000001,0.5598261144755974
5.825,0.5419764018942129
5.8500000000000005,0.5272072412824931
5.875,0.515582892033676
5.9,0.5071539307275117
5.925000000000001,0.5019570310757573
5.95,0.5000148043578971
5.9750000000000005,0.5013357010413412
6.0,0.5059139740141415
6.025,0.5137297035902005
6.050000000000001,0.5247488841781736
6.075,0.5389235722369757
6.1000000000000005,0.5561920948741564
6.125,0.5764793181795376
6.15,0.599696974126632
6.175000000000001,0.6257440446195025
6.2,0.6545072010141224
6.2250000000000005,0.685861297201916
6.25,0.7196699141100876
6.275,0.7557859532497111
6.300000000000001,0.7940522767290454
6.325,0.8343023909474775
6.3500000000000005,0.8763611709953806
6.375,0.9200456226080631
6.4,0.9651656783586471
6.425000000000001,1.0115250246256906
6.45,1.058921955737463
6.4750000000000005,1.107150251576608
6.5,1.1560000748267705
6.525,1.2052588839573717
6.550000000000001,1.2547123579741697
6.575,1.3041453289121443
6.6000000000000005,1.3533427180134783
6.625,1.4020904715173823
6.65,1.4501764919902806
6.675000000000001,1.4973915611441395
6.7,1.5435302501279
6.7250000000000005,1.5883918133313828
6.75,1.631781061812776
6.775,1.6735092125495563
6.800000000000001,1.71339470981775
6.825,1.7512640151258427
6.8500000000000005,1.786952362266372
6.875,1.8203044742000225
6.9,1.8511752386531575
6.925000000000001,1.8794303394892853
6.95,1.9049468411074397
6.9750000000000005,1.927613723324776
7.0,1.947332364416188
7.025,1.9640169702092574
7.050000000000001,1.9775949473675793
7.075,1.9880072192383547
7.1000000000000005,1.995208482890006
7.125,1.9991674062214773
7.15,1.9998667642856067
7.175000000000001,1.9973035142334443
7.2,1.991488808553436
7.2250000000000005,1.9824479465478688
7.25,1.970220264257708
7.275,1.9548589633147406
7.300000000000001,1.9364308794656886
7.325,1.9150161917754187
7.3500000000000005,1.8907080737744724
7.375,1.8636122880687682
7.4,1.8338467261752678
7.425000000000001,1.8015408955857615
7.45,1.7668353562905121
7.4750000000000005,1.729881109213384
7.5,1.6908389392193564
7.525,1.6498787155528922
7.550000000000001,1.6071786527509544
7.575,1.5629245352463257
7.6000000000000005,1.5173089090349388
7.625,1.4705302439242305
7.65,1.4227920700074446
7.675000000000001,1.3743020921210907
7.7,1.3252712861384137
7.7250000000000005,1.2759129810308558
7.75,1.2264419306914072
7.775,1.177073379558203
7.800000000000001,1.1280221261038388
7.825,1.0795015882650159
7.8500000000000005,1.0317228748787985
7.875,0.9848938671655585
7.9,0.9392183142550374
7.925000000000001,0.8948949466907656
7.95,0.8521166117699506
7.9750000000000005,0.8110694344808678
8.0,0.7719320076884845
8.025,0.7348746150916947
8.05,0.7000584903330803
8.075000000000001,0.6676351154846907
8.1,0.6377455619621143
8.125,0.6105198767344324
8.15,0.5860765165006596
8.175,0.5645218322944545
8.200000000000001,0.5459496067595946
8.225,0.5304406461094684
8.25,0.5180624285459396
8.275,0.5088688106672901
8.3,0.5028997931426208
8.325000000000001,0.500181346672262
8.35,0.5007252989914063
8.375,0.504529283408615
8.4,0.5115767491030958
8.425,0.5218370331359518
8.450000000000001,0.5352654938620862
8.475,0.5518037051622969
8.5,0.5713797106504843
8.525,0.5939083367499096
8.55,0.6192915632763728
8.575000000000001,0.6474189499159044
8.6,0.6781681167414114
8.625,0.7114052766776061
8.65,0.7469858175974582
8.675,0.7847549315175818
8.700000000000001,0.8245482881549322
8.725,0.8661927499142394
8.75,0.9095071251953387
8.775,0.9543029567427863
8.8,1.000385341607758
8.825000000000001,1.0475537791546266
8.85,1.095603043422586
8.875,1.144324076046811
8.9,1.1935048958540493
8.925,1.2429315211751417
8.950000000000001,1.292388900861519
8.975,1.3416618499549133
9.0,1.3905359859392907
9.025,1.438798661501371
9.05,1.4862398897414777
9.075000000000001,1.5326532578091219
9.1,1.5778368249881956
9.125,1.6215940013243024
9.15,1.6637344029713206
9.175,1.7040746805357496
9.200000000000001,1.7424393168147168
9.225,1.7786613904567692
9.25,1.8125833022228437
9.275,1.844057460687475
9.3,1.872946924396858
9.325000000000001,1.8991259976897634
9.35,1.9224807775889254
9.375,1.942909649383464
9.4,1.9603237287460578
9.425,1.9746472484612858
9.450000000000001,1.9858178880825006
9.475,1.9937870450829216
9.5,1.9985200463212034
9.525,1.9999962989013937
9.55,1.998209379770919
9.575000000000001,1.9931670636667542
9.600000000000001,1.9848912892881851
9.625,1.9734180638433496
9.65,1.9587973063848545
9.675,1.9410926306161245
9.700000000000001,1.9203810681134483
9.725000000000001,1.896752733167978
9.75,1.8703104307059224
9.775,1.8411692089928307
9.8,1.8094558590681367
9.825000000000001,1.7753083630878561
9.850000000000001,1.73887529397566
9.875,1.7003151689944151
9.9,1.6597957600507034
9.925,1.6174933637331783
9.950000000000001,1.5735920342607193
9.975000000000001,1.5282827826777874
10.0,1.481762745781214
