real_E,imag_E
-1.952609666074279,2.637621307544854
-1.9450084948638817,2.6259092836594498
-1.9361757278822371,2.621813390466391
-1.9367189459776595,2.612436745873665
-1.9272547773705786,2.5951692982527472
-1.9211927779792366,2.6010963200497748
-1.9121706207962892,2.5984801737584444
-1.9162615532104543,2.5748480518430754
-1.9065616864022519,2.5823120610410766
-1.903906747687231,2.5513799794010734
-1.8893551759110632,2.566422832910328
-1.880341760106087,2.567236222533075
-1.8915764887397521,2.55926504747136
3.7764995805700337,9.487965968446588e-13
-1.8902929276642904,2.524606264297153
3.7617992396243567,-6.479412899932272e-12
-1.8674874116273943,2.5428817292951473
-1.8756155347861019,2.5337714228927726
-1.8751385464240653,2.4947863092860163
3.7460783917113525,-1.6164514171634892e-11
3.746888959055474,1.4160988354161574e-11
-1.8607077717825462,2.50411010182146
-1.8503077237759782,2.5247503264755924
-1.8412294384938854,2.5270766628526276
-1.8433098204786338,2.5117294556660346
3.725673442248459,2.0581478841307334e-11
3.719909282098345,1.8687887368175358e-11
-1.9526096660722883,-2.6376213075452
-1.9450084948650848,-2.625909283659866
3.7068966563346355,3.901035368835093e-11
3.697617540069375,-2.3437574031877806e-10
-1.936175727880546,-2.6218133904674894
-1.936718945988657,-2.612436745871729
3.696725869153148,1.8736234236686322e-10
3.679016538785079,-1.5941415723384048e-10
-1.9272547773652133,-2.5951692982530337
-1.9211927779804843,-2.60109632004852
-1.912170620785466,-2.5984801737635204
3.6623310731375502,-0.0037560199668927813
3.6623310732161354,0.003756020057871224
-1.916261553204767,-2.5748480518495764
-1.9065616864067134,-2.5823120610305694
3.6493330161983506,0.0014736288972992486
3.6493330157364836,-0.0014736289369670786
-1.9039067476898266,-2.551379979398132
-1.8893551759149159,-2.5664228329031435
-1.880341760099256,-2.567236222535849
-1.8915764887395072,-2.5592650474806984
3.6278887825299924,0.007244278760035604
3.6278887825702966,-0.007244278695468692
-1.890292927662024,-2.524606264300846
-1.8674874116343108,-2.5428817292676436
-1.875615534796572,-2.5337714229113137
3.619204520255299,1.1156890421769607e-10
-1.8751385464189927,-2.4947863092841938
-1.8503077237765095,-2.5247503264735505
-1.858826605288493,-2.4617099434744842
-1.860707771771223,-2.5041101018287844
-1.841229438483796,-2.5270766628553116
3.601779808488647,2.062899068748299e-10
3.584443212752554,0.010056350352996802
3.585531030920828,1.7675205266423633e-10
3.584443212558346,-0.010056350706735816
-1.843309820485963,-2.5117294556631724
-1.8234627411267281,-2.498645466617529
3.5702119343277974,0.005179700814221163
3.5702119348437535,-0.005179701048430623
3.547687489098403,-2.689565375418903e-10
3.5407320132779954,0.015370029615473083
3.5407320131673843,-0.015370029573541362
3.5176654555993836,0.0041096559625917704
3.517665455353849,-0.00410965538955148
3.5069266025002954,1.4953581790631302e-10
3.4884096511056137,-0.019717570121884156
3.4736310603809732,-0.014676813588802278
3.4884096504101416,0.019717570213241303
3.473631060178329,0.014676813739971312
3.4915019337660906,-2.894621456455982e-10
3.463804457466415,-1.5495291614404867e-10
-1.8436320329964129,-2.470894701404705
-1.8180933364184795,-2.482599056479889
-1.841153589689711,-2.425587460462155
-1.7862325592824186,-2.3493627695695882
-1.8254586003226956,-2.433652023668784
-1.8010000844678409,-2.4736275879383167
-1.7949485372535972,-2.4770150794645405
-1.8223184081709054,-2.386222008663965
-1.8066354959135933,-2.456163453110223
-1.8588266052854776,2.4617099434768797
-1.7683747814989774,-2.449939841425457
-1.8234627410898754,2.498645466627718
-1.8436320329960278,2.4708947014048013
-1.8180933364500336,2.482599056472672
-1.8411535896767102,2.4255874604630945
-1.8223184081798616,2.386222008667361
-1.8254586003300992,2.4336520236784756
-1.8010000844796932,2.4736275879262335
-1.7949485372614784,2.4770150794632593
3.435694388026784,0.02718331388952511
3.435694387911815,-0.027183313958357255
-1.806635495873921,2.4561634530964134
3.4343369317006633,4.4709676001504753e-10
3.41766015369621,8.590784147163927e-11
3.411989773648817,-0.016115406119594566
3.4119897746306758,0.016115404439694912
-1.7844257486120183,-2.450674483461502
-1.8064940140700037,2.3935233493711463
3.37470322143799,-0.03352854327977816
3.3598274439872315,-0.02825936065701629
3.374703222044551,0.033528543745263435
3.3598274435438547,0.028259361194807552
-1.7683747814291761,2.449939841435474
3.3894445145775105,0.010876368307917161
3.389444514347433,-0.010876368461358643
-1.806494014065455,-2.3935233493723556
-1.7843224683342152,2.4181471990531525
-1.7844257486420885,2.4506744834751832
3.3681885083753382,2.255801729889443e-10
-1.7510807651877798,-2.417589447255466
-1.7843224683054713,-2.418147199007341
-1.7451282291760184,2.4115831142221045
-1.7510807652344886,2.4175894472119834
-1.8023800241481518,-2.343787873470541
-1.7812734031434123,-2.2981095317036475
-1.7656941571364086,-2.302244885056078
-1.7648207715130149,-2.3772093178336067
-1.7451282291144108,-2.41158311426796
-1.7405272727468737,-2.4158434720344735
-1.8023800241488939,2.343787873457801
-1.7401322613858168,-2.3995022010955864
-1.781273403144994,2.298109531703159
-1.7862325592762112,2.349362769586384
-1.7405272727374699,2.4158434720295427
3.3133730006020725,-0.04349152454513356
-1.7648207715566853,2.377209317799418
-1.7656941571237916,2.3022448850445194
3.244242455089945,0.05221836439950597
-1.707879248631814,-2.3926751085548843
3.313373000466516,0.04349152423597457
-1.740132261276473,2.3995022012095375
3.2904761155061624,-0.031611015943805665
3.2904761133740097,0.0316110162332454
3.268495806218679,-0.02467685905821306
3.2684958060993923,0.024676857409430944
-1.7078792485021557,2.3926751085616096
-1.7094499978888287,-2.3568741596090588
3.3157677578297506,-1.3408619774182066e-10
3.260630152977739,-6.036287910801817e-10
-1.742424473183638,-2.333885986731102
3.28609385836455,5.890648636954356e-10
3.3241736619253914,-0.0011984555905736984
3.3241736616349256,0.0011984568602746272
-1.7114637550764786,-2.378940662919341
-1.6921003096752283,2.3164872791438404
-1.7424244731462908,2.3338859867322217
-1.7114637550835345,2.3789406628809484
-1.70944999810848,2.356874159664297
3.2442424550765976,-0.05221836492955811
3.174764945397743,0.0649771736530053
3.229724588180693,0.04652246754046405
3.1747649457591414,-0.06497717332259953
3.229724586596546,-0.04652246693994496
3.1924489060779657,-0.022023237860107514
3.1924489075023588,0.022023235869826137
3.2027074404510447,2.3442720841780223e-11
-1.7592582863000565,2.249301203896761
-1.7440847367089138,2.2513593429525107
-1.7206096761546479,2.2860080057758556
-1.6426297549472635,2.328108879332387
-1.6615763224227356,2.3257318977853707
-1.6692034170208057,2.340926675815887
3.220010651430493,3.292450756475773e-10
-1.679682744430107,2.346644064355055
-1.759258286282588,-2.249301203894192
-1.7360458998990824,-2.197326708386483
-1.680791476272985,2.342775820134108
-1.7440847367287846,-2.2513593429636076
-1.6426297551090148,-2.328108879354716
-1.6796827444143585,-2.3466440643838813
-1.6807914762046208,-2.342775820214986
-1.7206096761361078,-2.286008005723829
-1.6921003098330785,-2.3164872792592965
-1.669203417088213,-2.340926675850087
-1.6615763223175153,-2.3257318976341956
-1.6972922995117092,-2.236618407159475
3.1528194664960307,0.05214169694321943
3.1528194654705106,-0.05214169594732147
3.1310412134389902,0.0441754674392582
3.1310412164470134,-0.0441754658656383
3.1616491778993026,-0.014967728318396939
3.161649180221882,0.01496772896064848
3.14155075681718,3.447880973967908e-10
-1.7360458998836967,2.197326708405187
-1.722663739313011,-2.197321119276636
-1.7226637393436592,2.197321119267882
-1.6972922994908637,2.236618407140412
-1.6630677781952274,-2.26879980698715
-1.624781836905991,2.2982461550581292
-1.6630677781413528,2.2687998071335373
-1.6192121627906948,-2.2822639276664525
-1.6127249019305774,-2.2526965128205414
-1.6422238057783578,-2.2173244170076387
-1.6247818369348181,-2.298246155055738
-1.6102604658505004,-2.2673196283051924
-1.619212163153192,2.282263927521728
-1.6037997125240353,2.259686401233315
-1.6127249020667178,2.2526965133757058
-1.610260465761724,2.267319628334327
3.098040332434034,-0.07634447636339366
3.0980403321886056,0.07634447652128044
3.083948411294647,-0.07010781459052315
3.0839484109972406,0.07010781256359792
3.085944651344868,0.006308120511864434
3.0859446510233615,-0.006308119699343364
3.0775469030138027,-5.23411934921447e-10
-1.7119433998458349,2.1422399619737234
-1.7006792392741326,2.1397564467012433
-1.7119433998472735,-2.1422399619573103
-1.7006792392659573,-2.1397564467224246
-1.6738161626163708,2.1825586117917055
-1.6738161626585284,-2.1825586118016336
-1.642223805931009,2.2173244169620996
-1.5765764369659454,2.2605924099577956
-1.5693742937044033,2.2396076493564965
-1.5708487623536211,2.2498164090740325
-1.57657643715717,-2.2605924099855472
-1.6037997128509418,-2.2596864015680005
-1.5693742936526651,-2.2396076495443666
-1.5708487623824945,-2.2498164091250463
-1.6866375387113677,-2.0847748491966818
-1.679354559375754,-2.078237559627879
-1.566260720232883,-2.1985650969870596
-1.6143354693914878,-2.1653729792877017
-1.6496783178164414,-2.127037246617268
2.978692142043337,0.06949834015382098
3.0209538778898586,0.09218229705508028
3.0209538774309035,-0.09218229689162746
3.047673842793791,0.04428656595764234
3.0476738442867255,-0.044286565987904924
-1.6866375386779264,2.084774849173407
-1.6793545593988526,2.0782375596595695
3.018119454378581,-0.03540114735892056
3.0386715012761485,1.3785102203556302e-09
-1.649678317851713,2.127037246592127
-1.518861883840668,2.2016513253556664
-1.5662607203691905,2.1985650972911857
-1.6143354693125775,2.1653729793020804
-1.524377536345858,2.209363873636366
3.000058046312342,-0.0782870152601766
3.000058046460121,0.07828701465875038
2.9786921388558327,-0.0694983382117113
3.018119454801103,0.03540114348121879
3.0108795801408994,-2.1989443181998467e-10
-1.6614013485023253,-2.0247410000754114
-1.5188618837393428,-2.2016513256416936
-1.524377536323964,-2.209363873607626
-1.590894484909357,-2.106984167295512
-1.6614013484878614,2.0247410000866415
-1.5322773042400808,-2.173647124180289
-1.6251002660561324,2.067189016598226
-1.5367443749840142,-2.175350515512183
-1.5054469230233267,2.167875871278051
-1.590894484852933,2.1069841673983274
-1.532277304585073,2.173647123931894
-1.5367443749603134,2.1753505154988737
2.9372116441006306,0.1064222509631069
2.937211643984384,-0.10642225090375626
2.9321586723976725,-0.03086290486806429
2.9606786674843875,8.721628103681592e-11
-1.6570842211347807,2.0129130144327965
-1.4926771425165017,2.1705979563114326
-1.657084221121956,-2.012913014434884
-1.555293136648127,2.145190575400011
-1.6251002660381944,-2.0671890166166587
-1.4701389597711252,-2.1621428135424003
-1.492677142621287,-2.1705979563879483
-1.5054469228855483,-2.1678758707522694
-1.5552931368708625,-2.1451905757355827
2.941627467828619,-4.986087751006503e-11
2.9235699297244584,-0.09962326319357574
2.923569928382673,0.09962326426393349
2.9321586729172595,0.030862904592652292
-1.6365497975598078,-1.9617816972860094
-1.4627641314815394,-2.146239651320752
-1.4530496083740547,-2.1246173801742936
-1.6365497975663186,1.9617816972578226
-1.5165249501721063,-2.0921115832158734
-1.4701389598105399,2.162142813579815
-1.4627641312136215,2.146239651324923
-1.453049608372856,2.1246173802882398
-1.6004359845954184,2.005718825488549
-1.5635335345399797,2.049646266775326
-1.5165249501755091,2.0921115834038395
2.8887674127731784,0.07245472754238313
2.85313336311729,-0.1255522449044829
2.8887674127905068,-0.07245472710499865
2.8932776073431468,0.02070182322914782
2.8932776045937434,-0.020701822166496086
2.8690779050704336,-5.585404425462886e-11
-1.6343771181032956,-1.944298864604054
-1.60043598458429,-2.0057188254499705
-1.563533534554434,-2.0496462668630477
-1.4126416274197728,-2.1052425104833534
-1.6343771180916593,1.944298864618294
-1.4344776440720426,-2.079806834486948
-1.4102827938955862,-2.113263914994086
-1.5752680372010457,1.940355021000549
-1.4126416275368125,2.1052425102250463
-1.410282793952334,2.11326391494715
-1.4988184501119481,2.028277184933175
-1.434477643590359,2.0798068339237306
-1.4583690271389045,2.0718485580911206
2.8531333630223243,0.12555224454586414
2.8333173242909733,0.11056899412756517
2.8333173245083083,-0.1105689942025173
2.8601037711950816,0.06216061981551081
2.8601037748639584,-0.06216061850301234
-1.6116004577265337,-1.8730081473794677
-1.6114996525941538,-1.8954201798785433
-1.5752680371991534,-1.9403550209780533
-1.6116004577256933,1.8730081473808897
-1.611499652594933,1.895420179872587
-1.4634352193561941,-2.065461688423077
-1.4988184498440005,-2.0282771848369165
-1.5385488594683487,1.9854512633706092
-1.4037375215376182,2.0737232247730506
-1.4634352190558741,2.0654616889905144
-1.4583690271779322,-2.071848558085854
2.7498094790711116,0.13552482080820144
2.7629887595710807,0.14286942808175923
2.812544216162134,-0.10101170002680011
2.812544216239813,0.10101169729968232
-1.5866685169496364,1.8260647236448744
2.8067638648875364,0.01555080898989969
2.7935970539319666,-3.575656576719144e-10
2.8067638649625684,-0.01555080896318673
-1.3494064618525166,2.064750138942686
-1.3944282843264817,2.069948905360153
-1.586668516936296,-1.826064723634585
-1.3494064619125532,-2.0647501387434604
-1.5385488595022005,-1.9854512634480723
-1.3944282837032682,-2.0699489056434985
-1.550436160661141,-1.8732161211219347
-1.4037375215334136,-2.0737232247092927
-1.3975724509759042,-2.0217640211299295
2.762988759516775,-0.14286942814407838
2.749809478023515,-0.13552482039531807
2.7671704817209526,-0.06050298676479182
2.767170482020042,0.060502986281345046
-1.5890621911083591,1.7987421918834123
-1.5504361606239878,1.8732161211100242
-1.5890621911122096,-1.7987421918898394
2.7526810715208967,1.030500015962178e-09
-1.4647459433414165,1.9716456289845234
-1.3426754194696604,2.046341487022968
-1.3426754195142783,-2.046341486715078
-1.340626926494537,-2.034966235812682
-1.5116804550578822,-1.9225284747857598
-1.340626926098125,2.0349662366329975
-1.5116804551463123,1.922528474794952
-1.3975724515953163,2.021764020657008
-1.4647459435666477,-1.9716456289529463
2.7167888261760775,-0.10687998334010694
2.716788826598462,0.10687998365738419
2.7302603874186295,-0.04855607858541707
2.730260387875007,0.04855607619978345
2.715914828262721,3.550961060622617e-11
-1.561812912734229,-1.7537122165662122
-1.5251837895516132,-1.8025921829927114
-1.5668873199481235,1.7217545549908015
-1.5618129127354579,1.7537122165679297
-1.2827135093634774,-1.9992786146772858
-1.282664619553123,-2.0109729330854784
-1.3999061288532801,-1.9440061563404372
-1.3616312919877216,-1.9726029327988284
-1.5251837895417146,1.8025921829828961
-1.2827135089958683,1.9992786140030938
-1.2826646194901992,2.010972933004276
-1.4427748542724277,1.901202009740101
-1.3616312928063796,1.9726029329210772
-1.3999061287989154,1.9440061558172321
-1.3751993176229675,1.9571330551800563
2.6725647305231828,0.1654450970045863
2.6725647307048477,-0.16544509685107972
2.653856221465539,0.14941643006237698
2.688982236960358,0.09542230405735051
2.653856221656369,-0.14941642976347758
2.6889822351910317,-0.09542230235967224
2.6337920021935495,0.13913503579042827
2.6337920035600444,-0.13913503529145083
-1.545206741898723,-1.641988757071145
-1.5668873199471554,-1.7217545549911364
-1.537427148645982,1.6785355456100004
-1.4859337550455358,-1.8530972074185457
-1.4427748544546362,-1.9012020096308089
-1.485933755110159,1.8530972074362617
-1.3206912341350259,-1.9786010320749916
-1.3751993177924944,-1.9571330550769204
-1.3206912335859415,1.97860103292049
-1.2694692185776104,-1.9662030656105651
2.6615825994173536,-1.5163292870667533e-11
-1.2694692182665501,1.966203064844112
-1.3141852823118545,-1.9722101848348945
-1.3141852819787583,1.9722101853127136
2.576687200499352,0.18601080948480916
2.576687200582292,-0.18601080957524965
2.564009463326556,-0.1781584588852806
2.5640094634500636,0.17815845831794333
2.635831011484554,-0.045087681125728835
2.635831011563948,0.04508768158101712
2.6361467892096493,-1.2520489204376902e-10
-1.545206741901018,1.6419887570707004
-1.53742714865434,-1.6785355456056632
-1.513351038626492,1.600650527608394
-1.5005935334711848,1.7300974860297076
-1.500593533446396,-1.730097486045541
-1.4597382651783013,1.7847355891370311
-1.4597382652322783,-1.784735589064257
-1.215767344626349,-1.9595495182557943
-1.2157673452545716,1.9595495183475493
-1.4118024436331622,1.8396027960926282
-1.4118024436196925,-1.8396027963408201
-1.2652063314102056,-1.943502507844141
-1.2652063300481653,1.9435025059249267
-1.3512963623320728,1.8991930811465219
-1.3512963617548983,-1.8991930802523977
-1.209267256975099,-1.9408472809102364
-1.2092672572070293,1.9408472812094488
-1.2121343900902768,-1.9256979291788496
-1.212134392727747,1.925697930436731
-1.5241272494352174,1.5596490515428143
-1.524127249434553,-1.5596490515418315
-1.5133510386282916,-1.6006505276080998
-1.4757693685963145,1.6544859863861487
-1.475769368593469,-1.654485986389872
-1.4339074215711987,-1.710456047620788
-1.433907421544698,1.710456047638865
-1.3875418643851858,-1.764087688946309
-1.3393525329133447,-1.812454909642963
-1.2924974422681486,-1.8501689129234025
2.4805982626354885,-0.21214056541880302
2.4805982626746683,0.2121405655564478
2.590218254151521,0.0967972514962395
2.590218255071313,-0.09679725151859506
-1.38754186442074,1.764087688803644
2.532916829430113,-0.14798416203434125
2.5329168294601083,0.14798416120579228
-1.339352533208786,1.8124549099259124
2.5896165979444983,0.03000183402629355
2.5896165970685088,-0.030001833702688434
-1.141833824155762,-1.9035571948959045
-1.2924974415835815,1.8501689132756147
2.5547285623603613,0.08331644574024649
2.5547285635433967,-0.08331644558016031
-1.1418338242004447,1.9035571948964245
-1.142438542564291,1.8931827658842373
-1.1424385436683053,-1.8931827668834031
2.506090964344406,0.13548084029373408
2.5060909637095543,-0.13548084116217396
-1.245297276041703,1.870545260128698
2.5523433353963556,-6.71748739606027e-11
-1.5037562238725188,-1.47477725293166
-1.490007521260456,-1.5201621470055229
-1.24529727615727,-1.8705452611344038
-1.4518833903966142,-1.5769776576869634
-1.1925379698132537,-1.8717399730054152
-1.291380706374359,-1.8313321033637735
-1.0681639976057753,-1.8499714098971107
-1.2216576119801368,-1.8439819292295583
-1.2031107860841208,-1.8456355629825367
-1.1313418460415112,-1.8576026427488526
-1.4086787464203145,-1.6369423785281123
-1.132977958338303,-1.8398369522552664
-1.5037562238714821,1.4747772529321632
-1.490007521260577,1.5201621469990183
-1.359076043953368,-1.6972458811976041
-1.3021413483610103,-1.7611351754470537
-1.4518833904028605,1.5769776577068741
-1.4672833541354335,1.4372440926818688
-1.4086787463913433,1.6369423784714257
-1.2913807058410207,1.831332102972793
-1.1925379707641475,1.8717399733331421
-1.2216576127665557,1.8439819214685809
-1.2031107885756298,1.8456355715836663
-1.3590760441306575,1.6972458813055358
-1.1313418454516726,1.8576026431714752
2.4630420493807716,0.19514899154201623
2.4630420488788847,-0.1951489914470138
-1.0681639963463196,1.8499714092955464
-1.302141347537497,1.7611351756991802
-1.1329779564045868,1.8398369525507179
2.443742124553632,-0.18415949256903266
2.4437421245618918,0.1841594933499769
2.379700919589629,-0.23607717956107285
2.379700919518218,0.23607717966715605
-1.0629275604877058,1.8308370290552725
2.3675584931991454,-0.2277632777428586
2.367558492880019,0.22776327734839244
2.492583969589424,0.027199342718185984
2.492583969684043,-0.027199342617622056
2.4543303446438607,0.08248681858908839
2.4543303442076922,-0.08248681926351238
2.402428992425033,-0.13994614826304694
2.4024289932515845,0.13994614917347434
2.463800287204316,8.526280600205048e-11
2.437634446524309,-9.385496148009412e-11
2.4105834200081575,-0.06618636626918482
2.4105834200910543,0.06618636618631056
-1.4841905335680579,-1.3875551218022146
-1.4672833541337462,-1.4372440926821644
-1.0629275600839585,-1.830837029451656
-1.4841905335678738,1.3875551218023274
-1.0651225225582426,-1.815251233253743
-1.4280145759760134,-1.4966951066010876
-1.4280145759754808,1.496695106605123
-1.0651225203496755,1.8152512272943147
-1.3833934065577718,1.558165166150613
-1.114798908904503,1.7623159694139698
-1.2812008787870115,1.671456368335328
2.2786614816461888,0.265823255003163
2.3385014523156156,0.19608702182513849
2.338501453213629,-0.19608702132088768
2.278661481415749,-0.2658232549412705
2.368286792938016,0.12512238610367657
2.3682867930894775,-0.12512238560102873
-0.9882419465260739,1.7921035044728217
2.376630890035615,-1.1797711523413416e-10
-1.3833934065634002,-1.558165166164305
-1.281200879059752,-1.6714563683304653
-1.0509720698007778,-1.7606198703274503
-1.333857341895999,1.617387425544904
-1.1726798886044796,1.747648340745575
-1.3338573418456208,-1.6173874254846137
-1.1147989096959343,-1.7623159690324295
-1.2274827887403852,1.716414226788736
-1.1726798879602147,-1.7476483401208411
2.2623054665909286,-0.24796153228115952
2.312760820046833,-0.18265672400875502
2.3127608195750815,0.1826567231266225
2.2623054665207105,0.24796153180336195
-1.4655281936580529,-1.2980730528511033
-1.4455282999641088,-1.351987495750219
-1.4655281936583378,1.2980730528504558
-1.4455282999658898,1.3519874957531517
-1.4053340292209793,1.414564760631275
-0.988241946793509,-1.7921035046920772
-0.989791004971741,-1.7814318795098831
-0.9897910024827559,1.7814318915766296
-1.2274827885032646,-1.7164142273380891
-1.0509720693672433,1.7606198696363609
-1.3077639594761952,1.5454484158431785
-1.1142845643745127,-1.739141081543816
-1.212342025465201,-1.6878916201436496
-1.2123420267473597,1.6878916199046445
-1.1142845607641176,1.7391410793491242
-1.052330431265652,1.736200504477488
2.243847643437552,-0.2363135435253647
2.243847644585058,0.23631354388078207
2.3336854097149264,6.918183817330588e-11
2.3082260068904468,-0.06488868097650408
2.3082260072660357,0.06488868125144823
-1.405334029236743,-1.4145647606340588
-1.3595006302504473,-1.4798638356212508
-1.3595006302927322,1.4798638356083584
-0.9805199625759186,1.7451422490268211
-1.165418342795986,1.7039427663979962
-0.9805199612885037,-1.7451422488987727
-1.0523304229644963,-1.7362005098303235
-1.2507266411810318,-1.6128162652403863
-1.1654183444951207,-1.7039427631328867
-1.2507266412998779,1.612816264794085
-1.4478555415978016,-1.2065041514050263
2.1734872955433815,-0.2932085255208683
-0.9082776831756926,-1.7370521766650941
-1.4246590812350444,-1.2645876756068726
2.161911286152723,-0.2844636118587418
2.1734872956113667,0.29320852554210153
-1.3077639595710053,-1.5454484157713757
2.1619112855840448,0.28446361218557836
2.2050528581187545,-0.19020720621230516
2.2630719745741987,-0.12717495824563427
-1.3829490543812435,-1.3299935665123956
-1.447855541597465,1.2065041514053059
-1.4246590812339242,1.2645876756065573
2.263071973356894,0.12717495830842873
-1.3829490543845564,1.3299935665065703
2.2050528586604212,0.19020720487266815
-0.9082776911392256,1.73705217549981
2.2905353055186035,2.209639103019525e-10
-0.9842581278438184,-1.7258257815019382
-0.9842581144538102,1.7258257904559446
-1.3353550325071948,-1.3969577898944912
-1.3353550325198995,1.3969577899071066
-0.904180648353554,1.7173858163470355
2.257052873732805,-0.044066739227947585
2.2570528733396618,0.04406673901638802
-1.2825780890259277,1.461728663204618
-1.431262199183631,1.112966990915199
-0.9074170294427181,1.7020977625026195
-1.4049660660312775,1.1751397829439107
-1.4312621991832382,-1.1129669909150304
-1.4049660660322434,-1.1751397829450632
2.068240867584283,-0.3265899192943598
2.1349826654411816,-0.25139119822254513
-1.225793233613626,1.521519601622522
2.068240867643218,0.3265899189722286
-0.904180650127968,-1.71738581678301
-1.0396678463062308,1.639051352345835
-0.9074170041216345,-1.7020977512454074
2.134982666048413,0.2513911988638068
2.221183621899805,-0.10930032203106373
-1.2825780890844507,-1.4617286631903934
-1.2257932335297668,-1.5215196017818111
-1.1663005541450748,1.5730781432530618
2.221183621934755,0.10930032175129685
-1.1044230294816755,1.6130513546776137
2.172369110960117,-0.17414254224821527
2.172369111813516,0.1741425424572977
-1.1044230300996387,-1.6130513546456358
-1.0396678459210957,-1.6390513528325288
-1.1663005539472917,-1.573078142907063
-1.147583047910071,1.5289982356877687
2.1142935561958844,0.11051750067947597
2.151733766464882,0.04238789417086157
-1.1015663924730081,-1.5688180946359305
-1.147583048448033,-1.5289982355302636
2.110400728945641,-0.23707618815346412
2.0531435949217576,-0.30795258818614285
2.1104007279198087,0.2370761891478805
2.053143594641369,0.3079525882620357
2.194531874049126,-7.066494414672918e-11
2.035562450778913,-0.29570459295613
2.0355624510527477,0.2957045914759101
2.1517337666573075,-0.04238789390525283
2.1142935557578135,-0.110517501419852
-1.4158233401379212,1.0176323809242056
-1.3619810616606813,1.2436941815058835
-1.386385340603055,1.0838429812639392
-1.3619810616544032,-1.2436941815081404
-0.8224833144331691,1.6777045132138413
-1.4158233401382412,-1.017632380924591
-1.4016190143805551,-0.9206369272124137
-0.8245974376941393,1.6668911720541817
-1.3132108006212329,1.314292672608174
-0.8224833142700767,-1.6777045115562925
-0.8245974368345982,-1.6668912215695686
-1.31321080062703,-1.3142926725820605
-1.3863853406016582,-1.0838429812627746
-1.2589543471880211,1.3850091955088293
-0.8176225941881261,1.6298937834514904
-0.9708390910081728,1.6498612522349128
-0.8968227045525986,1.646283366829062
-1.1015663928799666,1.568818093439858
-1.0351712260329866,1.6053112511614815
-0.9738762648259788,1.620540185028533
-0.9708390920201053,-1.6498612521046359
-1.2001623913406607,1.4562770115210237
-1.258954347215295,-1.3850091955619181
-0.8968226999358305,-1.6462833670255415
-1.0351712247367042,-1.6053112495811603
-0.9009094581723744,1.6224585212097322
-1.3415844516412438,1.1552859295175197
-1.2001623912366928,-1.4562770114290806
-0.9738762648084789,-1.620540187498898
-0.8176226041619754,-1.6298937839596728
-0.9009094685991902,-1.6224585061058583
-1.3415844516437856,-1.1552859295111886
-0.8224041434388952,-1.6104364823437567
1.9595617367607296,0.35744134170310327
1.9595617367509905,-0.3574413416970695
2.0633006156425315,-0.1791804421798499
2.063300616045777,0.17918044356789345
2.09792906527971,-0.020976967372438052
2.097929065620871,0.02097696731399001
-1.40161901438043,0.920636927212662
-0.7365730392171453,1.621678966380637
-0.7365730724676633,-1.6216789508509326
-0.8224041952397101,1.6104364445263322
-1.2907615424274554,1.2276657199414953
-1.290761542448606,-1.2276657199531007
1.9485904712408904,0.3483062209884586
1.9485904715074804,-0.3483062206859851
1.999491810846846,0.2477486239871323
1.99949181204652,-0.24774862447932158
2.0648468974017122,0.08863365954243294
-1.3691613721631004,0.9908024682069819
2.0648468974187906,-0.08863365957606445
-1.3691613721624805,-0.9908024682081632
-0.7336777670387289,1.6015783944162472
-0.7336777538202028,-1.6015783867124047
-1.1738011246529354,1.3632773018227888
-0.7379635104287003,1.5862167568071153
-1.2346054697353637,1.2978564790304858
-0.737963651714458,-1.586216769865853
-1.2346054696973372,-1.2978564790846647
-1.3228099451577655,1.0653261648869157
-1.322809945158521,-1.0653261648872094
-1.173801124550097,-1.3632773016891504
-1.1091098907594654,-1.4211245407871471
2.023245129136471,0.15979559349918607
1.9238642752483794,0.3139609445244929
2.0232451292182847,-0.15979559298175988
1.9238642747136627,-0.31396094468006286
1.8508737801381994,-0.3944243868692453
1.9683623791710623,0.23056878553971635
1.9683623796912486,-0.23056878645096748
-1.3887124866048386,-0.8221516101677744
-1.3887124866054135,0.8221516101675086
-1.3532413632142968,0.8962138278501054
-0.8937245505216311,-1.5263605679827548
-0.8937245487824611,1.526360569791582
-1.1091098904354626,1.4211245408749287
-0.9690852214415597,1.5043006437360538
-0.9690852204369733,-1.5043006436100876
-1.0408470889360122,-1.4687698567185345
-1.0408470889328583,1.4687698561669265
-1.2707913126241905,1.1411107305614507
-1.2707913126206083,-1.1411107305649342
1.8508737798807875,0.3944243871115465
1.9005266166389856,-0.2988422126457007
1.8370833080697233,-0.3751118498130967
1.900526617712488,0.2988422125974425
1.8370833080220135,0.37511184992243735
-1.3532413632163096,-0.8962138278476186
-0.645287111949738,-1.5614420468344012
-0.6480457510287054,-1.550569763287687
-0.6452871105339487,1.5614420342195527
-0.6480458525193444,1.5505699338771781
-0.814365541408457,-1.5346195320062246
-0.814365545915833,1.5346195258073279
-1.0927817950488459,-1.3657910958452129
-1.213668632207777,-1.2167607065455543
-0.8965838205471057,-1.491386034917086
-1.213668632219956,1.2167607065538506
-0.8965838247119546,1.491386031547015
-1.152343793180786,1.2921602400011278
-1.0927817950549956,1.365791095903552
1.8204282271151877,0.36230921942554767
1.8204282285026054,-0.36230921897381235
1.9927380913299901,-0.01746763428140957
1.9927380914555408,0.017467634052990302
1.9128038958321123,-0.16373265815535434
1.9559106055420954,-0.08941753561544735
1.9559106057931317,0.08941753616265656
-1.3771726904485762,0.7223251727446512
-1.3048607107496075,0.9735891631429567
-1.3771726904488497,-0.7223251727446877
-1.304860710753095,-0.9735891631497012
-0.7308518895217467,1.5298019415512796
-0.7308519065364135,-1.5298019235127487
-1.0373300619831425,1.4200348411166692
-0.8194988364124752,1.5049494191256738
-1.1523437931840534,-1.292160239984473
-1.037330062199186,-1.420034840999412
-0.8194988394444662,-1.5049493901873585
-0.9666893591507694,1.460923810222688
-0.9666893598393863,-1.4609238110374994
1.7394765969927406,-0.42871654875196047
1.7394765970444703,0.42871654870808235
1.9128038949139998,0.1637326575207927
1.7291360097019919,-0.4192271308718072
1.7291360105145408,0.4192271328615857
-1.3670500248956128,-0.6213292925597833
-1.3388336933450584,-0.8001936425973865
-1.338833693346445,0.8001936425967878
-0.6433806029177159,1.5129265291741938
-0.7370145270942118,1.505607694202744
-0.5538277995695849,1.5049697398625896
-0.5538277426818796,-1.5049698410101444
-1.3670500248956108,0.6213292925604921
-0.6433805553725149,-1.512926562539868
-1.2505489294293486,1.051214360138718
-0.7370145354407172,-1.5056078034015148
-1.2505489294074135,-1.0512143601433146
-1.126009674986937,-1.1974793470624123
-1.1260096748262256,1.1974793470321816
-1.3258894699342627,0.7029311186288913
-1.0564065007190662,1.2613593189608159
-0.6495612237099909,-1.493477136216986
-1.056406500558155,-1.2613593193112456
-0.649561160065777,1.4934774071710055
-1.2887127033975212,0.8805184815669003
-1.3584007516549828,0.5193209952549412
-0.5522014750993729,-1.4844918227362316
-0.5522013894069997,1.4844918357777153
-1.1908407452809924,1.1266130187737593
-1.190840745282512,-1.126613018711864
-0.5574977381610572,-1.4690925254480551
-0.5574981300114359,1.4690922344227786
-1.2887127033947243,-0.8805184815653799
1.8563552823230625,-0.238581964021771
-1.358400751655089,-0.519320995255496
1.8563552838002857,0.2385819639282061
1.787230931901209,-0.3126268493434112
1.628129511851019,-0.469217412559373
1.9190596756764327,-2.0997115733331523e-10
-1.2331639238532885,0.9612833117781461
1.6281295130477027,0.4692174118730095
1.8999366633720876,-0.06367935815682642
1.899936664057218,0.06367935834243137
1.787230930907223,0.3126268501712556
-1.3258894699373476,-0.7029311186315883
1.7066971143164933,-0.3837566249481441
1.8654798728040596,-0.1400796833055459
-0.9822528126132977,1.3160718481709457
-1.35126130298557,-0.416472297501233
1.8654798718866565,0.14007968371983998
1.7066971146740033,0.3837566241811445
-0.9038232428360514,1.360016891189177
-0.9822528120090172,-1.3160718476453162
-1.2331639238665624,-0.9612833117675076
1.8182609879841458,-0.21777242937116972
-0.9038232441528153,-1.36001689034684
-0.8215112461989343,-1.3919746079523962
-0.7355849891489213,1.4112246478337613
1.8182609888270904,0.21777242833804247
1.7577481464811238,0.29439911893930376
-1.172861871070023,1.0415998323243683
-1.172861871071194,-1.041599832367969
-1.2736111675474837,-0.7860005418090138
-1.3145873174658493,-0.6045535216804792
1.7577481466316305,-0.29439911773974614
-1.3512613029853278,0.4164722975010617
-0.8215112450875826,1.3919746054429658
-1.273611167558637,0.7860005418088108
-0.45751076992735273,-1.444378042081735
-1.314587317468163,0.604553521681738
-0.7355849829915428,-1.411224652740302
-0.6462915465580795,-1.4177832390938543
-1.1085301987311815,-1.1211291239891985
-1.0435850800313933,-1.1975623289106725
-0.9791624788786745,-1.2605605124221617
1.6156940349905158,0.449328098640671
1.6846532104412748,0.3678984705154373
1.615694034842475,-0.449328098406619
1.684653211997485,-0.36789846990957753
1.8109721415753937,1.8134465165784011e-10
-0.45751081426429757,1.4443780739363163
-0.46093211820940305,1.4334662754548806
-0.46093264410054335,-1.4334664301149498
-0.6462915477569553,1.4177832761438167
-1.1085301987883236,1.1211291240442907
-1.2155830735908484,-0.8686081288526992
-0.9044856261575215,-1.3094140314325817
-0.9044856252612273,1.3094140316624092
-0.9791624791194553,1.260560512412437
-1.043585079901262,1.1975623288735464
1.5999942272069658,0.4360297307286153
1.599994223188721,-0.4360297307622277
1.7891632243210207,0.06395331227685407
1.7891632248352531,-0.06395331248607894
-1.345673825299431,0.31294583956162403
-1.2155830735787567,0.8686081288760908
-1.3456738252988443,-0.3129458395615427
-1.3048758578184976,-0.5052426800688321
-0.5538949021390734,-1.412244174439359
-0.8253879186352309,1.349540202179222
-0.742407360591433,1.375278546790963
-0.8253879168878369,-1.3495402074738758
-0.6543120787283084,-1.3879478337178224
-1.26046214566422,-0.6903940620266978
1.51481508836566,-0.5068685226084426
1.5148150882543816,0.506868522321392
1.7533810188383252,-0.14340842199439113
1.7533810196675939,0.143408421842804
-0.7424073430074515,-1.3752785214802394
-0.553894868303627,1.4122440691412883
-1.341659703100647,-0.20891331522030324
-1.3416597031007367,0.20891331522080944
-0.6543119613616527,1.3879477746483273
-1.3048758578214972,0.5052426800680387
-1.3392457769608586,-0.10454114256503665
-1.3392457769601518,0.10454114256471041
-1.2604621456575333,0.6903940620318351
-1.1521459361004696,-0.9489235653867434
-1.1521459360596888,0.9489235653389059
1.5051342922975381,-0.49707086512833276
1.5051342933590262,0.49707085936761064
1.705192551656296,0.2244844349081968
1.7051925527423615,-0.2244844340174444
1.3905543950908523,-0.5303851473409597
1.4016025201439903,0.5507496746276538
1.643676155713688,0.30537144365940827
-0.36097184097701546,-1.3879713557376234
-0.4586439873818234,-1.3953066196050619
1.6993027224836859,-0.11503871087034996
-0.3609719109227943,1.3879716160257534
-1.3384375444786714,-2.8410180511802304e-14
-0.45864403027678635,1.395306827350921
-0.5620500221813215,-1.3880058277450444
-1.083225443787648,1.0249710203889912
-1.0832254436581314,-1.0249710204515572
-0.562050377325063,1.388005989349558
-1.0088438120991972,-1.0946059607067973
-1.0088438121648113,1.0946059610215684
1.569800484729695,0.3847625090475194
1.6436761550479473,-0.3053714454441806
1.5698004843187057,-0.38476250733658107
1.7245357948224223,0.03569900259309639
1.7245357960688112,-0.03569900176822204
1.4850458325894527,-0.4606245849066801
1.4016025247971964,-0.5507496751911447
-1.296907843067226,0.40513517856985604
-0.9291124907652332,1.1559510093719811
-1.2969078430700605,-0.40513517856725656
1.6602094342029452,-0.19909304758949464
-0.4662644846893666,-1.3758669295084904
-0.36066208956832474,1.3671747390426248
-0.8443697711366516,1.2075993775853915
-0.4662639433330403,1.375866339732066
-0.36066202127002583,-1.3671749702712988
-0.9291124913790909,-1.1559510094832288
-1.2011585249388492,-0.7758435666146064
-0.8443697703687238,-1.20759937822664
-1.201158524932713,0.7758435665846853
-1.2485421804397447,-0.5936673687889904
-1.0697245938450457,-0.9439772897704669
1.6993027224324622,0.11503870903894177
1.660209435702585,0.19909304915234124
1.6076640358648409,-0.2832511024993206
1.4850458320160709,0.4606245838501479
1.6076640335442338,0.2832511019000831
1.5420431049205616,-0.3655722336624183
1.5420431067077625,0.36557223380971876
1.4643491061539349,-0.4441039368271292
1.3905543934301017,0.5303851470374031
-0.36698982025331434,1.3517816960878692
-0.9999063835292238,-1.0238910781065131
1.4643491097285335,0.444103935411067
-0.36698982055893603,-1.3517805369532543
-1.2485421804322026,0.5936673687989625
-1.0697245936811766,0.9439772898458028
-0.2601297318371919,1.327543454699272
-1.1374051405769263,0.8604892112007879
-1.1374051405007468,-0.8604892111628903
-1.2906238506550098,-0.3044051819472563
-1.2906238506532455,0.3044051819476363
-0.26012982892011,-1.327543403986014
-0.7552025764421734,-1.248450870097621
-1.2861532305746755,-0.2031973616873324
-0.264228757849987,1.3166150695059409
1.3758508276162134,0.5166369665826737
-0.2642279113341055,-1.3166157308074475
-1.2861532305756902,0.2031973616837881
-1.2834238386875543,0.10167828973240485
-1.2386961977642168,-0.4961141330306398
-1.186629182636957,-0.6809108479733674
-1.238696197763431,0.4961141330163498
-1.1866291826295121,0.6809108479416311
1.2871687840954271,0.5916335635099658
1.3758508392520685,-0.5166369736431294
1.2871687838237351,-0.5916335614690574
-0.662253046354913,-1.277698116577083
-0.7552025755647422,1.248450871918701
-0.66225304453835,1.2776981100650115
-1.2834238386857084,-0.10167828973247067
-1.2825435768673776,1.7670336017625824e-12
-0.9999063836143102,1.0238910778177417
-0.9279787340384786,-1.09341900295767
1.6120888886898876,-0.036071291927636806
1.612088889127299,0.03607129170799656
1.2781560930324873,-0.5815640015210329
1.5856094889879733,0.11777666831117607
1.278156084681799,0.5815640197834758
1.1728878436010988,0.6387124350149188
-0.46755784171100423,-1.3004695658874108
-0.5661657063957436,-1.2949870671732067
-0.2643705148000755,1.2780682761203228
-0.46755775163757635,1.300469576904512
-0.927978734268061,1.0934190033611544
-0.366886889349454,1.2946635351984024
-0.848017281630088,-1.1505228969865962
-1.2302195170626242,-0.3977642169062669
-0.7616637530962729,-1.1986066765551675
-0.8480172807567573,1.1505228972126214
-1.2302195170630328,0.39776421689646346
-1.1193089202647826,-0.7657809673418362
-1.1193089203385256,0.7657809673607144
1.5856094892625943,-0.11777666768954549
1.5458673133992955,-0.20497404658239457
1.545867313366537,0.20497404547201253
1.4928769827436301,0.2927016424247684
1.4267701780617517,0.3794419795579447
1.1728878300828276,-0.6387124295196336
-0.15903659050299018,1.2716947421764444
-0.1590369914788296,-1.2716948673535924
-0.5661657305568045,1.294987077336177
-0.264370866532675,-1.278068292704874
-0.3668866751160464,-1.2946635866876093
-0.7616637511756712,1.1986066729898728
-0.671392554901852,-1.234992971752171
-0.6713925783409018,1.2349929692154575
-1.1754876363884386,-0.5858735944472161
-1.0462218297122168,0.846675103619352
-1.0462218298025334,-0.8466751034847967
-0.5767354374930146,-1.2589244056515991
-1.1754876364284197,0.5858735944672993
-0.9671219051926492,-0.9217437610270564
1.4928769819710843,-0.2927016407895458
1.426770179897761,-0.3794419808760751
1.3487664959941288,0.46396566705129233
1.3487664946083089,-0.4639656678257569
1.260491063002441,0.5443045267617823
1.2604910655147163,-0.5443045216652145
1.1632562746817001,0.617966408804022
1.1632562635377437,-0.6179664084267782
-1.2239061174771637,0.2988593540186248
-1.2239061174645072,-0.2988593540073301
-0.9671219049701159,0.9217437607887219
-0.4783702705581791,-1.2706518896099843
-0.5767353609668978,1.2589244816340524
-0.16009002680136522,-1.2506496154967497
-0.37707659845598873,-1.2705208772367653
-0.47837045999142397,1.2706515792677782
-0.16009026497618511,1.250649823684797
-0.37707602874092805,1.2705215455416299
-0.8820116596301115,-0.9893349984983404
-0.2734504853804773,-1.2586885523857698
-0.8820116601556903,0.9893349981678532
-0.05423462571318632,1.2119245913529129
-0.2734518922379284,1.258688045089968
-0.054234610370651706,-1.2119247010545373
-0.7912347560092113,-1.0481617039793443
-0.16745690800439206,1.235303263453422
-0.1674584999296674,-1.23530401019497
-1.1080634729456824,-0.6744470692419867
-0.7912347564636287,1.048161704899313
-1.1643278041416927,-0.48922628198820217
-1.2190571976951978,-0.19947805365711277
-1.2190571976959583,0.19947805366430651
-1.0367729225832398,-0.7616023555630229
-1.1080634728333947,0.6744470693068431
-1.1643278041679883,0.48922628200877344
-1.2164263269104767,-0.09981829232747955
-1.2164263268937978,0.09981829232457476
-0.05903129939222106,-1.2010079913594314
-0.05903156519634149,1.2010092269797767
0.050836943482088365,-1.1570994001071038
1.0581286466697488,0.6826430346357621
1.0581286491157904,-0.6826430440164964
1.149569372083467,-0.6038352895265559
1.1495694042681808,0.6038353208277749
1.2411745251510689,-0.5271814128136795
1.0498066803392787,-0.6723373866585451
1.0498067096961015,0.6723373243855357
1.2411745123074829,0.5271814173423635
1.3228107823062685,-0.4438905411019176
1.3228107814724506,0.4438905371741176
1.5367168999782421,-1.0736285775200021e-09
1.524618351662154,-0.08454862042012486
1.3929551044214334,-0.35610605574948645
1.5246183536995321,0.084548621642488
1.4945087688389407,-0.1743111412972787
0.050836687967522436,1.1570991287305359
-1.2153080655111117,-3.661269537351238e-12
1.4504247277749356,-0.265684756374144
1.3929551048368396,0.35610605853882826
1.4504247293635564,0.26568475399921976
1.494508766217679,0.1743111420833953
-1.0367729226008437,0.7616023552625403
0.9435660896354169,-0.7326848727357373
0.9435660465838538,0.7326848646773138
0.0483867375127976,1.1358882453434505
0.04838649477641662,-1.1358882630249738
-0.9622845771479501,0.8451514234623307
0.9353720673118963,0.7116604355176486
-0.6954463451055571,-1.0971908741890346
-0.6954463436797695,1.0971908753563753
-0.962284576705685,-0.8451514231632417
-1.156726456645891,-0.39248704122380257
-1.1567264565948787,0.39248704124176587
-0.8838820628521038,-0.9202574540199816
-0.8838820622425393,0.9202574542819689
0.9353721172292714,-0.7116604181334756
1.0346041756718023,-0.6344286455736314
1.034604182535171,0.6344286196024357
0.8292712238394314,-0.7794333795078827
0.8292712495624018,0.7794334031270547
-1.0930139747082754,-0.5782287978120781
-0.5954587289174287,1.13560291977231
-0.7981045380588475,0.984864913649679
-0.1708539180104627,1.1780855391604848
-0.06164129496900784,1.1622042472456968
-0.7981045376262422,-0.9848649140537922
0.15897834583417467,1.0984616042396294
-0.5954587321990775,-1.1356029239829861
-0.061641135461289076,-1.162204470932981
0.15897837050599498,-1.0984615134038143
-0.7053231109230538,1.040503587913622
-0.7053231127235767,-1.0405035858562588
0.8216494674606039,0.7689324953105816
-0.17085391405353495,-1.178085354462981
0.8216494527516783,-0.7689323104785378
0.15347711542419393,1.0876034323532364
-0.6077441525512135,-1.086025659733147
0.0399762880466803,1.120614118445746
0.15347627260154997,-1.087603590705538
0.039977422967903464,-1.1206151740689312
-1.0930139746316947,0.5782287978392384
-1.0156992472140767,-0.6635753711801989
-1.149176201966981,-0.2946821141874858
-1.1491762019389027,0.29468211418488155
-0.49215640848912556,-1.1628706487598157
-1.0156992472332496,0.6635753710064061
-0.38645794315176174,-1.178836170095315
-0.27918024772389,-1.1837436595871689
1.125692566637883,-0.5499358233547421
1.2071668637302506,-0.4605593362708245
1.1256925705480343,0.5499358258567513
-0.49215642139848625,1.162870646266984
0.9227247754993415,0.6971927142548808
-0.2791802363465838,1.183743575988821
0.9227248967866323,-0.6971927744774519
-0.38645793175795784,1.1788361989789795
1.207166861998333,0.46055933801444215
0.7152048552621546,0.8321556883590203
0.7152047831790439,-0.8321557427193064
-0.6077441496317665,1.086025645578868
-0.07220771160799759,1.1429519135178432
0.26739986971175517,1.0450917058653069
0.2673999608260772,-1.0450915430263323
1.2773172948688047,0.36820733406321793
1.2773172931212458,-0.3682073346652968
-0.07220764122657153,-1.1429502919761498
1.0167111946666916,-0.6167820545868997
1.0167112372009146,0.6167820244579687
0.4893240364243684,0.9365217792301955
0.602137452002,0.881447310022903
0.3782255575865312,0.9880342821997022
0.6021375260198539,-0.8814473089138268
-0.9319191142120229,0.743709147818266
-0.9319191139035207,-0.743709147666018
0.3782254863977043,-0.9880343519307676
-0.18307587338944364,1.1541416975160257
0.4893239810008344,-0.9365217047630675
-0.1830766325872507,-1.154142554742468
0.5952232791570813,-0.8707902003311099
0.5952230329158471,0.870790144348129
0.26353483177556075,1.0237939588346514
0.37202133923310804,0.9772582394571686
0.26353508250057955,-1.0237940465434163
0.37202143710275176,-0.9772585812067551
-0.5059499532809264,-1.1202476971709387
1.1015869529794284,-0.5290619452554194
1.3347537133478908,-0.2740728211471473
1.1015869513903465,0.5290619608039021
1.421959453632406,1.869909911355601e-10
1.334753712035991,0.2740728211287327
1.4094684064465508,0.0867118205970595
1.3789406253925958,0.1793744784587629
1.4094684067818972,-0.0867118209582913
0.708452869551361,0.810945918660403
0.7084528081537083,-0.8109460495055304
-0.2927446280623571,1.1541533546751575
-0.2927441029970962,-1.1541531070453739
-1.1452974174259254,0.19681561288554117
-1.0854751992165053,0.48453353212956746
-1.0854751991895002,-0.4845335322804084
-1.1452974173965251,-0.19681561293616212
1.3789406246336422,-0.17937447818054314
-1.1415141700494915,0.09841857716610646
-0.400655377419313,1.1429408131690277
-0.5059500025803001,1.1202477368574197
-0.40065558184811995,-1.1429408929641107
1.1756438771915565,-0.4360945964698449
1.1756438784362317,0.43609459330974754
0.14835921450184977,-1.0486666969508205
-0.8415721693115892,0.817158908541745
0.8089490983475977,-0.730531693359413
0.48402046684151384,0.9152193114782534
0.8089491575643109,0.7305317843583675
0.14835929759556452,1.048666962892671
-0.8415721697527285,-0.8171589080633173
0.4840203661312243,-0.9152190906426138
0.696853075624284,-0.7962036975559162
0.2540541998497084,-1.0086443213592378
0.2540538621543899,1.0086450624693715
0.6968533082594133,0.7962035451806972
1.2375585921175951,0.33969667592096503
0.47348114322398366,-0.9002480911897814
1.2375585946553138,-0.3396966770397272
-1.1415141700271976,-0.09841857716792549
-1.1414587705052475,2.9929385718693575e-11
0.9021354269316546,0.6422628100565964
-0.7449791841148289,-0.8827127252085116
-0.7449791834848978,0.8827127241250837
0.47348140259034677,0.9002482975397187
-1.0103825581310037,-0.5749769305270189
-1.0103825584146413,0.5749769307756086
0.7924928585238392,-0.7124272196465643
0.13632133947990985,-1.029611683890103
0.03307869163678387,-1.0634885648894974
-1.0738180215955122,0.38734557868205577
0.033078736603473005,1.0634884035667391
0.13632236924468594,1.0296114023986414
-0.9313276761071471,0.6620477955686613
0.7924928257215543,0.7124273704571645
1.2864357199558127,0.2413904035862015
0.9021354674891062,-0.6422628151970584
0.5850472127426606,-0.8320600458551538
1.2864357185816748,-0.24139040074979676
1.3215876438265188,0.14300499928903346
0.36437165285695877,0.9383524952914463
1.3412141846075265,0.04694419226245632
1.3215876431427764,-0.1430050020628307
0.36437147840331513,-0.9383527632841252
-0.9313276768098941,-0.6620477953206508
0.5850469830944456,0.8320600434356212
1.3412141868528984,-0.046944191100876484
-1.073818021553685,-0.3873455787460809
-0.8470960410215614,-0.7421734773522326
0.9864141070840302,-0.5483762790916751
0.9864141138910418,0.5483762771634961
-0.0822563082843493,-1.0686223142698053
0.01882060260687958,-1.0398296361380213
0.8799318002214566,-0.620661301276641
0.35085567161977116,-0.919541938319558
0.8799317814285327,0.6206612625604617
-0.08225633835957541,1.0686223951608205
-0.642809156734063,0.9393643000066846
-0.8470960411754885,0.7421734762275661
-0.6428091541548332,-0.9393643003084909
-1.0701346769127302,0.29183748881264127
1.060016570136976,-0.4507262909917613
0.018819834864595618,1.039829174726751
0.5700572308931823,0.8135670462098067
0.35085549189019033,0.9195415237836626
0.5700574553837909,-0.8135670754009902
-1.0701346768192814,-0.291837488682486
-0.992254054416227,0.47670077584403386
-0.9922540543387475,-0.47670077569956987
-1.0621322099609019,0.1942317624146504
-0.1975311513423006,1.0638683009273615
-0.19753116543425628,-1.0638683488302094
-0.7554730444317965,0.8134874578589365
-1.0621322099642696,-0.19423176235000836
-0.5359417772928475,0.9862827709525531
0.2436907466425977,-0.9517845317528821
0.6796259246789026,-0.7404336427029216
1.0600165691541605,0.4507262894877398
-0.09853325052606789,-1.0394239628641608
0.95727695845548,-0.5228770749650434
0.24369049727215347,0.9517845951330284
-0.5359417803930365,-0.9862827659650035
0.6796259844409096,0.7404335383723036
1.1214506036127492,-0.3504924590868618
0.9572769655128869,0.5228770761353658
-0.7554730433997234,-0.8134874571904006
1.121450603713061,0.35049246049392013
-0.09853304847252406,1.039424443982423
0.45966235604236644,-0.8438370703757692
1.16995826865707,-0.24871515133567432
1.1699582689081658,0.24871515044585596
0.45966247816947947,0.8438372454365496
-0.3122133621013448,-1.048719505846172
1.2050131595030402,0.1471514761908945
1.2050131597985367,-0.14715147577622173
1.2247241382325622,0.04826058955970618
0.2274050833879174,-0.9285118756809093
1.2247241379915044,-0.048260589672742896
0.22740492263539164,0.9285123091474957
0.6593677371527363,-0.7181927940732732
0.6593678284956008,0.7181927554602907
1.0230931903854736,-0.42084830294573794
-0.3122133675772241,1.0487195325470828
1.0230931871741415,0.4208483057929324
-0.9038454722310371,-0.5614863081446595
-0.6565692814879969,-0.8763507159501441
-0.9038454719157678,0.5614863081568441
-0.6565692813711362,0.8763507163586576
0.7660414789244094,-0.6424429260318256
0.7660414948657889,0.6424429605410948
0.12202775718111547,-0.9560721667971931
-1.0623790003461269,-0.09746568449745727
-1.0623790001875013,0.09746568445065074
-0.21524328632102,-1.0283692731137901
-0.552064229434642,-0.9300835460027783
-0.5520642267508983,0.9300835495932138
0.12202792216280062,0.9560721999613786
1.0763804765063603,-0.31600871919680223
-0.42538139540433356,-1.0228512990510759
-0.21524328363476877,1.028369047553908
0.441376480169954,-0.8210409373177289
-1.0582086268578774,-2.6617760668770168e-11
-0.4253813957224946,1.02285128580997
0.4413766363834391,0.8210410255326129
-0.8083921200860765,-0.6403862659551731
-0.9911180026821447,-0.3851255994710667
-0.9911180022992455,0.38512559952895625
-0.33041889245559586,-1.0064596556725027
-0.44303702312717586,-0.9736276060473232
1.0763804796500447,0.31600871779773854
0.84247901062645,-0.5398660592846257
0.7393630531793904,-0.6160014265901993
1.1164085411997369,-0.20986904111523452
0.5475538994012199,-0.7421983578229109
-0.33041890466020407,1.0064597320732536
0.10308034976610131,-0.927398346568925
1.1164085383563576,0.20986904073558577
0.3324133706344724,-0.8469907371399258
1.1420729380266956,-0.10419447626621343
-0.4430370237905468,0.9736275843181891
1.142072939745819,0.1041944779862624
0.8424790030449119,0.5398660556383733
-0.8083921202909391,0.640386265430688
-0.0005340533718828309,-0.9511018055323405
0.33241338667246184,0.8469905888756859
0.7393630326702256,0.6160014413266204
0.5475538129547685,0.7421983731686062
0.1030806382138376,0.9273982002613614
1.1511658474926019,-1.1203296684916862e-09
-0.9075857137240668,-0.4754453838239686
-0.9075857139964212,0.4754453830817929
-0.0005341440671872097,0.9511017591634381
0.9073989757535256,0.4338906745592501
0.9073989735869261,-0.43389067388258834
-0.9763544447043505,0.2871112067689321
-0.9763544448363916,-0.2871112068298603
-0.9793915689109108,0.19310697896950765
-0.8179664233737901,0.5601337042438724
-0.8179664225128899,-0.5601337032691572
0.523395489718942,0.7149104707733859
0.3108381960854756,0.8189523843606474
0.8085138295764956,0.5087365608753539
0.3108382652137853,-0.8189525108529673
-0.9793915686836384,-0.19310697927630646
0.5233955395817634,-0.7149104761776484
0.8085138253842246,-0.5087365610323026
-0.7061744837547601,0.7122372197374597
0.9599006058898145,0.32548342872258046
-0.0216688158337534,-0.9161880792346164
-0.12351725055025851,-0.9363580825281385
0.9599006068227774,-0.32548342921650664
-0.7061744831008244,-0.7122372190463732
0.6262081954779208,-0.6351229457527073
-0.021668972325147428,0.9161880627969815
-0.12351720757385565,0.936358112492486
0.626208203854725,0.6351229228016037
0.9994094459704391,-0.2160035039881321
0.9994094463603787,0.2160035042928889
1.0248133461240554,-0.10719736749024254
1.0248133460025912,0.10719736737288947
1.0338262249381593,2.035900556058995e-11
0.865749553596673,0.3977978720992714
0.8657495537955227,-0.3977978746733639
0.2033013705669412,-0.8414872071418971
0.20330131472375276,0.8414872794988415
-0.9754545998760566,1.89881657830791e-10
-0.9683225789697507,0.095885845429001
0.4126729920717983,0.7358980364041166
0.4126729475092166,-0.7358980074974069
-0.9683225788453,-0.09588584542220326
-0.4843112146868497,0.8309132577858926
-0.597847791492464,0.7760320230822397
-0.2459480728023162,0.9114220052542539
-0.24594805507537423,-0.9114220174816602
-0.597847793041082,-0.7760320229067686
-0.8834088576158257,0.37609524410065176
-0.7206739413128048,0.6374778758608813
-0.3666227237487657,-0.87620044474161
-0.8834088574081681,-0.37609524427055613
-0.1459634679305372,-0.8946842882128426
0.5953083765539987,-0.6028593621957098
0.5953083879764206,0.6028593672405977
-0.1459634232968207,0.8946843124217326
-0.48431121234334545,-0.8309132592019995
0.6940640460305791,0.5238231891001153
0.6940640436305895,-0.5238231845948818
-0.7206739429220098,-0.6374778754595375
-0.6158342896337343,0.7071456279132435
-0.6158342894240154,-0.7071456293352434
0.9103040190437832,-0.284545861363656
0.910304018059677,0.28454586345962535
0.1788245178779728,0.8073223587810437
0.17882453040827406,-0.80732227467664
-0.7830004635349896,0.46000984669804007
-0.5047610575245775,-0.7684851461351078
-0.891500627087952,-0.2862970589251358
-0.7830004634401077,-0.4600098462583302
-0.8915006274593108,0.28629705958727386
-0.36662271763649057,0.8762004485178477
-0.5047610585177618,0.7684851456488603
0.0727514477031377,-0.8268016081722636
0.9413347091646207,0.17044254498365016
0.3849439081060631,-0.7026180248181929
0.9413347078728868,-0.1704425461351002
0.3849439381765051,0.702618040021664
0.07275149167827413,0.8268015859351051
-0.2686881779867819,-0.8627700219878245
-0.38867562163056263,-0.8205761913735685
0.9575380534460322,0.05667867205118013
0.9575380547590107,-0.05667867170012242
-0.2686881838383268,0.8627700130191233
-0.3886756215581807,0.8205761949898221
-0.8709897650590931,0.18858023843382024
-0.8833795421329085,0.09560475394161352
-0.8709897651367144,-0.18858023820532285
-0.8833795428289019,-0.09560475417431234
-0.05825836278688402,-0.8024202336718919
0.04620856098292352,-0.785910376813578
0.27533230481565546,-0.7209808716493304
-0.7968530430669373,0.37510023943429743
0.7501290614739752,-0.4092539290513589
-0.796853044330456,-0.3751002393914876
0.2753322960128618,0.7209808441065763
0.04620858270204771,0.7859103477032935
0.7501290605531273,0.40925392869524935
0.482898264835514,-0.6197387747332055
0.6559888386702992,-0.4862897434977766
-0.05825838535127962,0.8024202380768067
0.48289825270539194,0.6197387796057379
-0.6753563656228031,-0.5377242857581473
0.6559888352567165,0.4862897388123255
-0.8668235244379175,-1.154615763269312e-10
-0.6753563649490605,0.5377242855655752
0.7937829683902213,-0.2925780817808595
0.7937829686340236,0.29257808166445853
-0.5611008857475269,0.608213821020704
-0.5611008850328078,-0.6082138216434414
0.7046296549809642,-0.3664991606471248
-0.6941521133659088,-0.4578892113467757
0.7046296556801271,0.36649916345978434
-0.6941521141228353,0.45788920980645303
0.44854007936180296,-0.5809273996219974
0.448540072683398,0.5809273950015514
0.824225938218851,-0.17520685306841208
0.8242259381956024,0.1752068531818164
0.5420409261023311,-0.4995001991598602
0.5420409274376254,0.4995001970089275
0.24481587383422704,0.681048609395785
0.8401341179125414,-0.0582618179604626
0.24481588479017588,-0.6810486242802907
0.8401341178512051,0.05826181791964897
0.7404998068174876,0.24481212423365012
-0.44112554190680564,0.670580009930954
-0.3165080416223143,-0.7240771178490494
-0.7658229738605797,0.27704499652121556
-0.7658229741559576,-0.2770449967734791
-0.4411255420914743,-0.6705800091548472
-0.5835828174274094,-0.5338940609801756
0.7404998065458366,-0.24481212558122994
-0.1884546969035152,-0.7681419207656475
-0.08587609062525411,-0.7545476294606378
-0.1884546886646994,0.7681419194359501
-0.08587609627356389,0.7545476379060271
-0.5835828185702383,0.5338940623717341
0.13649400111834845,-0.6968455992427199
0.13649399699193843,0.6968456120521614
0.33703730247493324,-0.595601837527606
-0.4662475138242103,-0.602350894150776
0.3370373083265051,0.5956018404003353
-0.46624751265516495,0.6023508950632487
-0.7840548946391107,-0.18805544758070988
-0.7840548954306342,0.18805544666321397
-0.3165080431979414,0.7240771181651893
-0.779766417568412,5.963393004977827e-10
-0.21616331417461193,0.7132817355941728
-0.21616331152857066,-0.7132817375527618
0.7627077053887867,-0.12242115301439252
0.7627077050364292,0.12242115338635359
0.7702710512766637,-8.024193081493356e-12
-0.7571575766843395,0.09252176917693011
-0.3433717816779223,-0.6623839408922748
-0.7571575763163657,-0.0925217691007006
-0.3433717798333997,0.662383939399498
0.5007846314315922,-0.4551652024911051
0.5007846335838335,0.4551652058014722
-0.6529853984445193,0.3601737469056221
0.5894305184433462,-0.37626215126189805
0.5894305181057693,0.37626215159386567
-0.6529853979309929,-0.36017374712986916
0.10417460572894327,0.6499556956039828
0.10417460460939341,-0.6499556883026426
-0.676261312455248,0.27575160095059864
-0.002536570294345035,0.6631889475602504
-0.0025365745680239853,-0.6631889517034295
-0.6762613117917055,-0.27575159940900207
0.3001727675167962,-0.5498889226443061
0.3001727712785597,0.5498889250152459
0.6244002108217122,0.25126410065956906
0.6244002105396703,-0.25126410066219756
0.38769930077514125,0.46641193549626503
0.38769930206351566,-0.4664119352530711
-0.5330565582948185,0.43691620612034887
0.5409921639751286,0.32659996204506997
0.5409921645877867,-0.3265999640371284
-0.5330565583716089,-0.43691620538890863
-0.1403617585062523,-0.6200160542483788
0.18993764008663366,-0.5623189338911065
0.1899376392702608,0.5623189315847369
-0.14036176008025741,0.6200160559053718
0.6460565464672162,0.12563576327585663
0.6460565466243203,-0.1256357633001275
0.6534288583438507,7.749884479994823e-12
-0.035680993472397046,0.6092971421417649
-0.03568099275186637,-0.6092971459157757
0.5684557263139365,0.19641346040175353
0.5684557265956243,-0.19641345932482318
0.34421336459954177,0.4151073063290538
0.3442133661760054,-0.4151073072788826
-0.2755947332702105,0.5675730459144803
-0.5602245841030429,0.35761099145583886
0.4266994380772355,-0.3345668306418765
0.4266994384571361,0.3345668303993089
-0.5602245860246283,-0.35761099156702997
-0.6672512407388242,0.09208676988927471
-0.4069013123254447,0.5063222640020372
-0.667251242287782,-0.09208677049410441
-0.27559473289111913,-0.5675730464960487
-0.6394147569627237,0.18059444610066108
-0.6394147572185721,-0.18059444564584867
-0.4069013129651041,-0.5063222644667014
0.5824448484860789,-0.06552604330045353
0.5824448492084335,0.06552604295189637
-0.17338303043183192,-0.5592504311272101
-0.17338302808958975,0.5592504327084749
0.15154186448406204,-0.5096126044968271
0.151541863852593,0.5096126036682036
-0.43693187423614244,-0.4327246319168733
-0.4369318749801269,0.43272463019272434
-0.3075715739022842,0.5001942329942866
-0.3075715721573507,-0.5001942318929756
0.04302898604527114,-0.519784594066928
0.04302898536795069,0.519784594994066
-0.6348660693448054,-2.5920304960674105e-10
0.23247171706057182,0.4243438792763292
0.2324717168460781,-0.4243438792367305
-0.514117865281113,0.2631393958364713
-0.5141178656691866,-0.26313939634562117
-0.5460758379489078,-0.17930976618973185
-0.5460758393492131,0.1793097648316852
0.4533470358176116,-0.2011801965121463
0.45334703560118594,0.20118019664655593
0.3763181097632042,-0.27788840127124737
0.37631811062948234,0.27788840197557607
-0.3820914490833704,0.3391507346499087
0.4669231998298953,-0.0671157903555551
0.46692319995342785,0.0671157903154963
0.004062222397077432,-0.4601545531905731
0.004062222144000972,0.4601545543935398
-0.3820914483864134,-0.3391507347481493
-0.10222531014665555,-0.46813642139359224
-0.10222530971517467,0.4681364206603245
0.1877323050802374,0.3660768704395237
0.18773230479234154,-0.3660768707126177
-0.5413366364835625,9.82680071733604e-10
-0.41716958421273687,0.26062030820349436
-0.24438638936821447,0.4077334160633167
-0.2443863896495681,-0.40773341540764985
0.39589993126970024,-0.13925480071113577
0.39589993088204745,0.13925479999625845
-0.5045731384303709,0.08787796033749697
-0.41716958359428785,-0.260620306377153
0.2634963303013847,-0.28401939543896104
-0.5045731378360614,-0.08787796016648548
0.26349633023312363,0.28401939564352063
-0.2816705649708453,-0.3350680556360074
-0.14081229753750707,-0.4018107965230979
-0.1408122983727576,0.40181079515195667
0.07787339517707839,-0.37330061768455447
0.07787339548997824,0.37330061770922046
0.4024898861822391,3.7178477158666754e-10
-0.2816705632364015,0.33506805550213015
-0.3670526368451298,0.17005352893299414
0.28242317397804506,0.14231433630126578
0.2824231739112609,-0.14231433641412716
0.21222572703070613,0.2204264800019847
-0.4072205738457142,0.08703711004386147
0.21222572743842805,-0.22042647966699178
-0.40722057562525055,-0.08703711083357378
-0.3670526372417656,-0.1700535284263934
0.0328704302292459,0.3082353179013927
0.03287042956908786,-0.3082353180353262
-0.07454834503505643,0.31353996364089215
-0.0745483445882159,-0.3135399634615178
0.2887913354775465,1.990020570296471e-11
-0.22331177534362226,0.24555870362809917
-0.22331177555457943,-0.2455587041737521
0.1014723003514927,0.224753467796891
-0.3620134895604197,-3.153309191421354e-10
0.10147230044058941,-0.22475346801998775
0.22459513121605945,0.07359936744990377
0.22459513070452242,-0.0735993675773395
-0.26598825160963363,0.16801262173472672
-0.265988250382317,-0.16801262278503368
-0.1188479386366807,0.2420078332179771
-0.1188479383549799,-0.2420078320819959
0.11339687176608328,-0.0750423476439881
0.1133968716550213,0.07504234775707148
-0.2126887784109692,0.08200491840095163
0.050342470508702795,0.15454688179159154
0.05034247096963364,-0.15454688222685703
-0.2126887779062613,-0.08200491819584269
-0.05775138854517945,0.15719501135359498
-0.05775138886744378,-0.15719501114244822
-0.2607357245882549,7.991602652432957e-10
-0.05211902247165741,-1.803921295664416e-10
-0.10778699543654564,0.08082070579410425
-0.1077869964060208,-0.08082070625602379
0.05620062310477689,3.1469897983040395e-10
