x,y,aggregate_density,density_over_max
0,0,7.622011991945518e-12,2.2746059109188643e-14
1,0,1.247020670948307e-11,3.7214328607386714e-14
2,0,4.746089209868966e-11,1.4163560201590087e-13
3,0,1.1620068113409854e-10,3.4677294714273124e-13
4,0,2.745014681282277e-10,8.191835208606112e-13
5,0,6.275594859597444e-10,1.8728001447986204e-12
6,0,1.3754052236165212e-09,4.1045656381186964e-12
7,0,2.9555706935448353e-09,8.82018891702067e-12
8,0,6.270921044078841e-09,1.8714053571209843e-11
9,0,1.3183085960193482e-08,3.9341745041723005e-11
10,0,2.7540070517255482e-08,8.218670772476978e-11
11,0,5.727864910241638e-08,1.709343332908457e-10
12,0,1.1880574054794884e-07,3.5454711956242887e-10
13,0,2.460857004346551e-07,7.343835058155028e-10
14,0,5.093889227771934e-07,1.5201485591074874e-09
15,0,1.0539172967998359e-06,3.1451623474927658e-09
16,0,2.179467349496532e-06,6.504095402969969e-09
17,0,4.505323870299682e-06,1.3445054031424781e-08
18,0,9.313668168441644e-06,2.7794399550487697e-08
19,0,1.9271632324435277e-05,5.751154530396712e-08
20,0,3.9969287603465176e-05,1.1927871267341328e-07
21,0,8.323800511881724e-05,2.484037792861422e-07
22,0,0.00017436988252643503,5.203649192627669e-07
23,0,0.0003678260091861346,1.0976881374217321e-06
24,0,0.0007812300896744806,2.331393051649701e-06
25,0,0.0016698101529486187,4.983146245404661e-06
26,0,0.0035959019799369336,1.0731103424256934e-05
27,0,0.00782559412126468,2.33536009435444e-05
28,0,0.01726070968868649,5.151043100697005e-05
29,0,0.03863916535374698,0.00011530928316496999
30,0,0.0877450591004288,0.00026185399641809836
31,0,0.20197127082337712,0.0006027346151332743
32,0,0.47130826377012897,0.0014065060036238598
33,0,1.1134243837620452,0.003322746916880533
34,0,2.6585803366609317,0.007933892723879152
35,0,6.439015947695305,0.019215692327177937
36,0,15.875387638540579,0.047376270988436914
37,0,39.98067933619198,0.11931270855615837
38,0,103.71954692807242,0.30952600805368347
39,0,335.0915407085389,1.0
0,1,7.635618032920604e-12,2.2786663061608078e-14
1,1,5.9275106267017375e-12,1.7689227887305753e-14
2,1,2.467356372745976e-11,7.363230857839145e-14
3,1,4.8831427982975846e-11,1.4572563628351692e-13
4,1,1.0890991280970928e-10,3.250154049828391e-13
5,1,2.4391319814533593e-10,7.279001959571714e-13
6,1,5.308717750028461e-10,1.5842589576577703e-12
7,1,1.1563612250611852e-09,3.4508815788548447e-12
8,1,2.5138891299225026e-09,7.502096664711306e-12
9,1,5.445732979831428e-09,1.625147853125932e-11
10,1,1.1772961360530883e-08,3.5133567787588385e-11
11,1,2.5471598067001897e-08,7.601384986664577e-11
12,1,5.531775952597995e-08,1.6508253060943453e-10
13,1,1.2071025769728153e-07,3.6023069231185026e-10
14,1,2.64320065510317e-07,7.887995768303247e-10
15,1,5.79397847437997e-07,1.7290733338504495e-09
16,1,1.2685099365176649e-06,3.785562398368657e-09
17,1,2.7697723260899912e-06,8.265718436918486e-09
18,1,6.028971285614031e-06,1.7992012788105574e-08
19,1,1.3090585307675294e-05,3.906569912208385e-08
20,1,2.8393588024305237e-05,8.473382516391797e-08
21,1,6.162511411004241e-05,1.839053113060937e-07
22,1,0.00013395850893901793,3.99766907441971e-07
23,1,0.0002914091284530996,8.696403610694726e-07
24,1,0.0006331262726138687,1.8894128788663127e-06
25,1,0.0013733540516082565,4.0984444092630605e-06
26,1,0.002983185686146567,8.902599211662369e-06
27,1,0.006518055319391882,1.9451566296211747e-05
28,1,0.014371281705038529,4.288762907786623e-05
29,1,0.031963556517599905,9.538753634309635e-05
30,1,0.07150493473300974,0.0002133892565052975
31,1,0.16090750440198784,0.0004801896940213852
32,1,0.36447387401486214,0.001087684497329283
33,1,0.8290627229083312,0.002474138025553579
34,1,1.9034680206133232,0.005680441877429998
35,1,4.457115367627576,0.0133011873657066
36,1,10.723584293744713,0.03200195466310514
37,1,26.409530412738324,0.07881288306143548
38,1,61.125004824576536,0.18241285558963957
39,1,184.3904500525796,0.550268889697104
0,2,7.380990323581384e-12,2.2026787987469178e-14
1,2,6.347320002132002e-12,1.894204786164051e-14
2,2,2.4976067801856816e-11,7.453505913353058e-14
3,2,5.316184844375747e-11,1.5864873321286676e-13
4,2,1.2331624122106137e-10,3.6800762251507053e-13
5,2,2.86785818211324e-10,8.558432051281444e-13
6,2,6.471183628505004e-10,1.9311689023309634e-12
7,2,1.4375517095667524e-09,4.290026858114954e-12
8,2,3.1344165311948306e-09,9.35391124636337e-12
9,2,6.708781030180961e-09,2.0020741245796558e-11
10,2,1.4160301697544868e-08,4.22580100577992e-11
11,2,2.9639891941957876e-08,8.845311904706815e-11
12,2,6.183567521810607e-08,1.8453368022169936e-10
13,2,1.2900503976168992e-07,3.8498447167276574e-10
14,2,2.69560311785683e-07,8.044378297814009e-10
15,2,5.643061073836021e-07,1.6840356703436839e-09
16,2,1.1830999049675124e-06,3.5306767293077306e-09
17,2,2.4830064217277534e-06,7.409934659876899e-09
18,2,5.216045131841149e-06,1.5566030466815158e-08
19,2,1.0973212039598898e-05,3.274690855041115e-08
20,2,2.3142945816812053e-05,6.906454805715816e-08
21,2,4.897982211098177e-05,1.4616848281939828e-07
22,2,0.00010399236136586978,3.1034015703882497e-07
23,2,0.00022106352542562038,6.597108508265818e-07
24,2,0.00046970937748753316,1.4017345125882609e-06
25,2,0.0009987463209628741,2.9805178574519107e-06
26,2,0.0021338425481435214,6.367939171581559e-06
27,2,0.0046029254450214606,1.3736322424877518e-05
28,2,0.010035847585373379,2.9949570091065095e-05
29,2,0.02200743598707496,6.567589244581058e-05
30,2,0.04841302828720708,0.00014447702315862552
31,2,0.10711590612743672,0.0003196616241070844
32,2,0.2376863746525339,0.0007093177409073194
33,2,0.5285323194869008,0.0015772774161034876
34,2,1.19193225112954,0.0035570347392513777
35,2,2.7743339399939524,0.008279331474998515
36,2,6.50245698964215,0.019405016837766006
37,2,12.156823642856748,0.03627911232002928
38,2,46.9502792052026,0.14011180081099014
39,2,126.3587407911377,0.37708722972820125
0,3,6.014192873013186e-12,1.7947910174922332e-14
1,3,4.734305756545785e-12,1.4128395323066847e-14
2,3,1.8782348421927033e-11,5.6051395335771355e-14
3,3,3.848596658514138e-11,1.1485209833636564e-13
4,3,8.748598423881607e-11,2.610808498890486e-13
5,3,2.0246298739700752e-10,6.042020248225511e-13
6,3,4.5687465864283714e-10,1.363432385302214e-12
7,3,1.0187138488105576e-09,3.040106135345954e-12
8,3,2.2321149805571135e-09,6.661209578246551e-12
9,3,4.80600384819225e-09,1.4342361009860558e-11
10,3,1.0215511680180008e-08,3.048573431182321e-11
11,3,2.1537167408655158e-08,6.427248913271759e-11
12,3,4.5220196228470184e-08,1.3494878483907328e-10
13,3,9.484407119525943e-08,2.830392882933275e-10
14,3,1.9907228603358626e-07,5.940832932178925e-10
15,3,4.1841501244898074e-07,1.2486588338346512e-09
16,3,8.804892277021093e-07,2.627608043582201e-09
17,3,1.8542423281586408e-06,5.53353965378509e-09
18,3,3.9065583920214145e-06,1.1658182667820078e-08
19,3,8.235039992978925e-06,2.4575493536978676e-08
20,3,1.7378697886699922e-05,5.1862538367734666e-08
21,3,3.671878835270052e-05,1.0957838050778595e-07
22,3,7.757802360947038e-05,2.315129276180308e-07
23,3,0.00016361995750934822,4.882843570547313e-07
24,3,0.00034457156234169947,1.0282908414014732e-06
25,3,0.0007268802167674273,2.1691989455492236e-06
26,3,0.0015440601586546698,4.60787567298718e-06
27,3,0.003312720032042244,9.88601510213483e-06
28,3,0.007142338741554051,2.1314589817611733e-05
29,3,0.015379835324277258,4.5897414455038626e-05
30,3,0.03319234075252437,9.905454695257412e-05
31,3,0.07198172023129697,0.00021481210799620377
32,3,0.1561893063752364,0.00046610936833851364
33,3,0.3410034413399208,0.0010176426436157755
34,3,0.7688056072169536,0.002294315176060076
35,3,1.7297267440660773,0.005161952881319036
36,3,2.794372939344229,0.008339133042378894
37,3,11.559922388828282,0.03449780428471947
38,3,33.89183290884808,0.10114201282785304
39,3,89.19845639927746,0.266191310621183
0,4,4.713476297979991e-12,1.4066234820531477e-14
1,4,3.605582607411262e-12,1.0759992925477583e-14
2,4,1.4201570490453005e-11,4.2381166831082334e-14
3,4,2.8648637279216112e-11,8.54949582392907e-14
4,4,6.439611727687771e-11,1.921747028907816e-13
5,4,1.4852077912436618e-10,4.432244956417711e-13
6,4,3.3547720742160037e-10,1.0011509294213932e-12
7,4,7.516051294325495e-10,2.2429844926652215e-12
8,4,1.6597449687460745e-09,4.953109127245063e-12
9,4,3.6071062303556905e-09,1.0764539811206798e-11
10,4,7.73151848991873e-09,2.3072854878910744e-11
11,4,1.6385194761647625e-08,4.8897667565709736e-11
12,4,3.444499782904087e-08,1.0279280030826256e-10
13,4,7.207566382534637e-08,2.1509246002732566e-10
14,4,1.5054522767518993e-07,4.492659747747362e-10
15,4,3.144641436476428e-07,9.384425013616273e-10
16,4,6.575700586240252e-07,1.9623594711869394e-09
17,4,1.376975318104354e-06,4.109251206977024e-09
18,4,2.8876400785887773e-06,8.617466357052664e-09
19,4,6.066089402990959e-06,1.8102782869912002e-08
20,4,1.2767601294697805e-05,3.810183112262749e-08
21,4,2.6900270015395104e-05,8.027737721613461e-08
22,4,5.6633057727292996e-05,1.6900772131562753e-07
23,4,0.00011906351022402481,3.553163710795842e-07
24,4,0.0002504763157703955,7.474862398518697e-07
25,4,0.0005294703269631037,1.5800766735070599e-06
26,4,0.0011281830140381969,3.36679049448009e-06
27,4,0.002413043879845942,7.201148303367039e-06
28,4,0.0051339943124997355,1.5321169557560573e-05
29,4,0.010877344891628886,3.2460816135880764e-05
30,4,0.02319081165259811,6.920739211608261e-05
31,4,0.04976318656536484,0.00014850624536848165
32,4,0.10676691270695568,0.0003186201372950237
33,4,0.23494330355994214,0.0007011317058710675
34,4,0.5132263108552185,0.0015316003196321224
35,4,0.7630065560767194,0.0022770093045720277
36,4,3.075068442968861,0.00917680117041075
37,4,8.768256000203944,0.02616674829112005
38,4,25.042988782922908,0.0747347686843136
39,4,64.31753898403527,0.191940204900542
0,5,3.647391754873406e-12,1.0884762256788484e-14
1,5,2.7621068623856855e-12,8.242842706638642e-15
2,5,1.0820829504177228e-11,3.229215957316313e-14
3,5,2.1743962477763276e-11,6.488961921207099e-14
4,5,4.85277092728466e-11,1.4481926094056723e-13
5,5,1.1161028807782376e-10,3.330740246137753e-13
6,5,2.5226810161939885e-10,7.528333931855967e-13
7,5,5.68094492439502e-10,1.6953411931506442e-12
8,5,1.2656179160720601e-09,3.7769318598612094e-12
9,5,2.778417692714106e-09,8.29151845146327e-12
10,5,6.008673488336821e-09,1.7931438900640997e-11
11,5,1.281578857154382e-08,3.824563444497972e-11
12,5,2.703403775970209e-08,8.067657483247592e-11
13,5,5.659301708108588e-08,1.6888822965038746e-10
14,5,1.179435190523422e-07,3.51974027165696e-10
15,5,2.4533483974951655e-07,7.321427429375416e-10
16,5,5.102390159339354e-07,1.5226854573978607e-09
17,5,1.0620445426384277e-06,3.1694161553370554e-09
18,5,2.214311991462716e-06,6.608080844955482e-09
19,5,4.628746194220123e-06,1.3813378232207256e-08
20,5,9.70095664365409e-06,2.8950168730436372e-08
21,5,2.0355558911074134e-05,6.074626314956517e-08
22,5,4.2715983853522855e-05,1.2747556611904154e-07
23,5,8.97375032930517e-05,2.677999662519233e-07
24,5,0.00018922638372919164,5.647005690716015e-07
25,5,0.0004013526401886657,1.197740293115189e-06
26,5,0.0008539006870256936,2.548260947501544e-06
27,5,0.0018059136159125954,5.3893142515446874e-06
28,5,0.003783115397175441,1.1289796779638724e-05
29,5,0.007960918372729265,2.3757443580629317e-05
30,5,0.017018110040478072,5.0786450784445035e-05
31,5,0.03635967136957241,0.0001085066823611578
32,5,0.07881127122137142,0.00023519325810113811
33,5,0.168738734041107,0.0005035601128107116
34,5,0.24384891744391712,0.0007277083656851123
35,5,0.9124020986437087,0.0027228443210308073
36,5,2.4298054980426764,0.0072511693160171725
37,5,6.6970571602640785,0.019985754179599385
38,5,19.013205971872612,0.05674033409399079
39,5,47.21038831701455,0.14088803381067125
0,6,2.7947080531831477e-12,8.340133108922532e-15
1,6,2.092810208592875e-12,6.245488036396573e-15
2,6,8.157682019533904e-12,2.4344637296079697e-14
3,6,1.6258603131371486e-11,4.8519885333402507e-14
4,6,3.586039268077655e-11,1.0701670536042496e-13
5,6,8.184688335368115e-11,2.4425231141502077e-13
6,6,1.8436574834007208e-10,5.501951733852708e-13
7,6,4.16071318843769e-10,1.2416646447236516e-12
8,6,9.328456146894972e-10,2.7838530710653844e-12
9,6,2.065586297286595e-09,6.164244829693366e-12
10,6,4.509526171307764e-09,1.345759478670376e-11
11,6,9.708686485464573e-09,2.8973236581669318e-11
12,6,2.0652063830771012e-08,6.163111067233441e-11
13,6,4.352158051775243e-08,1.298796753440198e-10
14,6,9.111480981731155e-08,2.7191020586390395e-10
15,6,1.899557629923252e-07,5.668772258191616e-10
16,6,3.950680558377334e-07,1.1789854646953376e-09
17,6,8.210995540461411e-07,2.4503738659291602e-09
18,6,1.7089177607909286e-06,5.09985348235734e-09
19,6,3.566734931126592e-06,1.064406139165692e-08
20,6,7.4628901708299295e-06,2.227119835687263e-08
21,6,1.563898030892551e-05,4.667077024939947e-08
22,6,3.2837936631023775e-05,9.799691320643055e-08
23,6,6.920054251889819e-05,2.0651235293071305e-07
24,6,0.00014646084206119313,4.370771095907315e-07
25,6,0.0003107512702859562,9.273623250198555e-07
26,6,0.0006567752457871488,1.9599875436975262e-06
27,6,0.00137282917678365,4.096878046759559e-06
28,6,0.002868256612636972,8.559621071221755e-06
29,6,0.006120518078689773,1.8265212143965672e-05
30,6,0.013109199924715879,3.9121249963508334e-05
31,6,0.02823801022926725,8.426954070388945e-05
32,6,0.05979864467463975,0.00017845465316193207
33,6,0.086953221705688,0.0002594909484191352
34,6,0.2999799851527235,0.00089521801868954
35,6,0.7425366775256955,0.0022159218819897053
36,6,1.9159813139360702,0.005717784787657717
37,6,5.279360127510362,0.015754978822644542
38,6,14.722283133435003,0.04393510830594311
39,6,35.15006191446383,0.10489689426399815
0,7,2.126496321665891e-12,6.346016127919827e-15
1,7,1.5825501236422737e-12,4.7227397035927226e-15
2,7,6.1419513906977826e-12,1.832917470166764e-14
3,7,1.2178828792976257e-11,3.634478139085387e-14
4,7,2.6629708995111275e-11,7.946995301285052e-14
5,7,6.045742899688088e-11,1.8042063631044175e-13
6,7,1.3593011634959282e-10,4.056506949180917e-13
7,7,3.074292342362779e-10,9.174485085067499e-13
8,7,6.931959014196648e-10,2.068676218904026e-12
9,7,1.548000846731065e-09,4.619635707478242e-12
10,7,3.4150682394864527e-09,1.0191448677771497e-11
11,7,7.4360161435993365e-09,2.219099929492744e-11
12,7,1.599163378367045e-08,4.7723179611925506e-11
13,7,3.4022980992824304e-08,1.0153339269885461e-10
14,7,7.174555650476052e-08,2.1410733423188524e-10
15,7,1.5021717351600794e-07,4.4828697614502345e-10
16,7,3.129196551523899e-07,9.33833347421223e-10
17,7,6.503981283304252e-07,1.940956572509058e-09
18,7,1.352668963354875e-06,4.036714745155027e-09
19,7,2.818387229954147e-06,8.410797909116923e-09
20,7,5.8826241142948355e-06,1.755527490146794e-08
21,7,1.2308647693335071e-05,3.673219463346906e-08
22,7,2.586008316887567e-05,7.717319009067034e-08
23,7,5.455926838293241e-05,1.6281899646755875e-07
24,7,0.00011539808743698086,3.4437779954986565e-07
25,7,0.00024394963084299677,7.280089205689112e-07
26,7,0.0005114201649552324,1.5262103121847034e-06
27,7,0.0010669264824936622,3.183985129071551e-06
28,7,0.0022716157314697323,6.779090056008228e-06
29,7,0.004877185267959156,1.4554784813864666e-05
30,7,0.010505401798472199,3.135084155290494e-05
31,7,0.02221030763306771,6.628131401379104e-05
32,7,0.033064150805006826,9.867199492739769e-05
33,7,0.10630870482112291,0.00031725272621426675
34,7,0.24908256157424158,0.0007433269161243687
35,7,0.5998864752833267,0.0017902167091860587
36,7,1.5601311583675588,0.004655835701100416
37,7,4.2207695998004295,0.012595870342998708
38,7,11.506179842297069,0.03433742259791957
39,7,26.451322724389563,0.07893760215032346
0,8,1.6046414583361935e-12,4.7886659715229975e-15
1,8,1.1872145755254582e-12,3.5429559726131434e-15
2,8,4.59670610572103e-12,1.371776230459731e-14
3,8,9.079259307709234e-12,2.7094862760520512e-14
4,8,1.9724164398225828e-11,5.88620182906432e-14
5,8,4.4593398654127315e-11,1.330782584359969e-13
6,8,1.0005277073375686e-10,2.985833976059166e-13
7,8,2.2650696196496765e-10,6.759554761842896e-13
8,8,5.130726128976598e-10,1.5311416450943119e-12
9,8,1.1550347451916354e-09,3.4469230191527856e-12
10,8,2.575640701374069e-09,7.686379357497268e-12
11,8,5.677201793256645e-09,1.694224145811741e-11
12,8,1.2362845060477426e-08,3.689393362284419e-11
13,8,2.660808564781624e-08,7.940542334060242e-11
14,8,5.6642201925414755e-08,1.6903500997263875e-10
15,8,1.1942575830704017e-07,3.5639741323973364e-10
16,8,2.500512303786308e-07,7.462176748774574e-10
17,8,5.216223674310912e-07,1.5566563283816107e-09
18,8,1.0865775279436053e-06,3.242628941470968e-09
19,8,2.262282348921942e-06,6.751236823640573e-09
20,8,4.714518090040648e-06,1.4069343798031936e-08
21,8,9.859211001021343e-06,2.9422440746114922e-08
22,8,2.0705788498121863e-05,6.179143900302653e-08
23,8,4.360397784413702e-05,1.301255703200922e-07
24,8,9.202615164451304e-05,2.7462988606017055e-07
25,8,0.00019350555616793003,5.774707286217061e-07
26,8,0.00040445090135120173,1.2069863073714274e-06
27,8,0.0008592426647537029,2.5642027934720928e-06
28,8,0.001842635500328783,5.4989018715082965e-06
29,8,0.003977475812883248,1.1869818630673336e-05
30,8,0.008468034043613685,2.5270808166951438e-05
31,8,0.013021154082732885,3.8858498353017585e-05
32,8,0.039484992709004865,0.00011783345119818687
33,8,0.08924606685230765,0.0002663333925517788
34,8,0.20429253818143464,0.000609661878510766
35,8,0.49707072383546413,0.001483387861073503
36,8,1.2782330097443708,0.003814578568714667
37,8,3.381575025483664,0.01009149624706564
38,8,9.030647730952058,0.026949793217271558
39,8,20.151619910151492,0.06013765631785757
0,9,1.1989992110704368e-12,3.5781243791926125e-15
1,9,8.816120345244778e-13,2.6309587901274415e-15
2,9,3.4135022913608417e-12,1.0186775482732614e-14
3,9,6.724660433832374e-12,2.0068129501608196e-14
4,9,1.45484882351261e-11,4.3416459288598716e-14
5,9,3.279505317928022e-11,9.786893787272656e-14
6,9,7.346289075067823e-11,2.1923230468708225e-13
7,9,1.6649175571496076e-10,4.968545471572335e-13
8,9,3.788836182369996e-10,1.1306869085261417e-12
9,9,8.598984622098929e-10,2.5661598630382276e-12
10,9,1.9384658974027535e-09,5.784884611840507e-12
11,9,4.327104239733171e-09,1.2913200466307405e-11
12,9,9.54806850825509e-09,2.849391091182441e-11
13,9,2.080794482480049e-08,6.209629995673076e-11
14,9,4.478677320300469e-08,1.3365533820491165e-10
15,9,9.535210899238415e-08,2.845554047433295e-10
16,9,2.0132953962774142e-07,6.008195229340538e-10
17,9,4.225400649572679e-07,1.2609690595704753e-09
18,9,8.82664288724313e-07,2.6340989893625826e-09
19,9,1.8387495711566342e-06,5.487305251778857e-09
20,9,3.833247619285128e-06,1.1439404322710939e-08
21,9,8.014570389106828e-06,2.3917555101988878e-08
22,9,1.6793661870484777e-05,5.011663927706199e-08
23,9,3.529746613825663e-05,1.0533678666916335e-07
24,9,7.418922531389165e-05,2.2139987526101443e-07
25,9,0.00015531319401468932,4.634948220008336e-07
26,9,0.00032935452975636916,9.828792725115083e-07
27,9,0.0007023331612565881,2.0959441702751735e-06
28,9,0.0015158101368766426,4.523570286708871e-06
29,9,0.0032692780357328243,9.756372926693567e-06
30,9,0.0052168913344760835,1.556855575478019e-05
31,9,0.015054282458078086,4.4925880331823214e-05
32,9,0.033202256081069054,9.908413686261399e-05
33,9,0.07365607561519104,0.00021980881838869445
34,9,0.1699891338950705,0.0005072916300293187
35,9,0.41181601998179573,0.0012289657301137048
36,9,1.0478581479211042,0.003127080276945954
37,9,2.717091470380847,0.008108505110680071
38,9,7.134373133793825,0.02129081837968351
39,9,15.563950619044471,0.046446862210054785
0,10,8.859827874802374e-13,2.6440022496743992e-15
1,10,6.473915431570658e-13,1.9319841431633274e-15
2,10,2.5124777117995805e-12,7.497884627248535e-15
3,10,4.942804462687196e-12,1.4750609496843207e-14
4,10,1.067311093578956e-11,3.185132908226109e-14
5,10,2.4026070415744287e-11,7.170002073147545e-14
6,10,5.380591424536174e-11,1.6057079248133536e-13
7,10,1.2219009970608357e-10,3.646469243828628e-13
8,10,2.7946539406986314e-10,8.339971623244912e-13
9,10,6.39386321009981e-10,1.9080944856382285e-12
10,10,1.4567867530674021e-09,4.347429212886364e-12
11,10,3.2924097583191954e-09,9.82540398172247e-12
12,10,7.3600172206835395e-09,2.1964198813020018e-11
13,10,1.624675469091531e-08,4.848452651643231e-11
14,10,3.54103115390394e-08,1.0567354659018124e-10
15,10,7.629606180919878e-08,2.2768722137202728e-10
16,10,1.6273788685415464e-07,4.856520296216708e-10
17,10,3.4395943453849037e-07,1.0264640933972866e-09
18,10,7.216311479292291e-07,2.1535343637841955e-09
19,10,1.5084518667139799e-06,4.501611301569754e-09
20,10,3.152025759804686e-06,9.40646174815348e-09
21,10,6.5868237071152845e-06,1.9656788987235204e-08
22,10,1.3786812727196341e-05,4.114342217665246e-08
23,10,2.8876177446516363e-05,8.617399706796159e-08
24,10,6.040391828642707e-05,1.802609464825796e-07
25,10,0.0001278549274870548,3.81552238581464e-07
26,10,0.0002701819106801562,8.062928419764532e-07
27,10,0.0005799258094909904,1.730648909443546e-06
28,10,0.001269012793855694,3.7870630549861464e-06
29,10,0.0021042167596366907,6.279528140839965e-06
30,10,0.005812049792414668,1.7344662834893714e-05
31,10,0.012570787979272274,3.7514489183140224e-05
32,10,0.027403225838689604,8.17783277391798e-05
33,10,0.06113615314161542,0.00018244612505688817
34,10,0.1413678518585154,0.0004218783069235296
35,10,0.3433901020309179,0.0010247650576461346
36,10,0.8631655949329844,0.002575909833796019
37,10,2.1957831164140273,0.006552785879855766
38,10,5.669599188974492,0.016919553316643954
39,10,12.184359844408826,0.036361287481759284
0,11,6.466338484574948e-13,1.9297229858151923e-15
1,11,4.695227542642719e-13,1.4011775805246624e-15
2,11,1.8299609185667584e-12,5.461077634778164e-15
3,11,3.59767095932971e-12,1.0736382517214745e-14
4,11,7.768856669942753e-12,2.3184281684687674e-14
5,11,1.749386673358393e-11,5.220623205406434e-14
6,11,3.9229639412085615e-11,1.1707141078266544e-13
7,11,8.936508171776899e-11,2.666885637542797e-13
8,11,2.0550678518757044e-10,6.132855062620614e-13
9,11,4.739655024983416e-10,1.4144358926404372e-12
10,11,1.0910652180783685e-09,3.2560213718655825e-12
11,11,2.495232708836463e-09,7.446421069181227e-12
12,11,5.649576044635003e-09,1.685979906472476e-11
13,11,1.2640031785823446e-08,3.772113064715557e-11
14,11,2.7931372611971722e-08,8.335445458548983e-11
15,11,6.095968322514698e-08,1.819194930920964e-10
16,11,1.3139994681786697e-07,3.9213149499395466e-10
17,11,2.800156362352515e-07,8.356392275471013e-10
18,11,5.918159484907826e-07,1.7661321656745176e-09
19,11,1.2449015964125199e-06,3.7151089931432485e-09
20,11,2.6096578830571967e-06,7.787895443553036e-09
21,11,5.461142665368145e-06,1.6297465026484278e-08
22,11,1.1406107364483637e-05,3.403878038928061e-08
23,11,2.3812329236645523e-05,7.106216165975189e-08
24,11,5.031689385354678e-05,1.5015865141553122e-07
25,11,0.00010527039291028313,3.1415413438278e-07
26,11,0.00022353914390848406,6.670987379622256e-07
27,11,0.000494662923005268,1.4762023593890828e-06
28,11,0.0008504143001974681,2.537856665672007e-06
29,11,0.002256022743450398,6.732556538670357e-06
30,11,0.004790708520169998,1.4296715787095725e-05
31,11,0.010353134471536062,3.089643638763525e-05
32,11,0.022690535578591898,6.771443865939911e-05
33,11,0.05093371609672181,0.00015199940884518993
34,11,0.11943026077731578,0.00035641084977789897
35,11,0.2881360670139894,0.0008598726974865917
36,11,0.7126236672153072,0.0021266537069497197
37,11,1.7801276895572198,0.005312362364604025
38,11,4.531795616448711,0.013524052582367177
39,11,9.676334894493253,0.02887669104995308
0,12,4.656088929479338e-13,1.389497604038051e-15
1,12,3.3592958971293864e-13,1.002500955418414e-15
2,12,1.316952614345406e-12,3.930127903440229e-15
3,12,2.5887471672279037e-12,7.725492448284704e-15
4,12,5.601146721063587e-12,1.671527341221496e-14
5,12,1.2638570710467966e-11,3.771677041964165e-14
6,12,2.8426017436112218e-11,8.483060293317592e-14
7,12,6.503315910068187e-11,1.9407580078915635e-13
8,12,1.5046891976600365e-10,4.490382521977206e-13
9,12,3.498719680025842e-10,1.04410862554988e-12
10,12,8.13473094770254e-10,2.4276145349721294e-12
11,12,1.881896056707715e-09,5.616065546532491e-12
12,12,4.316263897897559e-09,1.2880850076880413e-11
13,12,9.792728547930431e-09,2.922403987645902e-11
14,12,2.1941859518972905e-08,6.548019527015704e-11
15,12,4.848916994587517e-08,1.4470424960100926e-10
16,12,1.0567367736910192e-07,3.1535763972333876e-10
17,12,2.2759791825706224e-07,6.792111724927902e-10
18,12,4.858755531203427e-07,1.449978570312388e-09
19,12,1.0296584400717137e-06,3.0727676320761137e-09
20,12,2.169453229139225e-06,6.474210672558295e-09
21,12,4.541573343852691e-06,1.3553231854942382e-08
22,12,9.48584592740816e-06,2.8308222604935607e-08
23,12,2.0044946688594324e-05,5.981931577923457e-08
24,12,4.1624054242455335e-05,1.2421696517447975e-07
25,12,8.731180855895687e-05,2.6056106452087454e-07
26,12,0.00019419416064159285,5.795257028302664e-07
27,12,0.00034435464658907574,1.0276435085796267e-06
28,12,0.0008794007512618805,2.6243597477943475e-06
29,12,0.0018328519494817971,5.469705220269955e-06
30,12,0.003946168218695135,1.1776388655921022e-05
31,12,0.00858273561508376,2.5613107382346555e-05
32,12,0.01894618945519556,5.65403394401856e-05
33,12,0.0433392455728525,0.00012933554061440416
34,12,0.10135363323039698,0.00030246550842819963
35,12,0.24076039214202846,0.0007184914057601972
36,12,0.5876002539624696,0.001753551440660096
37,12,1.4514723188343777,0.004331569563843039
38,12,3.65401389561045,0.01090452444094581
39,12,7.799145911137151,0.023274672630189768
0,13,3.3040225532662276e-13,9.860059571423354e-16
1,13,2.36858792790884e-13,7.06848022155542e-16
2,13,9.35263265494319e-13,2.7910679676268123e-15
3,13,1.839194190504881e-12,5.488632111141844e-15
4,13,3.994492626545985e-12,1.1920601212730634e-14
5,13,9.046334677054279e-12,2.6996607129878997e-14
6,13,2.04393145271169e-11,6.099621161399273e-14
7,13,4.7023026573341486e-11,1.4032889781076838e-13
8,13,1.0955036618120803e-10,3.2692668382367327e-13
9,13,2.5686905077210074e-10,7.665638178420155e-13
10,13,6.031909163279602e-10,1.8000780176441785e-12
11,13,1.4117202297086018e-09,4.212939027716339e-12
12,13,3.280543811626264e-09,9.789992921604864e-12
13,13,7.54505825859946e-09,2.2516409225508074e-11
14,13,1.712792339228049e-08,5.1114162285517916e-11
15,13,3.83218779431534e-08,1.1436241530336212e-10
16,13,8.457548397952763e-08,2.5239516282832994e-10
17,13,1.8446532650204635e-07,5.504923404273385e-10
18,13,3.980835942203547e-07,1.187984612737825e-09
19,13,8.51015561907942e-07,2.5396509864394086e-09
20,13,1.7992618812243523e-06,5.369463751367398e-09
21,13,3.782311583687872e-06,1.128739799187503e-08
22,13,8.026461995753612e-06,2.3953042738058826e-08
23,13,1.6638422309553523e-05,4.965336419526492e-08
24,13,3.4624240768119965e-05,1.0332770769118273e-07
25,13,7.700010820755799e-05,2.297882782858202e-07
26,13,0.00013995378111341953,4.176583533487367e-07
27,13,0.0003452340633597086,1.0302679161333757e-06
28,13,0.0007064940832864602,2.1083614399593736e-06
29,13,0.0015180591329280366,4.530281873777403e-06
30,13,0.0032898305593222887,9.817706983488934e-06
31,13,0.007182128591095897,2.1433333040606e-05
32,13,0.01614517208381634,4.8181377690639274e-05
33,13,0.036860318802073494,0.00011000074404783149
34,13,0.0851975585375073,0.0002542515945265588
35,13,0.20011367272029476,0.0005971910609774323
36,13,0.486899146556519,0.0014530332384010305
37,13,1.1962295175605777,0.0035698588959637532
38,13,2.973103099210633,0.008872510159236234
39,13,6.3711097088732815,0.019013042511911226
0,14,2.30820229672606e-13,6.88827384852942e-16
1,14,1.6443761871745116e-13,4.907244700052821e-16
2,14,6.547189604279904e-13,1.953851055277644e-15
3,14,1.2887581628493804e-12,3.8459883532850396e-15
4,14,2.8143522788621217e-12,8.398756569357961e-15
5,14,6.406347363967123e-12,1.911820080692319e-14
6,14,1.456249363172895e-11,4.3458255021708654e-14
7,14,3.373254063551264e-11,1.006666434019385e-13
8,14,7.919191867819782e-11,2.363292087611325e-13
9,14,1.8732788354343196e-10,5.590349525008419e-13
10,14,4.44440336890438e-10,1.326325146706733e-12
11,14,1.052539223640649e-09,3.141049820043481e-12
12,14,2.477126310367226e-09,7.39238688368388e-12
13,14,5.7700769337709756e-09,1.7219404946989583e-11
14,14,1.3265178025993048e-08,3.958672904109817e-11
15,14,3.007899353816443e-08,8.976351200798292e-11
16,14,6.730969052608095e-08,2.0086956054980395e-10
17,14,1.4871861106140363e-07,4.4381487741213497e-10
18,14,3.246573197968528e-07,9.688615806605464e-10
19,14,6.984233476107678e-07,2.084276273086384e-09
20,14,1.4885102145995003e-06,4.4421002435695615e-09
21,14,3.191144967942928e-06,9.52320360339556e-09
22,14,6.653397485908907e-06,1.9855462396456024e-08
23,14,1.38574350724685e-05,4.1354177557474166e-08
24,14,3.078191118822992e-05,9.186120044434033e-08
25,14,5.706194201466262e-05,1.7028762317904898e-07
26,14,0.00013688908122929755,4.08512494645047e-07
27,14,0.0002759484320006831,8.235016360520476e-07
28,14,0.0005914780917652302,1.7651239136463165e-06
29,14,0.001277107230660563,3.811218952170998e-06
30,14,0.002758009238966723,8.230614336413903e-06
31,14,0.006108833371726378,1.8230341950171202e-05
32,14,0.013691230494868983,4.085818002423867e-05
33,14,0.031005069008786242,9.252716121459571e-05
34,14,0.07119071739516697,0.00021245155053641992
35,14,0.16696151874068682,0.000498256441770069
36,14,0.40748819853739804,0.0012160503893228073
37,14,0.9953707108990038,0.0029704441621961823
38,14,2.433266504944447,0.00726149785756869
39,14,5.259588709943823,0.015695975788653494
0,15,1.5859054487189303e-13,4.732752863189536e-16
1,15,1.1231414110233909e-13,3.351745044499032e-16
2,15,4.5130229877414723e-13,1.3468030193179001e-15
3,15,8.897338140178247e-13,2.6551962849808588e-15
4,15,1.9565604150491305e-12,5.8388833418833984e-15
5,15,4.48239406867506e-12,1.3376625560875695e-14
6,15,1.0264836856971745e-11,3.063293342251231e-14
7,15,2.396725669517461e-11,7.152450534709625e-14
8,15,5.674739331644821e-11,1.693489283449469e-13
9,15,1.3551928909786827e-10,4.044246799287074e-13
10,15,3.2499424414282067e-10,9.69867050226431e-13
11,15,7.786618866685433e-10,2.323728868302945e-12
12,15,1.85455848643403e-09,5.534483152014621e-12
13,15,4.3731839116684955e-09,1.3050714149397972e-11
14,15,1.0188359418122302e-08,3.040470492504641e-11
15,15,2.3430365652533747e-08,6.992228333484961e-11
16,15,5.3162697750817764e-08,1.5865126776524162e-10
17,15,1.1902013934715832e-07,3.5518694114299203e-10
18,15,2.6201032710235935e-07,7.819067188277807e-10
19,15,5.698349251188014e-07,1.7005350953172562e-09
20,15,1.2418433297925906e-06,3.7059823329671588e-09
21,15,2.62352441992963e-06,7.829276783240431e-09
22,15,5.524043184333564e-06,1.6485176476413504e-08
23,15,1.2302141619073878e-05,3.671277882175553e-08
24,15,2.3207730190545117e-05,6.925788141793498e-08
25,15,5.472339767076428e-05,1.6330880079829423e-07
26,15,0.00010942969920676898,3.2656658229982127e-07
27,15,0.00023387122942160115,6.97932358802878e-07
28,15,0.0005026014253449092,1.4998929077176248e-06
29,15,0.0010726362709282985,3.2010246175127194e-06
30,15,0.0023421012893800595,6.989437227892329e-06
31,15,0.005164800799751647,1.5413104099348085e-05
32,15,0.011513792492320126,3.436014071848734e-05
33,15,0.025978781573569282,7.75274168922262e-05
34,15,0.05967005522131181,0.00017807090890788123
35,15,0.14041673022902318,0.0004190399134878699
36,15,0.3434069868326238,0.0010248154462703003
37,15,0.8322165993309565,0.0024835500101592083
38,15,1.9942288248292044,0.005951295638834928
39,15,4.374628016072923,0.013055023731195752
0,16,1.0705805964947056e-13,3.1948899522530526e-16
1,16,7.540962535208664e-14,2.2504186525459797e-16
2,16,3.059771879451035e-13,9.131152260606933e-16
3,16,6.045289476836728e-13,1.8040710499746377e-15
4,16,1.3404690532305871e-12,4.0003070516080885e-15
5,16,3.0941350338717354e-12,9.23370081897412e-15
6,16,7.146529985505692e-12,2.1327097575768737e-14
7,16,1.6837134940333938e-11,5.0246374183998875e-14
8,16,4.024470780724916e-11,1.2010063793957074e-13
9,16,9.709859647571118e-11,2.897673760143265e-13
10,16,2.354036362469888e-10,7.025054579093114e-13
11,16,5.703668358146853e-10,1.7021224546840702e-12
12,16,1.3744094611205194e-09,4.101594024768218e-12
13,16,3.282749182936901e-09,9.796574321141164e-12
14,16,7.753895606157358e-09,2.3139633993033746e-11
15,16,1.808205447659982e-08,5.396153671431386e-11
16,16,4.160303282967675e-08,1.241542318308264e-10
17,16,9.404499253967074e-08,2.806546304953447e-10
18,16,2.0968708332728165e-07,6.257605992795459e-10
19,16,4.669463326305843e-07,1.3934888706627545e-09
20,16,1.0056234260810672e-06,3.0010409213993077e-09
21,16,2.158719418291343e-06,6.442178199207325e-09
22,16,4.85127906261349e-06,1.4477473983245404e-08
23,16,9.31760878943918e-06,2.780615938479806e-08
24,16,2.1870473991253503e-05,6.526716235512594e-08
25,16,4.379633801170132e-05,1.306996229122811e-07
26,16,9.348556624228019e-05,2.7898515744267476e-07
27,16,0.00020022338462208754,5.975184697253845e-07
28,16,0.00042285283314519333,1.2619024409004368e-06
29,16,0.0009116004718721845,2.7204520589945014e-06
30,16,0.0019810062349211242,5.911836003774845e-06
31,16,0.0043505673609716255,1.2983220500799598e-05
32,16,0.009677558260422799,2.8880341890935096e-05
33,16,0.021821481752130535,6.512095681672478e-05
34,16,0.05030674055549509,0.00015012835134281012
35,16,0.11866109859767181,0.00035411547049730714
36,16,0.28989680307516225,0.0008651271902065506
37,16,0.6963085256052892,0.00207796509614349
38,16,1.6317938142280677,0.004869695638325273
39,16,3.66169400017307,0.010927443863341196
0,17,7.09351877550212e-14,2.1168898386700935e-16
1,17,4.972778084694299e-14,1.484005855289435e-16
2,17,2.0381197752907051e-13,6.08227760981723e-16
3,17,4.038012468034661e-13,1.20504756983612e-15
4,17,9.038936463901883e-13,2.6974528944506865e-15
5,17,2.104103730536027e-12,6.2791908327108945e-15
6,17,4.906600579643599e-12,1.4642567727220958e-14
7,17,1.167636119232493e-11,3.4845287850703985e-14
8,17,2.819972404419074e-11,8.415528480535034e-14
9,17,6.876838250342407e-11,2.0522267544568812e-13
10,17,1.6853846300776657e-10,5.02962452144862e-13
11,17,4.1297197339608555e-10,1.2324153946795293e-12
12,17,1.0074401666710459e-09,3.0064625461473905e-12
13,17,2.438254608519177e-09,7.276383651355616e-12
14,17,5.83807944762418e-09,1.7422342071900033e-11
15,17,1.3807287982265433e-08,4.120452564415808e-11
16,17,3.2097446634616555e-08,9.578709915131749e-11
17,17,7.35599337808364e-08,2.1952190623880444e-10
18,17,1.6799220933550057e-07,5.013322896193892e-10
19,17,3.7041067077307695e-07,1.1054014374396232e-09
20,17,8.152733475303403e-07,2.4329869557628174e-09
21,17,1.8616217141658546e-06,5.5555616540767434e-09
22,17,3.6473627808049452e-06,1.088467579065926e-08
23,17,8.624496111554965e-06,2.5737731526492078e-08
24,17,1.745870438432415e-05,5.2101298491177525e-08
25,17,3.738314966304648e-05,1.1156100683413603e-07
26,17,8.017409134850315e-05,2.39260266549785e-07
27,17,0.00016844705894643612,5.026896787375203e-07
28,17,0.00036008273136054386,1.0745801896376196e-06
29,17,0.0007737598480520925,2.3090999146561722e-06
30,17,0.0016755800853415982,5.0003652190044695e-06
31,17,0.003672730255955269,1.0960378910757981e-05
32,17,0.008154637368171978,2.4335551267362027e-05
33,17,0.018408909451325717,5.493695666682825e-05
34,17,0.04257161224508635,0.00012704472382403393
35,17,0.10034070741273894,0.00029944267527784246
36,17,0.24435618710358545,0.0007292221898138735
37,17,0.5823224624596232,0.0017378011430199743
38,17,1.3335518139977192,0.003979664217061321
39,17,3.085947593843811,0.0092092673760689
0,18,4.60846785118717e-14,1.3752862401249318e-16
1,18,3.217829156163249e-14,9.602836136535305e-17
2,18,1.3322870538496405e-13,3.9758898450034517e-16
3,18,2.6487308841399457e-13,7.904499404966477e-16
4,18,5.99139326044329e-13,1.7879870222252423e-15
5,18,1.407659682238469e-12,4.2008213017315316e-15
6,18,3.3172899138875517e-12,9.899652813894564e-15
7,18,7.980915852161484e-12,2.3817121241813885e-14
8,18,1.9487104905887362e-11,5.815457132902427e-14
9,18,4.804444614266399e-11,1.4337707851733814e-13
10,18,1.1906793299126202e-10,3.553295697632271e-13
11,18,2.952701899481151e-10,8.811627692056237e-13
12,18,7.295573670948282e-10,2.177188255938081e-12
13,18,1.7891474841425148e-09,5.3392797692219485e-12
14,18,4.343969011901491e-09,1.2963529317142195e-11
15,18,1.0383340812461152e-08,3.098657993724925e-11
16,18,2.448076383026473e-08,7.30569437190239e-11
17,18,5.7453270008518265e-08,1.7145544732951304e-10
18,18,1.3005174769510736e-07,3.881081194115425e-10
19,18,2.9441895030091016e-07,8.786224494905839e-10
20,18,6.87052611518151e-07,2.0503430497391944e-09
21,18,1.3762545024188804e-06,4.107100106164543e-09
22,18,3.309549714157461e-06,9.876554051945144e-09
23,18,6.822619395963375e-06,2.0360464431710793e-08
24,18,1.4740680417399649e-05,4.399001056914482e-08
25,18,3.187545749345965e-05,9.512462602326562e-08
26,18,6.716525516198881e-05,2.0043852799139697e-07
27,18,0.00014337425408428797,4.278659311456455e-07
28,18,0.0003064967223886224,9.146656514830133e-07
29,18,0.000657197384030855,1.961247313618347e-06
30,18,0.0014216002977547606,4.242423711290468e-06
31,18,0.003108972606028513,9.27797997960409e-06
32,18,0.006900213755025152,2.0592026108552012e-05
33,18,0.015586123503386437,4.651303184326929e-05
34,18,0.036065352475513957,0.00010762835850542535
35,18,0.08473079150819224,0.0002528586407434579
36,18,0.20561294004908942,0.0006136022998799919
37,18,0.48759222506497824,0.001455101564288917
38,18,1.0906233429031171,0.0032547027018259957
39,18,2.6188835986783627,0.007815427369908617
0,19,2.9325230849871686e-14,8.751408880052463e-17
1,19,2.0413444017653997e-14,6.09190073091386e-17
2,19,8.536717728994204e-14,2.547577808423222e-16
3,19,1.70429759770693e-13,5.086065718350438e-16
4,19,3.898973577565219e-13,1.1635547615797704e-15
5,19,9.252604043333971e-13,2.7612168375750926e-15
6,19,2.205351771156284e-12,6.581341225424991e-15
7,19,5.3673997564258676e-12,1.601771189173172e-14
8,19,1.325549642885726e-11,3.955783664615643e-14
9,19,3.305638629018944e-11,9.864882360292627e-14
10,19,8.29128127670952e-11,2.4743332103155773e-13
11,19,2.0821349292320762e-10,6.213630236172114e-13
12,19,5.21148546818416e-10,1.5552423248777522e-12
13,19,1.2957785041047829e-09,3.866938870987033e-12
14,19,3.1802326349582776e-09,9.490638373722568e-12
15,19,7.710170880379897e-09,2.3009148079587508e-11
16,19,1.860786343982214e-08,5.5530686929537185e-11
17,19,4.330377094990656e-08,1.2922967514590882e-10
18,19,1.0096447223620244e-07,3.0130415116632525e-10
19,19,2.417961039768224e-07,7.215822382909258e-10
20,19,4.961392205633809e-07,1.4806080139006568e-09
21,19,1.2214268649486815e-06,3.6450543107295955e-09
22,19,2.576666382328602e-06,7.68944025528169e-09
23,19,5.650251787885534e-06,1.6861815657710373e-08
24,19,1.2404426833622112e-05,3.7018024410265333e-08
25,19,2.6432557485573794e-05,7.88816018144866e-08
26,19,5.6801423330487005e-05,1.6951016790928967e-07
27,19,0.00012175662584241753,3.6335332603433546e-07
28,19,0.00026037744569899367,7.770337775416085e-07
29,19,0.0005590968135268568,1.6684897874314192e-06
30,19,0.0012087642500690815,3.6072657862779627e-06
31,19,0.0026429534340020704,7.887257996467596e-06
32,19,0.00586274194171277,1.7495941345807223e-05
33,19,0.013222519028611766,3.945942353738095e-05
34,19,0.03055618911315101,9.11875872740358e-05
35,19,0.07149429904418789,0.00021335751685350155
36,19,0.17300426373792513,0.0005162895588832648
37,19,0.4095771146222363,0.0012222842562847165
38,19,0.8933359248522165,0.0026659459172358995
39,19,2.235622184587304,0.00667167598400175
0,20,1.8257145984187194e-14,5.4484055149775255e-17
1,20,1.2683273160082218e-14,3.7850174114404374e-17
2,20,5.355348890783432e-14,1.5981748985545086e-16
3,20,1.0744779318982154e-13,3.2065206111329185e-16
4,20,2.4879835841892383e-13,7.424787802546395e-16
5,20,5.967390170984472e-13,1.7808238782652177e-15
6,20,1.4394303247775816e-12,4.295633132767119e-15
7,20,3.545628139201984e-12,1.058107325450497e-14
8,20,8.861472540342481e-12,2.6444930604948188e-14
9,20,2.2372986295233922e-11,6.676678930159519e-14
10,20,5.6834911165718175e-11,1.6961010428834707e-13
11,20,1.44585447644954e-10,4.314804466243263e-13
12,20,3.6691637873416563e-10,1.0949735644126804e-12
13,20,9.22439207760744e-10,2.7527976558592907e-12
14,20,2.296235493345138e-09,6.85256180591677e-12
15,20,5.696637982718383e-09,1.7000244084565813e-11
16,20,1.3635310836394034e-08,4.0691301271177016e-11
17,20,3.274441582316758e-08,9.77178228788787e-11
18,20,8.069679265979503e-08,2.4082014272626695e-10
19,20,1.6983375943966194e-07,5.06827952387442e-10
20,20,4.298597404085854e-07,1.2828128680887097e-09
21,20,9.30509275011065e-07,2.776880827977743e-09
22,20,2.081210024038285e-06,6.210870079374854e-09
23,20,4.664196746636875e-06,1.391917186800538e-08
24,20,1.0118972826900862e-05,3.019763735457082e-08
25,20,2.2048730454383005e-05,6.579912583815683e-08
26,20,4.7761704170770724e-05,1.4253330319762873e-07
27,20,0.00010273370940166336,3.0658401338463113e-07
28,20,0.00022081688683661134,6.589748173579735e-07
29,20,0.0004756704681904453,1.4195239521256114e-06
30,20,0.0010308009005798007,3.076177030312999e-06
31,20,0.002254636254722303,6.728418896982468e-06
32,20,0.00499353172356029,1.490199278979603e-05
33,20,0.011234544273482881,3.352679166334025e-05
34,20,0.02591943116138226,7.735029988097152e-05
35,20,0.06038768469831268,0.00018021250124853976
36,20,0.14574133977224488,0.0004349299282938629
37,20,0.3452457064180361,0.0010303026620368469
38,20,0.7322022541865413,0.002185081284470286
39,20,1.9163197450658747,0.005718794753857069
0,21,1.1107579629062667e-14,3.314789626015653e-17
1,21,7.709896836618309e-15,2.300833026198158e-17
2,21,3.2850804039387024e-14,9.803531288771179e-17
3,21,6.629563724237176e-14,1.9784336274855534e-16
4,21,1.5547353168877818e-13,4.63973311173523e-16
5,21,3.7708000303140393e-13,1.1253044533266402e-15
6,21,9.20952430207627e-13,2.748360726326623e-15
7,21,2.2971814509469632e-12,6.855384788555558e-15
8,21,5.815303370371051e-12,1.7354372354714782e-14
9,21,1.487612726263313e-11,4.43942190578076e-14
10,21,3.8295000268317986e-11,1.1428220535601883e-13
11,21,9.880082202910023e-11,2.9484725821544014e-13
12,21,2.536397878664441e-10,7.569268604338146e-13
13,21,6.468205989097138e-10,1.930280297562974e-12
14,21,1.6474297358935636e-09,4.916357280789999e-12
15,21,4.054408767618363e-09,1.2099406505593853e-11
16,21,1.0021649932737393e-08,2.99072006161271e-11
17,21,2.54549947361146e-08,7.596430122434884e-11
18,21,5.498920536053331e-08,1.6410203983144615e-10
19,21,1.4346096472847308e-07,4.2812469817987666e-10
20,21,3.1909759125283816e-07,9.522699098226052e-10
21,21,7.307159925258418e-07,2.1806458944942906e-09
22,21,1.6780273481239783e-06,5.007668485381189e-09
23,21,3.7235659043341916e-06,1.1112085660117968e-08
24,21,8.271480468484329e-06,2.4684241359822404e-08
25,21,1.8220802954089786e-05,5.4375598129283e-08
26,21,3.971861220198666e-05,1.1853063231021318e-07
27,21,8.618313877367326e-05,2.5719282137484623e-07
28,21,0.00018662138006166453,5.569265630133795e-07
29,21,0.0004045455941438008,1.2072688952051844e-06
30,21,0.0008796810464332757,2.6251962212272564e-06
31,21,0.001925164613897734,5.745190134692876e-06
32,21,0.004260652853106707,1.2714892307032613e-05
33,21,0.009569368130052502,2.8557474503290712e-05
34,21,0.022043389952192786,6.578318839557345e-05
35,21,0.05110461336904719,0.000152509410595649
36,21,0.12291045825993202,0.0003667966609961037
37,21,0.2917516567413145,0.0008706625542513433
38,21,0.5995048270394536,0.0017890777719181523
39,21,1.646446811320666,0.004913423979129148
0,22,6.595596999997365e-15,1.9682970766887205e-17
1,22,4.580083860073857e-15,1.3668157215754943e-17
2,22,1.9678690801123732e-14,5.872631329192571e-17
3,22,3.9981899151277896e-14,1.1931634880050275e-16
4,22,9.500963205060984e-14,2.835333647925442e-16
5,22,2.331120069555252e-13,6.956666422035552e-16
6,22,5.767651925194072e-13,1.7212168092929418e-15
7,22,1.458015705361448e-12,4.3510967250278135e-15
8,22,3.7415431529244846e-12,1.1165734428905986e-14
9,22,9.704208556026713e-12,2.895987327972385e-14
10,22,2.5348255308305872e-11,7.564576310911313e-14
11,22,6.62089956019975e-11,1.9758480163957878e-13
12,22,1.7247326588758456e-10,5.147049236841255e-13
13,22,4.501068137387038e-10,1.3432353821495145e-12
14,22,1.1378964863102366e-09,3.395778013089187e-12
15,22,2.8917765074343187e-09,8.629810532727153e-12
16,22,7.575616483288806e-09,2.2607602887469017e-11
17,22,1.6803122462224735e-08,5.0144872134626684e-11
18,22,4.5253323975987164e-08,1.3504764662307097e-10
19,22,1.0348852407926844e-07,3.0883657600083166e-10
20,22,2.4330897915862156e-07,7.260970499110587e-10
21,22,5.738846979677994e-07,1.7126206670402393e-09
22,22,1.3062571952711727e-06,3.898210001091461e-09
23,22,2.9689338112378947e-06,8.860067923410397e-09
24,22,6.679789348454143e-06,1.993422255402202e-08
25,22,1.483833276770021e-05,4.428143049008368e-08
26,22,3.271990272438215e-05,9.764466943927354e-08
27,22,7.177001179563174e-05,2.141803151576929e-07
28,22,0.00015697644466325202,4.6845839298518555e-07
29,22,0.00034279691513497824,1.022994834217977e-06
30,22,0.0007486434795002882,2.2341461617243715e-06
31,22,0.0016430123609158822,4.903174689047035e-06
32,22,0.0036420120721726576,1.0868707889407638e-05
33,22,0.008174014197980093,2.4393376749220337e-05
34,22,0.018795755031333447,5.6091404132705066e-05
35,22,0.04332321459957459,0.00012928770003554617
36,22,0.10371426219679579,0.0003095102370459599
37,22,0.24690353404150905,0.0007368241332486057
38,22,0.4896333757289616,0.00146119288685608
39,22,1.4158929921515855,0.0042253916322618325
0,23,3.817204708360321e-15,1.1391528118820846e-17
1,23,2.6556265300431384e-15,7.925077799421354e-18
2,23,1.1495452862543341e-14,3.4305410510323904e-17
3,23,2.3536066917290602e-14,7.023772330248756e-17
4,23,5.6693702173013894e-14,1.691887000583098e-16
5,23,1.407859209152858e-13,4.201416741753584e-16
6,23,3.53141051001163e-13,1.05386441643516e-15
7,23,9.0542399774458e-13,2.702019859498971e-15
8,23,2.3571178700971393e-12,7.034250596458207e-15
9,23,6.2075608626853595e-12,1.8524970369468884e-14
10,23,1.6432621720192457e-11,4.9039201901206686e-14
11,23,4.358228807807258e-11,1.3006084243702308e-13
12,23,1.1624668746366014e-10,3.4691024195317117e-13
13,23,3.0144346563234884e-10,8.995854237172254e-13
14,23,7.865059519223179e-10,2.3471375918928887e-12
15,23,2.125269541223883e-09,6.342355097147716e-12
16,23,4.840055422359751e-09,1.444397973200287e-11
17,23,1.3467762637531126e-08,4.0191294023877864e-11
18,23,3.167336275024796e-08,9.452152293452645e-11
19,23,7.661211685004471e-08,2.2863041152292647e-10
20,23,1.85868760621027e-07,5.546805515532091e-10
21,23,4.3472271185463433e-07,1.2973252351743315e-09
22,23,1.0132936586751585e-06,3.0239308832821796e-09
23,23,2.334894725212297e-06,6.9679309727582105e-09
24,23,5.3042843420463085e-06,1.5829359138194273e-08
25,23,1.1939189701832952e-05,3.562963623787091e-08
26,23,2.6669767142989336e-05,7.958949690761241e-08
27,23,5.924054239439867e-05,1.7678913131956926e-07
28,23,0.0001309558392282598,3.908061628513762e-07
29,23,0.0002883339782374746,8.604633158682635e-07
30,23,0.0006341501879057056,1.8924685074556585e-06
31,23,0.0014002032908196095,4.17856949733476e-06
32,23,0.0031151030243160103,9.296274736536883e-06
33,23,0.006991799407592748,2.0865341431206652e-05
34,23,0.016053442683693353,4.790763338802564e-05
35,23,0.03678019452304893,0.00010976163243416574
36,23,0.08755349988552481,0.0002612823340762232
37,23,0.2091454191360755,0.0006241441329549684
38,23,0.3986559843477668,0.0011896927732189932
39,23,1.217677426715246,0.0036338650153343506
0,24,2.150035664755133e-15,6.416263628168472e-18
1,24,1.5008162623120648e-15,4.4788246791865984e-18
2,24,6.53828696531892e-15,1.9511942770903583e-17
3,24,1.350338898699506e-14,4.029761228362445e-17
4,24,3.298414803036572e-14,9.843324591430131e-17
5,24,8.295553709402745e-14,2.475608214955859e-16
6,24,2.1111659797207226e-13,6.300266414534783e-16
7,24,5.49435676424057e-13,1.6396584505305482e-15
8,24,1.4533414912475171e-12,4.3371476587396964e-15
9,24,3.883481919030397e-12,1.158931649190223e-14
10,24,1.044858941970436e-11,3.1181298691131376e-14
11,24,2.840008329542046e-11,8.475320873624418e-14
12,24,7.53984937992865e-11,2.250086458161824e-13
13,24,2.0164498070791026e-10,6.017608808671782e-13
14,24,5.618338587805891e-10,1.6766578398028545e-12
15,24,1.3134746767912167e-09,3.9197488364341344e-12
16,24,3.778256962304976e-09,1.1275297950870346e-11
17,24,9.139441801510812e-09,2.72744629189558e-11
18,24,2.2780326902099367e-08,6.798239923911893e-11
19,24,5.690212876937078e-08,1.6981069903780112e-10
20,24,1.3691510678033407e-07,4.085901616341375e-10
21,24,3.2779471592003094e-07,9.782243837815807e-10
22,24,7.749089834728406e-07,2.3125292325623133e-09
23,24,1.8041288816174723e-06,5.3839881418752235e-09
24,24,4.156007524772586e-06,1.2402603527337212e-08
25,24,9.48501522905617e-06,2.830574358576898e-08
26,24,2.1483200847810643e-05,6.411143892915111e-08
27,24,4.8325285489322425e-05,1.442151759102613e-07
28,24,0.00010800649019557838,3.223193577707231e-07
29,24,0.00024031824651708623,7.171719286286429e-07
30,24,0.0005339399315436707,1.5934151319208898e-06
31,24,0.0011888787894810198,3.5479224183552314e-06
32,24,0.0026584997934788095,7.93365236215008e-06
33,24,0.005976500936535359,1.7835427668207513e-05
34,24,0.013722436109479912,4.095130566550358e-05
35,24,0.03126947556669963,9.331621890717223e-05
36,24,0.07396635135931337,0.0002207347616204044
37,24,0.17734508680955732,0.0005292436998993396
38,24,0.3237119742276986,0.0009660404244858625
39,24,1.0468052503193814,0.0031239381576328358
0,25,1.1766173543822654e-15,3.5113311183396354e-18
1,25,8.254171906373879e-16,2.463258812478743e-18
2,25,3.614700307523685e-15,1.0787202505561711e-17
3,25,7.538727759866868e-15,2.249751737667415e-17
4,25,1.8682496046886716e-14,5.575340997084933e-17
5,25,4.762253995932185e-14,1.4211800112478435e-16
6,25,1.2307102451529057e-13,3.6727583231454115e-16
7,25,3.256449328581241e-13,9.718088739857762e-16
8,25,8.75023424280319e-13,2.6112966696506686e-15
9,25,2.379232113650625e-12,7.100245230362501e-15
10,25,6.568377824095296e-12,1.9601741691857392e-14
11,25,1.7812746146821605e-11,5.315785086414655e-14
12,25,4.8742252873031084e-11,1.454595146447665e-13
13,25,1.3994100096296507e-10,4.176202140676691e-13
14,25,3.3574257384256734e-10,1.0019428515940803e-12
15,25,9.988157489497926e-10,2.9807250485578748e-12
16,25,2.485747206147215e-09,7.418113870887915e-12
17,25,6.393448570467635e-09,1.9079707464261616e-11
18,25,1.6455716381942234e-08,4.910812235709448e-11
19,25,4.077592217293222e-08,1.2168591927660428e-10
20,25,1.0039769203344889e-07,2.996127321542096e-10
21,25,2.4379737827160934e-07,7.275545594380229e-10
22,25,5.824917604569133e-07,1.7383063721192592e-09
23,25,1.3753625941905373e-06,4.1044384208636935e-09
24,25,3.2127652180836303e-06,9.587724032932478e-09
25,25,7.436443596300074e-06,2.219227492456534e-08
26,25,1.707003416745266e-05,5.0941405836025264e-08
27,25,3.887591124893691e-05,1.1601579427142568e-07
28,25,8.797857097626947e-05,2.625508563726854e-07
29,25,0.00019828590595056725,5.917365312514273e-07
30,25,0.0004458505892423936,1.3305337052068181e-06
31,25,0.0010024371950889197,2.9915323823731947e-06
32,25,0.0022573012728084097,6.736372001619104e-06
33,25,0.005096370159605553,1.5208889334626184e-05
34,25,0.011727988889049953,3.499935827759646e-05
35,25,0.02661300592909257,7.942010673507405e-05
36,25,0.0625626612978626,0.0001867031950898436
37,25,0.1506044602772825,0.0004494427402101373
38,25,0.2625363800868892,0.0007834765972658263
39,25,0.8994692666043099,0.0026842493985446926
0,26,6.244584104685543e-16,1.863545731856315e-18
1,26,4.4099690960594236e-16,1.3160490672891068e-18
2,26,1.93886139389211e-15,5.786064875861856e-18
3,26,4.088607792000854e-15,1.2201465257390984e-17
4,26,1.028556405113506e-14,3.069478874156778e-17
5,26,2.6597392133903154e-14,7.937351112374825e-17
6,26,6.991587685400517e-14,2.0864709597314986e-16
7,26,1.88135542609312e-13,5.614452164668384e-16
8,26,5.150538006439474e-13,1.5370540227750447e-15
9,26,1.43904182531404e-12,4.294473749684156e-15
10,26,3.975926190379671e-12,1.186519415552156e-14
11,26,1.1110132845583198e-11,3.315551571994693e-14
12,26,3.283822669631721e-11,9.799777883643966e-14
13,26,8.082541527285531e-11,2.4120398593755276e-13
14,26,2.4878400169551126e-10,7.424359360712792e-13
15,26,6.372977168116154e-10,1.9018615494263824e-12
16,26,1.6937070441645564e-09,5.054460761925754e-12
17,26,4.495991487314096e-09,1.3417203782009791e-11
18,26,1.1486063374916054e-08,3.4277389845858805e-11
19,26,2.9120752514574924e-08,8.690387245527043e-11
20,26,7.272321723290889e-08,2.1702492721582372e-10
21,26,1.785113883907845e-07,5.327242460771426e-10
22,26,4.324902415553705e-07,1.2906629652329796e-09
23,26,1.0351718035877303e-06,3.0892209376545197e-09
24,26,2.4516018881589707e-06,7.316215392889799e-09
25,26,5.750575136980867e-06,1.7161206531270483e-08
26,26,1.3368101959263032e-05,3.9893880731804406e-08
27,26,3.08452533118925e-05,9.205022975713242e-08
28,26,7.077995208938457e-05,2.1122572040978094e-07
29,26,0.00016173581247664064,4.826615799809692e-07
30,26,0.0003682529480997111,1.0989622337855908e-06
31,26,0.0008371593800878546,2.4983005489118332e-06
32,26,0.0019030243866977057,5.679117958853362e-06
33,26,0.00432766986241046,1.2914888430963548e-05
34,26,0.010004370921783587,2.9855635569402044e-05
35,26,0.022651296345390128,6.75973386182617e-05
36,26,0.052989774577745355,0.00015813522020191974
37,26,0.1281344869510658,0.0003823865164728721
38,26,0.21314787596959772,0.0006360885014253248
39,26,0.7725039046893285,0.0023053518541706454
0,27,3.207178163755101e-16,9.571050814871779e-19
1,27,2.2842723314958904e-16,6.816860630578377e-19
2,27,1.0069406032434995e-15,3.004971719412433e-18
3,27,2.1501432339045685e-15,6.416584642388073e-18
4,27,5.494807758731132e-15,1.6397930389745323e-17
5,27,1.4438856453366636e-14,4.308928963958982e-17
6,27,3.863550309737206e-14,1.1529835404283465e-16
7,27,1.0605579469225827e-13,3.1649797684539315e-16
8,27,2.987881545152025e-13,8.916612871916307e-16
9,27,8.385506248038489e-13,2.5024523837001795e-15
10,27,2.3878617217853024e-12,7.125998217490824e-15
11,27,7.25781334828719e-12,2.165919597057212e-14
12,27,1.83212862137263e-11,5.467546621734051e-14
13,27,5.837906967633582e-11,1.7421827346908072e-13
14,27,1.5404958932393868e-10,4.597238981270801e-13
15,27,4.2363817639123594e-10,1.264246108676657e-12
16,27,1.1611557552914128e-09,3.465189699615189e-12
17,27,3.062733106910008e-09,9.139989330778002e-12
18,27,8.007228474827021e-09,2.3895644927043002e-11
19,27,2.0592515952935206e-08,6.145340437240844e-11
20,27,5.199736269828131e-08,1.5517360595953801e-10
21,27,1.2940668329748422e-07,3.861830800737568e-10
22,27,3.1768301391501623e-07,9.480484444438288e-10
23,27,7.704923685501094e-07,2.299348909020297e-09
24,27,1.8482904204525055e-06,5.515777618689993e-09
25,27,4.3888961425521835e-06,1.3097603518346127e-08
26,27,1.0333096070063052e-05,3.083663660447559e-08
27,27,2.416963478227594e-05,7.212845400743368e-08
28,27,5.624131029506805e-05,1.6783864545236754e-07
29,27,0.00013025544147144896,3.887159944295477e-07
30,27,0.0003004069973211194,8.964923336647642e-07
31,27,0.0006914971866409841,2.063606813764497e-06
32,27,0.0015901654016949594,4.745465666881988e-06
33,27,0.003650819791933391,1.089499240778763e-05
34,27,0.008496016101713313,2.5354313880167776e-05
35,27,0.019244562651232287,5.743076238373657e-05
36,27,0.044915040940822576,0.0001340381223765045
37,27,0.10918825817960427,0.00032584605970275963
38,27,0.17365163905383568,0.0005182214946001191
39,27,0.6630239299832811,0.0019786352367515488
0,28,1.5900618006069044e-16,4.745156494385912e-19
1,28,1.144514589758403e-16,3.415528148930195e-19
2,28,5.051609117814794e-16,1.507531078562398e-18
3,28,1.0941509006717445e-15,3.2652298484115776e-18
4,28,2.8445900815361933e-15,8.488994008984562e-18
5,28,7.604686790582702e-15,2.269435621831237e-17
6,28,2.0782831705594768e-14,6.202135590068978e-17
7,28,5.879475241306789e-14,1.7545877848407787e-16
8,28,1.6708053789600455e-13,4.986116257746131e-16
9,28,4.837434998857267e-13,1.4436159709160924e-15
10,28,1.5100458945692132e-12,4.50636829379899e-15
11,28,3.908781570598078e-12,1.1664817208853143e-14
12,28,1.2902779284999523e-11,3.8505237278497287e-14
13,28,3.5113506279861784e-11,1.0478780277656532e-13
14,28,1.0008368753157231e-10,2.9867566134301385e-13
15,28,2.8368051502722884e-10,8.46576175654559e-13
16,28,7.73922357646858e-10,2.3095848854030373e-12
17,28,2.09017110187105e-09,6.237612257986158e-12
18,28,5.545016853064926e-09,1.6547767339456522e-11
19,28,1.4425948240605254e-08,4.305076818740965e-11
20,28,3.693228079322638e-08,1.1021549727914473e-10
21,28,9.310957311603902e-08,2.7786309651136583e-10
22,28,2.315116149367298e-07,6.908906576609093e-10
23,28,5.684391009824116e-07,1.696369594351644e-09
24,28,1.3796091609822273e-06,4.117111276712906e-09
25,28,3.315300614711087e-06,9.893716229604018e-09
26,28,7.905161308542324e-06,2.3591050051061113e-08
27,28,1.873420221755798e-05,5.5907714584334746e-08
28,28,4.41599018431316e-05,1.317845916066908e-07
29,28,0.00010358774955260585,3.0913269052860397e-07
30,28,0.00024203008233527956,7.222804903505344e-07
31,28,0.0005645258008996285,1.6846912927314105e-06
32,28,0.0013145201917384797,3.9228689239930515e-06
33,28,0.003051159336333037,9.105450199910959e-06
34,28,0.007160234041451369,2.136799403026204e-05
35,28,0.01627462405953507,4.8567695935036044e-05
36,28,0.038029920217880424,0.00011349113778720745
37,28,0.09304454570075354,0.00027766903785160984
38,28,0.1421503622277515,0.0004242135206611892
39,28,0.5682795360785566,0.0016958934113256042
0,29,7.587364437091661e-17,2.2642661826223526e-19
1,29,5.531900010860536e-17,1.650862328294989e-19
2,29,2.4414504091240455e-16,7.285920748586155e-19
3,29,5.376973566821873e-16,1.6046282623107876e-18
4,29,1.423919714033178e-15,4.249345450566586e-18
5,29,3.886882691549948e-15,1.1599465278446824e-17
6,29,1.0962915981294933e-14,3.271618244409944e-17
7,29,3.142778141443454e-14,9.378864458345214e-17
8,29,9.229558670519348e-14,2.7543395010819375e-16
9,29,2.95460125353728e-13,8.817295856797468e-16
10,29,7.842350094930873e-13,2.3403605111452556e-15
11,29,2.68452603438169e-12,8.01132140998056e-15
12,29,7.546822232684097e-12,2.2521673381329218e-14
13,29,2.2339360321474093e-11,6.666644068136822e-14
14,29,6.560969503396775e-11,1.9579633342948148e-13
15,29,1.8554319460079664e-10,5.537089781749557e-13
16,29,5.187662301232973e-10,1.5481328744568869e-12
17,29,1.42262483244114e-09,4.245481188313652e-12
18,29,3.82086648941878e-09,1.1402455822488674e-11
19,29,1.00812049620098e-08,3.008492825779325e-11
20,29,2.6145465629213322e-08,7.802484531220837e-11
21,29,6.674934675679716e-08,1.9919734952323205e-10
22,29,1.6796883404922722e-07,5.012625317071962e-10
23,29,4.170809161901475e-07,1.244677544853102e-09
24,29,1.023670750800362e-06,3.054898815517239e-09
25,29,2.488717297760618e-06,7.426977393993044e-09
26,29,6.004742165422894e-06,1.7919706814221822e-08
27,29,1.4396609940085727e-05,4.296321509532773e-08
28,29,3.4327741339376475e-05,1.0244287655484144e-07
29,29,8.148318096361434e-05,2.431669292257307e-07
30,29,0.00019275587749961604,5.752334931882814e-07
31,29,0.0004553152714253038,1.358778769713363e-06
32,29,0.0010732571660654244,3.202877529513461e-06
33,29,0.0025194909095951298,7.518813827015023e-06
34,29,0.005968125708773686,1.7810433818037605e-05
35,29,0.013652168168087335,4.074160791770607e-05
36,29,0.0320681885468914,9.569978543500196e-05
37,29,0.0790249597637205,0.00023583096009115924
38,29,0.11680326135563958,0.00034857120268886325
39,29,0.4857488392871132,0.001449600423394798
0,30,3.472023469436814e-17,1.0361417844495108e-19
1,30,2.570883993813559e-17,7.672184109385507e-20
2,30,1.133324777919128e-16,3.382134850443416e-19
3,30,2.5447207849680384e-16,7.594106313717495e-19
4,30,6.888899297299607e-16,2.05582608344373e-18
5,30,1.9405292051335724e-15,5.791042056837346e-18
6,30,5.574164908540473e-15,1.6634752691023185e-17
7,30,1.655854348976456e-14,4.941498509557156e-17
8,30,5.4276864860592646e-14,1.6197623116902977e-16
9,30,1.4776025504826736e-13,4.409548947008142e-16
10,30,5.252624450370631e-13,1.5675192633225378e-15
11,30,1.528868345684122e-12,4.562539365963657e-15
12,30,4.71152724140228e-12,1.4060418330584911e-14
13,30,1.4374187634084446e-11,4.289630112324157e-14
14,30,4.224975346461844e-11,1.260842138100021e-13
15,30,1.2259877389869558e-10,3.6586651408586714e-13
16,30,3.483880892406161e-10,1.0396803467612525e-12
17,30,9.68233059630408e-10,2.889458377800628e-12
18,30,2.638682543939407e-09,7.874512553674165e-12
19,30,7.055027138676881e-09,2.1054029366898614e-11
20,30,1.8531372264923975e-08,5.530241744014206e-11
21,30,4.788206476587539e-08,1.4289249040614544e-10
22,30,1.2184170320628902e-07,3.636072189368289e-10
23,30,3.058423186012651e-07,9.12712740985859e-10
24,30,7.588627110920186e-07,2.264642997216316e-09
25,30,1.8648418116707758e-06,5.565171259553839e-09
26,30,4.54599365776495e-06,1.356642321722778e-08
27,30,1.1007879474698374e-05,3.285036516118137e-08
28,30,2.6510549143805568e-05,7.911434913501538e-08
29,30,6.357887003935535e-05,1.8973582533572807e-07
30,30,0.00015201068281680855,4.536392727055642e-07
31,30,0.000362994010762586,1.0832682018622383e-06
32,30,0.0008648744708881589,2.581009562519583e-06
33,30,0.0020516472909969876,6.122647222483903e-06
34,30,0.0049060770696378675,1.4641005437690685e-05
35,30,0.01132330580393744,3.37916790737084e-05
36,30,0.026821057121718072,8.004098541254106e-05
37,30,0.06655993162587029,0.0001986320856836067
38,30,0.0960512600188398,0.0002866418525986747
39,30,0.4133722136389501,0.0012336098152907397
0,31,1.5167602399317463e-17,4.5264056404545807e-20
1,31,1.1444460438671434e-17,3.415323590226282e-20
2,31,5.033393549977304e-17,1.502095081043937e-19
3,31,1.1579521907428908e-16,3.4556294327646797e-19
4,31,3.237911201856425e-16,9.662766165358813e-19
5,31,9.32525962676619e-16,2.7828991466177473e-18
6,31,2.7866555105337774e-15,8.316102234755003e-18
7,31,9.336366964457926e-15,2.7862138640433945e-17
8,31,2.6086268909550905e-14,7.784818695927816e-17
9,31,9.649220417167259e-14,2.879577442260802e-16
10,31,2.916996321611393e-13,8.70507299421379e-16
11,31,9.387680155104985e-13,2.8015270499682193e-15
12,31,2.984511582744018e-12,8.906556030729324e-15
13,31,9.146184593618148e-12,2.7294585158070157e-14
14,31,2.7623869809255778e-11,8.243678652957371e-14
15,31,8.156615398191513e-11,2.434145422156777e-13
16,31,2.3518037912068017e-10,7.01839200784955e-13
17,31,6.636636290144387e-10,1.9805442644453095e-12
18,31,1.8337794765721592e-09,5.472473201486075e-12
19,31,4.967731348815422e-09,1.482499778511667e-11
20,31,1.321069529316147e-08,3.942413844655086e-11
21,31,3.4526652594619574e-08,1.0303647929044769e-10
22,31,8.882382751505523e-08,2.6507332094161634e-10
23,31,2.253569087882838e-07,6.725234194565903e-10
24,31,5.649180984093731e-07,1.6858620101685476e-09
25,31,1.4015155152874287e-06,4.182485515223616e-09
26,31,3.4467386287670327e-06,1.0285961327101929e-08
27,31,8.416253231471161e-06,2.5116280803971653e-08
28,31,2.0435046478670908e-05,6.098347465131989e-08
29,31,4.9403187984031276e-05,1.4743191630433294e-07
30,31,0.00011907216191085931,3.5534218995527476e-07
31,31,0.0002866557893154914,8.554551652046129e-07
32,31,0.0006885180711656972,2.0547163611168778e-06
33,31,0.0016472010280125546,4.915674757200996e-06
34,31,0.003972984929604948,1.1856416671110873e-05
35,31,0.00926260486239375,2.7642013411643602e-05
36,31,0.022145516422345267,6.608796024966603e-05
37,31,0.055284505898802766,0.00016498329316790776
38,31,0.07882615023879733,0.00023523766094519214
39,31,0.3495690726982952,0.0010432047074633518
0,32,6.288436066804729e-18,1.8766322938227743e-20
1,32,4.85506656291165e-18,1.4488776865705975e-20
2,32,2.1308509909059377e-17,6.359011589490832e-20
3,32,5.0816894118778986e-17,1.516507817873543e-19
4,32,1.4599706140781938e-16,4.356930679273905e-19
5,32,4.391077575723983e-16,1.3104113480272313e-18
6,32,1.4975832114014546e-15,4.469176417389914e-18
7,32,4.299828159813849e-15,1.283180157494283e-17
8,32,1.65979857123543e-14,4.953269090964953e-17
9,32,5.233317446425658e-14,1.5617575529838797e-16
10,32,1.7658188308003766e-13,5.269661021781144e-16
11,32,5.872843915585281e-13,1.7526088253876434e-15
12,32,1.8833098094609165e-12,5.62028455113706e-15
13,32,5.939305842114144e-12,1.7724427866951512e-14
14,32,1.8276230943548606e-11,5.454100961457929e-14
15,32,5.481969838441157e-11,1.6359618708516875e-13
16,32,1.606013753068049e-10,4.792761254647584e-13
17,32,4.5976608731792757e-10,1.3720611578130825e-12
18,32,1.287797288242494e-09,3.843120854437249e-12
19,32,3.5336445694040057e-09,1.0545311176558628e-11
20,32,9.509793662263229e-09,2.8379688852052532e-11
21,32,2.5138384047247587e-08,7.501945287575266e-11
22,32,6.538371894420187e-08,1.9512196221352044e-10
23,32,1.6761302497558297e-07,5.002007052197478e-10
24,32,4.241655294894194e-07,1.2658198669907834e-09
25,32,1.0613132106558226e-06,3.167233671168524e-09
26,32,2.6301624279644817e-06,7.849086319526595e-09
27,32,6.46672384909944e-06,1.929837988576431e-08
28,32,1.57977339055983e-05,4.71445321245489e-08
29,32,3.840081395936928e-05,1.1459798083285585e-07
30,32,9.301963201521205e-05,2.7759468895730827e-07
31,32,0.00022497844583352708,6.713939879169087e-07
32,32,0.0005428526893536986,1.6200131110617006e-06
33,32,0.0013061170029459751,3.8977916308607436e-06
34,32,0.0031703875636006395,9.461258129336748e-06
35,32,0.007456911441236344,2.2253356278314205e-05
36,32,0.017967966675972297,5.362106915017814e-05
37,32,0.04507623890256599,0.0001345191788705078
38,32,0.06446072567377156,0.00019236751109106396
39,32,0.29290075729609694,0.0008740917681084068
0,33,2.45459559175672e-18,7.325149380275511e-21
1,33,1.952019864474339e-18,5.825333162236396e-21
2,33,8.587381451095901e-18,2.562697176102445e-20
3,33,2.1259140555689242e-17,6.344278494986045e-20
4,33,6.4156855188156e-17,1.9146068281072885e-19
5,33,2.2290352996666164e-16,6.652019012337352e-19
6,33,6.580273324165652e-16,1.9637240946912304e-18
7,33,2.662370155670659e-15,7.945202525975958e-18
8,33,8.807207542906276e-15,2.6282989789249097e-17
9,33,3.1319313409807576e-14,9.346494794701181e-17
10,33,1.095055116941062e-13,3.267928264096455e-16
11,33,3.6905584401112787e-13,1.1013582832642468e-15
12,33,1.2196954709889935e-12,3.639887382444784e-15
13,33,3.923901719612136e-12,1.1709939652058027e-14
14,33,1.2279356317645514e-11,3.664478157724084e-14
15,33,3.74472248000622e-11,1.1175222364874207e-13
16,33,1.1135838845421391e-10,3.323222908544651e-13
17,33,3.233339058146307e-10,9.6491217036083e-13
18,33,9.178397807202788e-10,2.7390717735802577e-12
19,33,2.5503383390949512e-09,7.610870551080918e-12
20,33,6.946443342056278e-09,2.072998717714054e-11
21,33,1.8575714455521847e-08,5.543474602863496e-11
22,33,4.8845018372685005e-08,1.4576619352850265e-10
23,33,1.264772065462512e-07,3.7744076224311645e-10
24,33,3.2295838842667607e-07,9.637915291558608e-10
25,33,8.145312286387012e-07,2.4307722806621867e-09
26,33,2.0324309096324257e-06,6.065300560363071e-09
27,33,5.025079716036947e-06,1.4996140175343125e-08
28,33,1.2328740940378442e-05,3.6792158090024495e-08
29,33,3.0061586664214508e-05,8.971156538494041e-08
30,33,7.296714787152996e-05,2.1775287945868037e-07
31,33,0.00017667127788223026,5.272328794354678e-07
32,33,0.0004267072209442364,1.2734049329982472e-06
33,33,0.0010288972758726025,3.070496120842193e-06
34,33,0.0025028313665383865,7.469097433036479e-06
35,33,0.005917111356208697,1.765819376907331e-05
36,33,0.014325878592357916,4.275213442292923e-05
37,33,0.03607326011569627,0.00010765195695307816
38,33,0.05261005776784303,0.00015700204683353382
39,33,0.24231889816467336,0.00072314239163513
0,34,8.920421521789828e-19,2.6620849642840642e-21
1,34,7.413160563963251e-19,2.2122792322027565e-21
2,34,3.256404586859159e-18,9.717955218963778e-21
3,34,8.5943612069483e-18,2.5647801161365743e-20
4,34,3.0420109255987176e-17,9.07814897137211e-20
5,34,9.292755988465915e-17,2.7731992185826953e-19
6,34,3.9627294375414634e-16,1.1825811624973928e-18
7,34,1.3877973533757096e-15,4.1415469648719346e-18
8,34,5.239542313488886e-15,1.563615214639577e-17
9,34,1.938340527378238e-14,5.784510475196381e-17
10,34,6.902220024247677e-14,2.0598013335857966e-16
11,34,2.4007457629675684e-13,7.164447535414587e-16
12,34,8.103546175881614e-13,2.4183081908743383e-15
13,34,2.653742880645531e-12,7.91945650145118e-15
14,34,8.447142368726111e-12,2.5208461994787857e-14
15,34,2.6158938184551563e-11,7.806505090889325e-14
16,34,7.892442588707707e-11,2.3553094094883515e-13
17,34,2.3232413133028088e-10,6.933154171515042e-13
18,34,6.680987415790167e-10,1.9937797897444567e-12
19,34,1.879615681485488e-09,5.609260315885949e-12
20,34,5.181148924072733e-09,1.5461891139111962e-11
21,34,1.4013197512947295e-08,4.181901304735088e-11
22,34,3.7237815089401545e-08,1.1112729080138382e-10
23,34,9.734951251990163e-08,2.905161745177441e-10
24,34,2.507159858948308e-07,7.482014776162387e-10
25,34,6.370300913630202e-07,1.9010628857298016e-09
26,34,1.5991882433689708e-06,4.7723921648023265e-09
27,34,3.9719372006635464e-06,1.1853289976419665e-08
28,34,9.773895644785851e-06,2.9167837612729057e-08
29,34,2.3863937491404282e-05,7.121617406677845e-08
30,34,5.790888059369497e-05,1.7281510739199427e-07
31,34,0.00013998608787590077,4.1775476510062076e-07
32,34,0.0003373971822960796,1.0068806320286855e-06
33,34,0.000812028732921412,2.4233041848934975e-06
34,34,0.0019685704078831576,5.8747242730171195e-06
35,34,0.00465705551835243,1.389786059207957e-05
36,34,0.011286188783385739,3.36809122651127e-05
37,34,0.02842083375418236,8.481513348289109e-05
38,34,0.04297262829189929,0.0001282414596352842
39,34,0.19655721406772467,0.0005865776666641945
0,35,2.969270902408133e-19,8.861073890823139e-22
1,35,2.614048726390294e-19,7.800998857992603e-22
2,35,1.1681244550698778e-18,3.485986105766565e-21
3,35,3.727761166438494e-18,1.1124605409483863e-20
4,35,1.1889561034208455e-17,3.5481531431883987e-20
5,35,5.408019497138383e-17,1.6138931725054359e-19
6,35,2.0276734374019734e-16,6.05110303027803e-19
7,35,8.203072168303883e-16,2.4480093263347635e-18
8,35,3.2342592430518086e-15,9.651867773841991e-18
9,35,1.2233119024782727e-14,3.6506797512453585e-17
10,35,4.495213693791472e-14,1.3414882644564844e-16
11,35,1.596474565538378e-13,4.764293846877454e-16
12,35,5.482419816278322e-13,1.6360961558999505e-15
13,35,1.824422299876154e-12,5.444548961213641e-15
14,35,5.8912795509351185e-12,1.7581104967550723e-14
15,35,1.849087557593853e-11,5.5181564825063165e-14
16,35,5.650208790981013e-11,1.6861687343804178e-13
17,35,1.683351413524536e-10,5.023556876324454e-13
18,35,4.897123865876358e-10,1.4614286757348656e-12
19,35,1.393187627014966e-09,4.1576329383580416e-12
20,35,3.88141306673384e-09,1.1583142500484295e-11
21,35,1.0603393317638105e-08,3.164327364163719e-11
22,35,2.8438838280959527e-08,8.486886365685818e-11
23,35,7.497712496917738e-08,2.2375117202493676e-10
24,35,1.945551480626227e-07,5.806029828483372e-10
25,35,4.97514102451394e-07,1.4847110177697072e-09
26,35,1.2553534909001046e-06,3.746300155013479e-09
27,35,3.1293838221973917e-06,9.338892338435113e-09
28,35,7.716430808132019e-06,2.302782932632649e-08
29,35,1.8846376109486368e-05,5.6242470548902515e-08
30,35,4.5670121902774545e-05,1.362914796542065e-07
31,35,0.00011007542996105133,3.284936102185714e-07
32,35,0.0002642017382624588,7.88446457656955e-07
33,35,0.0006325017976608686,1.887549283767255e-06
34,35,0.0015216472576498141,4.540989767847754e-06
35,35,0.003589726427779424,1.0712673976159105e-05
36,35,0.008669970605113219,2.5873439200467076e-05
37,35,0.021725855904000346,6.483558450345184e-05
38,35,0.034111553607595886,0.00010179771633586525
39,35,0.15284675895157776,0.0004561343405697107
0,36,8.790339439648179e-20,2.6232650997579126e-22
1,36,8.546624768025498e-20,2.550534325621581e-22
2,36,4.341284512974997e-19,1.2955518076629176e-21
3,36,1.333696850193086e-18,3.980097042655963e-21
4,36,6.627130943462389e-18,1.9777076226542637e-20
5,36,2.716242526599378e-17,8.105971642423386e-20
6,36,1.1944779008467793e-16,3.564631617739735e-19
7,36,5.075957907101284e-16,1.514797388310178e-18
8,36,2.0562598445489526e-15,6.136412277675127e-18
9,36,8.03350329779292e-15,2.3974055808172206e-17
10,36,3.0177288449882426e-14,9.005684949871801e-17
11,36,1.0916841578785355e-13,3.2578684486340927e-16
12,36,3.8138591576648733e-13,1.1381544128510695e-15
13,36,1.2892887234333283e-12,3.847571683567941e-15
14,36,4.226202141359069e-12,1.2612082454910433e-14
15,36,1.3457750020766715e-11,4.0161413780577065e-14
16,36,4.170047884936969e-11,1.2444503600775936e-13
17,36,1.2593546335875496e-10,3.758240601731365e-13
18,36,3.712334041002328e-10,1.1078566869079214e-12
19,36,1.0696386117212767e-09,3.1920788255637987e-12
20,36,3.016216257746368e-09,9.001170997539025e-12
21,36,8.333594285466385e-09,2.4869605087151118e-11
22,36,2.2586016791845634e-08,6.740252751259647e-11
23,36,6.011274582450581e-08,1.7939201239577577e-10
24,36,1.572849011132676e-07,4.693789069717916e-10
25,36,4.0501941294692317e-07,1.208682893308868e-09
26,36,1.0275653954394886e-06,3.0665214444588452e-09
27,36,2.571277762497871e-06,7.673359217188824e-09
28,36,6.352698891992441e-06,1.8958099862980396e-08
29,36,1.5516284489248397e-05,4.6304614125560365e-08
30,36,3.7528580356017276e-05,1.1199500971186696e-07
31,36,9.007819392962979e-05,2.6881667540506307e-07
32,36,0.00021480888883292236,6.410453942785806e-07
33,36,0.0005098089161520831,1.5214019281838944e-06
34,36,0.0012121053263817532,3.6172364238703267e-06
35,36,0.002839115833763871,8.472657434922599e-06
36,36,0.006780457756888464,2.0234643174075457e-05
37,36,0.0166507638852415,4.969019465556804e-05
38,36,0.027190111416368963,8.114233907211282e-05
39,36,0.115026448138102,0.0003432687315677464
0,37,2.2158224061754942e-20,6.6125883138984e-23
1,37,3.007511991261005e-20,8.975195210543752e-23
2,37,1.4336229978118335e-19,4.278302564070969e-22
3,37,7.717838892109258e-19,2.3032031413834463e-21
4,37,3.691850078999387e-18,1.1017437417826496e-20
5,37,1.829661603857533e-17,5.460184402115254e-20
6,37,8.577695997256248e-17,2.559806785667887e-19
7,37,3.783906944759336e-16,1.1292158962767017e-18
8,37,1.5890066984080814e-15,4.742007795983702e-18
9,37,6.3605796803557e-15,1.8981618177846224e-17
10,37,2.4359462050655885e-14,7.269494777202876e-17
11,37,8.960391749885331e-14,2.6740131162186033e-16
12,37,3.175254832095378e-13,9.475783319929285e-16
13,37,1.0869234749993822e-12,3.2436613371412538e-15
14,37,3.6024832867604687e-12,1.0750743749433808e-14
15,37,1.1584335574946013e-11,3.457065955903081e-14
16,37,3.620851469213249e-11,1.0805559166182142e-13
17,37,1.1019408935215507e-10,3.288477205934643e-13
18,37,3.270284794344013e-10,9.759377355301523e-13
19,37,9.477740514321464e-10,2.828403395168116e-12
20,37,2.685872789391216e-09,8.015340475954826e-12
21,37,7.45194771129549e-09,2.2238543221767453e-11
22,37,2.026651932595814e-08,6.048054595202648e-11
23,37,5.408987608504888e-08,1.6141820820268336e-10
24,37,1.4183125847839135e-07,4.2326123237397847e-10
25,37,3.657941890877955e-07,1.0916246596805665e-09
26,37,9.289519143008622e-07,2.772233260011957e-09
27,37,2.3254498559396754e-06,6.939745035110693e-09
28,37,5.744551384028898e-06,1.7143230091342363e-08
29,37,1.4021484449764533e-05,4.184374341446106e-08
30,37,3.3866432377900143e-05,1.0106621106068749e-07
31,37,8.107621411255954e-05,2.419524346724087e-07
32,37,0.00019258859794009045,5.747342876303856e-07
33,37,0.00045474553393254184,1.3570785253814492e-06
34,37,0.0010723577558105586,3.2001934562212372e-06
35,37,0.002502032749483684,7.466714152775169e-06
36,37,0.005882798622214691,1.7555795678326368e-05
37,37,0.013907069571946703,4.150229976722393e-05
38,37,0.02442423203404127,7.28882381882787e-05
39,37,0.08352229249204368,0.000249252166483937
0,38,4.4052216398205054e-21,1.3146323033120514e-23
1,38,7.029475855264144e-21,2.0977777715308996e-23
2,38,5.3466876626195914e-20,1.5955901636055075e-22
3,38,2.7011554967733983e-19,8.060948035458917e-22
4,38,1.4687439958539626e-18,4.38311272420771e-21
5,38,7.404799469113313e-18,2.2097840648128966e-20
6,38,3.466343537826211e-17,1.0344467456554568e-19
7,38,1.5327101301385622e-16,4.574004246414882e-19
8,38,6.422995759448441e-16,1.9167883933647652e-18
9,38,2.565087982755564e-15,7.65488731029073e-18
10,38,9.812317230282178e-15,2.9282497581211355e-17
11,38,3.609076315325807e-14,1.0770419055326034e-16
12,38,1.2805604505798914e-13,3.82152425534883e-16
13,38,4.395064213345176e-13,1.3116010640113363e-15
14,38,1.4624487692232388e-12,4.364326136466901e-15
15,38,4.727288983975281e-12,1.4107455455245453e-14
16,38,1.4870620719184902e-11,4.437778610507897e-14
17,38,4.5594557099435305e-11,1.3606597469762224e-13
18,38,1.364475090331904e-10,4.071947287737467e-13
19,38,3.990486665151948e-10,1.1908646385743455e-12
20,38,1.1417953585472104e-09,3.4074132582783963e-12
21,38,3.1997234693475304e-09,9.548804074796492e-12
22,38,8.79075176228582e-09,2.6233881475187626e-11
23,38,2.3699064007260932e-08,7.072414886138314e-11
24,38,6.275037481775825e-08,1.872633808811612e-10
25,38,1.6332795944010048e-07,4.874129591417004e-10
26,38,4.18240747290351e-07,1.2481387814386366e-09
27,38,1.0545387991305026e-06,3.1470170715163943e-09
28,38,2.6202843379532233e-06,7.819607538921237e-09
29,38,6.422975597270808e-06,1.9167823764484352e-08
30,38,1.5549779436079264e-05,4.640457172747429e-08
31,38,3.722660373194312e-05,1.1109383320518572e-07
32,38,8.821839331931259e-05,2.632665483968291e-07
33,38,0.00020740011269894664,6.189356862319073e-07
34,38,0.00048662799878171895,1.4522240631702064e-06
35,38,0.0011293005495732029,3.370125510137731e-06
36,38,0.0026361363226937184,7.866913969596797e-06
37,38,0.006283178961719418,1.875063437421865e-05
38,38,0.0104313099569552,3.11297322961319e-05
39,38,0.03901374443609575,0.00011642712422283955
0,39,7.361718730962659e-22,2.1969276560657343e-24
1,39,7.831504983635577e-21,2.337124048872181e-23
2,39,7.003093121487311e-20,2.0899044800353733e-22
3,39,4.93898913374539e-19,1.473922356649791e-21
4,39,2.965921943395131e-18,8.851079729210104e-21
5,39,1.5840640687141116e-17,4.7272577080420046e-20
6,39,7.748984440867775e-17,2.3124977803029073e-19
7,39,3.529270630871568e-16,1.0532258210425286e-18
8,39,1.5133407310977135e-15,4.516200939891856e-18
9,39,6.158570410155396e-15,1.837877016272426e-17
10,39,2.392575640964114e-14,7.140065773982534e-17
11,39,8.913868227583195e-14,2.660129291457237e-16
12,39,3.19633849290368e-13,9.538702427835505e-16
13,39,1.1063961887717054e-12,3.301772961598108e-15
14,39,3.706123392659883e-12,1.106003268486999e-14
15,39,1.2039480906258003e-11,3.592893118340427e-14
16,39,3.800012474706142e-11,1.1340222038047137e-13
17,39,1.1672695501364504e-10,3.4834348478875393e-13
18,39,3.494732616128927e-10,1.0429187823540521e-12
19,39,1.0211860637875377e-09,3.0474838655379865e-12
20,39,2.916022723323317e-09,8.702167524603853e-12
21,39,8.14673331353104e-09,2.43119635198939e-11
22,39,2.2292877694152083e-08,6.652772447497363e-11
23,39,5.981378038761734e-08,1.7849982205203772e-10
24,39,1.5752034286223636e-07,4.7008152616794e-10
25,39,4.0757796749099746e-07,1.2163182831449241e-09
26,39,1.0371875780867127e-06,3.095236531168818e-09
27,39,2.598442096170943e-06,7.754424628794363e-09
28,39,6.415458269196284e-06,1.9145390109314696e-08
29,39,1.5626870312407742e-05,4.663463088135646e-08
30,39,3.7596125775479764e-05,1.1219658274865465e-07
31,39,8.944986271909037e-05,2.669415722341181e-07
32,39,0.00021073844869175685,6.288981459996216e-07
33,39,0.0004923716767134469,1.4693646866535182e-06
34,39,0.0011423955464995234,3.40920437467317e-06
35,39,0.0026245381507185445,7.832302018633636e-06
36,39,0.00595341815419063,1.7766542663543054e-05
37,39,0.012989162348625316,3.87630267274435e-05
38,39,0.023888461313310023,7.128935950695365e-05
39,39,0.04239270052875369,0.00012651080489562902
