L,V,W,sample_count,mu_star,mu_star_sem,omega_av,omega_av_sem,omega_typ,omega_typ_sem,gap_ratio,gap_ratio_sem,ipr,ipr_sem,chi_typ_r,chi_typ_r_sem,chi_av_r,chi_av_r_sem,chi_typ,chi_typ_sem,tilde_chi_typ_r,tilde_chi_typ_r_sem,tilde_chi_av_r,tilde_chi_av_r_sem,tilde_chi_typ,tilde_chi_typ_sem
4,64,0.2,4,0.8389459275026324,0.0024052748705794217,0.10086192743183664,0.00028917317731331376,0.031236110104118253,0.001979832663189547,0.3168567946017683,0.03298165810891269,0.04135791851366953,0.0006207678004509922,0.07337181095654342,0.0018766003140470054,0.07699535651066486,0.0016383034762488535,56.06135481878003,13.987118079535062,0.061557329596508,0.0016190901861737423,0.06459592565213523,0.0014050808958280686,1.6772682499603129,0.3094970516221317
4,64,0.35,4,0.8328455705583129,0.0020285710742788004,0.10012851453923478,0.00024388411907940257,0.03148258123526836,0.002718554042580772,0.2781480622804201,0.01694272957510281,0.041629657338094116,0.0009456480448432748,0.08039851905890474,0.0011297304092666642,0.08332078798229345,0.001145809607069779,58.21958239829697,19.36090517468804,0.06695517159924194,0.0008477596591524235,0.06938929291495574,0.0008683262162773398,1.6989681285492857,0.42524093061841023
4,64,0.5,4,0.8249439960830388,0.0034068828132288306,0.09917855101334373,0.00040959107829459195,0.042798150325550566,0.0035999882258004696,0.3278347349435027,0.040250539305615285,0.041788672896796275,0.0011060208749392858,0.0850817005755246,0.0014971603457278257,0.08795706898901041,0.0012521194010402725,48.19454748548684,16.160553508317744,0.07017531215883108,0.0010190075681981254,0.07254955689876555,0.0008208868794855487,1.9096138082077285,0.4570411639790681
4,64,0.75,4,0.8108351275860273,0.00746995520254121,0.09748231812891098,0.0008980722771974112,0.04387193584871752,0.0026333014842091773,0.38182062430184294,0.06685682145509506,0.041885017238596375,0.0008493862006892719,0.09479790835377731,0.0020115278886547053,0.09804545678407654,0.0017148263997419126,30.622905022233113,2.495899067258927,0.07690522089264323,0.0022656841333653054,0.07953134831514477,0.0020369207957863364,1.3363790502935988,0.11462811077906795
4,64,1.0,4,0.8006505093088607,0.0034185654595217992,0.09625787660542637,0.00041099561961719977,0.052035883783330766,0.004806977616668632,0.4141245020599187,0.07763882361744753,0.04295153859144431,0.0011146391242923442,0.10957727175116776,0.002933439309358936,0.11256841733996817,0.0032431427145960885,28.128832588391095,6.234143838669593,0.08771348845759411,0.002133341908553858,0.09010580950285224,0.002368901737431748,1.4046339656065285,0.20750755387158948
4,64,1.5,4,0.796749367334726,0.011574526079130343,0.09578886342376902,0.0013915426145834446,0.06784403313875174,0.003926836850171801,0.48375067930332605,0.03120908688301701,0.04373435460128608,0.0009921883246296662,0.14301854525994978,0.005488303434785113,0.14607509754515147,0.005479005902289977,15.774634670140728,0.52180274865764,0.11378999111553974,0.003078477056397183,0.11622270593034248,0.0030291980092782664,1.0732697009698775,0.08583970328327008
4,64,2.0,4,0.8307032482836925,0.016260830062992934,0.09987095472910304,0.0019549515743848395,0.07230187795614929,0.004980407988873336,0.48710618446408727,0.04717237699027358,0.04512181753784113,0.0006418759327501185,0.15365740026512564,0.004767311409105497,0.15521988471395656,0.004666696421134114,18.585363495420413,5.916596805484184,0.12741603080098302,0.0014890727950483342,0.12871932911627113,0.0014074745255397917,1.2581079206088441,0.32617430321921426
4,64,3.0,4,0.8624368934883628,0.02292047096676737,0.10368611910961202,0.0027556041498828965,0.08729280835403852,0.004720310338665901,0.550470696357755,0.018004479023721563,0.04511311767199548,0.0008913266447711035,0.17974684920927259,0.01794543444384119,0.18497396039459255,0.018373630086176658,10.295888249708531,1.7845178958999313,0.15399062299962632,0.011559206694627684,0.15845954490093386,0.011763813910041205,0.8793623336270315,0.11495894486461379
4,64,4.0,4,0.8714114970436525,0.01188096973001625,0.10476508711320875,0.0014283846758705273,0.08928415117871916,0.004151123267098862,0.5597337511314269,0.07754284392699161,0.046862998754823526,0.0024692875156180597,0.19363799124294578,0.008868595323800845,0.19842406067962026,0.008866733857347518,8.595324259532264,2.933600718319579,0.16862242753582776,0.007221939535866195,0.1727621419471876,0.006993736701243457,0.7308999016323687,0.20469807537440912
4,64,6.0,4,1.0307660635064573,0.04418523363344342,0.12392342401145036,0.005312151453624087,0.10760391209157881,0.005366555421541153,0.5119829198960693,0.0377098882234904,0.05613342452066985,0.0010453559944315623,0.177919370726229,0.007378535182444316,0.18246152651593328,0.00728959545298534,5.6630182085786505,0.9662532730264203,0.18268324722183768,0.005581506119205994,0.18730233633769583,0.004812289359140284,0.5958046213773786,0.07399640194905747
4,64,8.0,4,1.3066356400417722,0.08381370729237189,0.15708972984475347,0.010076468322435342,0.132144474489582,0.006994376212947969,0.5013429576132468,0.02075464301803166,0.08278178699687601,0.011020535672271877,0.15555051500291114,0.01722598847217472,0.1592657415887495,0.017815953058652995,4.6046997240568155,0.4393910646137013,0.1990289380623802,0.009948166466787967,0.20375333100200554,0.010495855392140853,0.6002622564072511,0.030689482377552302
4,64,10.0,4,1.5995392920619882,0.04178572513518395,0.19230395036373948,0.005023671536039936,0.16558382409811873,0.008041351583811855,0.5787008178443592,0.054303550522812556,0.12348844119210609,0.025973598277120195,0.1204131903202614,0.013810696551896135,0.1262082451471764,0.015391461482419424,4.790355551932359,0.7546654425141772,0.19122285790288107,0.01751441730095716,0.2004115525142773,0.01994918445765924,0.780334912404528,0.10912272644529197
4,64,12.0,4,1.8112748942431578,0.1291561514015803,0.2177597756342738,0.015527744927280335,0.18325706902761038,0.010843997309114634,0.5282394925947459,0.06341767718146928,0.17367161902124076,0.021877960186948955,0.09573597640513576,0.006325060045437242,0.10262458540659075,0.0062899952974671694,3.3952545499459146,0.9081424606486413,0.17248240522804842,0.012445311725397227,0.1847762067055376,0.012231781374763188,0.5967455310375271,0.12392721967553924
4,64,14.0,4,1.8328981853543767,0.11841591131136256,0.22035942687209495,0.014236504000937504,0.17182322147979584,0.007668436391131117,0.44348999618586726,0.037023976842584815,0.19193937264693944,0.038188992615132436,0.10452065706526706,0.012575742980595956,0.11233210320457382,0.014892340858270405,4.8249385627147445,0.8863730981118386,0.1910230476758854,0.025233978983931288,0.2051400597373141,0.028934356665429917,0.8386790278867814,0.16557987633987808
4,64,16.5,4,2.323676089291412,0.3204310349445899,0.27936299755441507,0.038523688755123166,0.19703773729161633,0.022436016540116097,0.42102556316338535,0.05745153359735651,0.2618745282788327,0.03525663730735606,0.07255317486454058,0.016064891322056036,0.0783813451565358,0.016996504686983167,3.4451655571065727,1.2462784582237043,0.1558955063624598,0.014376083092088075,0.16910727847529272,0.015928918087343643,0.6371366510797403,0.1779565651642925
4,64,20.0,4,2.898871520219712,0.1110768119641057,0.34851563053293577,0.013354163814864267,0.27049866436966796,0.01906095135662742,0.4877172912421229,0.04534868129204552,0.40657240298796904,0.03109674493828866,0.05235996561090964,0.006009225125045866,0.05966976029976535,0.006975248363253763,1.8894795348104259,1.0169198565781952,0.14980381614467886,0.011022981917525088,0.1707136643821221,0.01303316273596244,0.46256050487733574,0.21482411575702692
4,64,25.0,4,3.6908627718198472,0.22955971505919892,0.443732451458849,0.027598721875315823,0.313261044554892,0.01585430921573277,0.38056077391728105,0.02414586955808896,0.4612380830380697,0.025540051788619796,0.03383019962945646,0.0020318126989134094,0.04002784503071141,0.002251289324924103,1.0696841852467256,0.12541163264604718,0.12361674290341498,0.004098961537938301,0.14627425683435874,0.003461281804938208,0.3382686626277829,0.05337873888094033
4,64,30.0,4,4.412471884153251,0.2500315421873646,0.5304876087774898,0.030059938831627556,0.3816937534855826,0.038219754434037696,0.41264071282781817,0.0625431760081855,0.5470885432942802,0.04634461818000439,0.023382324998069335,0.002428732079886369,0.02844873808177559,0.0029445297430858264,0.5648109367596443,0.12067126570428839,0.1013841404559159,0.004592110995331502,0.12346829480586359,0.006822092742794407,0.22076348896299614,0.0651549660405053
4,64,40.0,4,5.928986274741086,0.3498219281108921,0.712809924672308,0.042057196739983274,0.5627565866358587,0.02625587994662116,0.4444298098058722,0.03488500069736819,0.616315694744972,0.05779142256482197,0.01342663157794969,0.0022807401246835394,0.016872070024698795,0.0030206299783327975,0.5015975706842037,0.16641411341276677,0.07724744235080734,0.008049006908629775,0.09691697735140943,0.011153045672327442,0.27750961111283023,0.08967254786757417
5,125,0.2,4,0.5847303164109174,0.00234903960217369,0.06055222881369975,0.00024325672791575316,0.014826532128471397,0.0016234661349207374,0.33239952941373807,0.022961152872427008,0.028424685514450675,0.0003124071221568687,0.04817171038827267,0.004085604256510191,0.09445720818355785,0.0027459794886176363,87.94960649083302,26.949832272339084,0.028142931106571917,0.002287703675684364,0.05521348530676081,0.0013866681171165272,1.1780234148019044,0.18389998906837865
5,125,0.35,4,0.5851739983047489,0.0010639683296318266,0.060598174657111245,0.0001101801154108816,0.01856260940299357,0.0013185051960235001,0.365943154373135,0.028780203635952732,0.029256724922944406,0.00047613471806619696,0.06467951891983117,0.003212101713413397,0.1057495962036091,0.0032436972672612277,68.73866561048087,13.817864046654195,0.03785640344869808,0.0019326237889290736,0.06188907308291071,0.001979516928269321,1.2391232141754724,0.2220522898704709
5,125,0.5,4,0.5845241279731443,0.001352394538269678,0.0605308768004513,0.00014004832865576128,0.021967314908877014,0.001073316359384626,0.3558146604159347,0.02755514207775237,0.027667470790158716,0.0006596324594896445,0.0803747950496627,0.005951917431442803,0.11199557490215563,0.003443516479585623,77.73945434568394,21.21318229029068,0.04695941544138316,0.003383822657120823,0.06545269597795174,0.0018920078356531925,1.6452150647843973,0.3509888740214765
5,125,0.75,4,0.5709084559290336,0.0028861891472564947,0.05912089468403252,0.00029888169082288016,0.02896276148055872,0.0009305426678380695,0.3704584472292027,0.01570013649211689,0.02767139924662332,0.0003958132758610522,0.1236807507608486,0.00848485343742376,0.1485291312904916,0.0066205047794999266,48.77073538073822,7.277024204637261,0.07061430977611532,0.004880017170593768,0.08479697744444509,0.0038147181796717405,1.4144629424703656,0.2159142375821875
5,125,1.0,4,0.5697078410650815,0.0054597518243890645,0.05899656402437836,0.0005653890904197487,0.03350821534057506,0.00037428524434153005,0.4125724830424697,0.023521934656817983,0.025207036125260995,0.00018797411907223464,0.15805201649287345,0.0023726245540242057,0.17836801387103945,0.004043175994691375,60.162315364404876,9.591068566118112,0.09002760544590371,0.0012625896518253415,0.10161125082509134,0.00241943521436856,2.009921547788608,0.3114036718567837
5,125,1.5,4,0.5485695546963479,0.004537946560545813,0.056807571394775117,0.0004699307882052914,0.04200203377033733,0.002520894609404805,0.49917666405333955,0.0536402129228419,0.025373617479869714,0.00022599338071403337,0.27899969481826464,0.007164186672475093,0.30088412120288205,0.008088258056367929,50.335135849246,5.528599162372782,0.1529594378312197,0.002778244902214588,0.16495981301350954,0.003290944828777551,2.076716983680196,0.13673187781249962
5,125,2.0,4,0.5405148520211884,0.007129080933895155,0.055973460034847225,0.0007382578392553223,0.04269963239406405,0.0006272369906967577,0.4712255644552469,0.013484276500228588,0.023900300145540357,0.00021943725841819402,0.33794109905310576,0.019079121227326856,0.3591094396027637,0.02055945600198489,33.87067386755382,4.691021459227354,0.18241546698246358,0.008909040534586146,0.19390119778411197,0.010066731197326442,1.438513839335398,0.18258845040171812
5,125,3.0,4,0.5427127874318756,0.009664436201544689,0.056201069043941475,0.0010008086391403857,0.04697192172053103,0.0014651799598079146,0.5032617131073285,0.02850670158015015,0.023862645288600846,0.0005829440868052676,0.4168256415245514,0.017006246189440074,0.4291120930888814,0.017286873813189184,21.801632873705397,3.1569808587767194,0.22574406387539606,0.005240646713670972,0.23240564636327365,0.005289878563371035,1.0145955640367998,0.12695904392581953
5,125,4.0,4,0.5636423905354686,0.015319311541043303,0.05836845130639642,0.001586403905642072,0.05039015824804404,0.002498065382122623,0.6096433794334005,0.024577732245722538,0.02521803389556894,0.0006285667504161259,0.4082875933042711,0.024976560279794682,0.4161429783032901,0.02594489105870738,16.148435156977072,2.8538615576385493,0.22906689036375422,0.007939088099615237,0.23344682836029057,0.008288792479500146,0.7982706261331332,0.11198623448615926
5,125,6.0,4,0.647930014272715,0.008590331429120156,0.06709692550289095,0.0008895788360596236,0.05621265615124385,0.002986045971181931,0.547303072984901,0.03181441106580013,0.034134559294945674,0.0016284483779314134,0.35389058022890807,0.02093219085905102,0.36151556560548015,0.02210823394237732,12.069055741891379,1.565388475576971,0.22886284538788543,0.011428015686819533,0.23380258990230285,0.012258040140375593,0.6659270270038362,0.06298737664529769
5,125,8.0,4,0.7235121088168597,0.014323236892476075,0.07492389146413503,0.0014832545762114055,0.06271196643923754,0.0013073321657018685,0.5472633045753057,0.015663198785576267,0.04414313795663277,0.0018157744043538503,0.3349753229560809,0.027116472180745803,0.3433867856814505,0.027435056024048297,15.641623284366208,1.2744656115898998,0.2413567316338635,0.015139302418542278,0.24742393244284067,0.015224261790286854,0.9799076878301303,0.07933918111699713
5,125,10.0,4,0.9162965421049325,0.04247610428968122,0.0948878420043278,0.004398647913196053,0.08030196213698104,0.005863733266670277,0.578628107409346,0.02969199512561045,0.07984834079766541,0.003964510343148093,0.2844421928637002,0.03154578170652353,0.29395691661407064,0.03251243790281274,9.801575130614873,1.930950890834056,0.2569478886197504,0.016525686594293935,0.26553025045062917,0.01690163592471436,0.7604930028371826,0.11306421606558184
5,125,12.0,4,1.009761837658518,0.02477423459360344,0.10456671755372476,0.002565516238330178,0.07892822839687963,0.004854495399875307,0.4874478860426033,0.0271743255082358,0.10144596857914108,0.005045867993749269,0.22131220525157166,0.00883611304705744,0.2276050496072412,0.008719663860392121,11.400150324475577,2.5913111411744576,0.22396747062739375,0.013529228093968601,0.23030718865064795,0.013501372706024257,0.8886483692454061,0.19149087725741804
5,125,14.0,4,1.165326666631322,0.07445515668713609,0.12067636135865717,0.007710264984637892,0.09159970025585706,0.004701191147055868,0.47257777969601383,0.054925684078357274,0.14975827654085289,0.01184625114630899,0.17693233221957755,0.008296076171664593,0.1884096706703628,0.008828710898846698,6.1397127029329095,0.7045248451731081,0.20465863196049874,0.007190741240602419,0.21795087707801006,0.007831574491097674,0.5676961487132519,0.08245978742765388
5,125,16.5,4,1.3057409972123464,0.11449015720918798,0.13521708284245593,0.011856122389548411,0.10394871138923012,0.010508985792915497,0.480686548601836,0.021231940311229602,0.21987241857426734,0.029148449930548243,0.15774390912149758,0.016287933668444943,0.17032521440599807,0.01704007491162549,4.553404031029081,1.1411252093801598,0.20149662783512662,0.014189129878363361,0.21783567762965927,0.015615114868569854,0.4462755487466518,0.10166036824703423
5,125,20.0,4,1.635361501882958,0.13734923798802262,0.1693512052922927,0.014223313299516762,0.1164278237172913,0.010960377528384328,0.4219710371825366,0.01818461705372569,0.27450226406607814,0.034852175142434376,0.13506605081035467,0.016062593165960728,0.14856598493907958,0.02024833349369979,8.163072679557539,2.1181720825715207,0.21473098243718297,0.010552415843115375,0.23544280043045193,0.015659846961674207,0.9055746408936167,0.17929911325467995
5,125,25.0,4,2.0042554999558635,0.11873111132195184,0.20755232665096976,0.01229529788056916,0.13993309113886648,0.00849468720893987,0.4701424280588493,0.017566216212410984,0.38944806743663196,0.04848646117947299,0.08658391344151288,0.007868537386740196,0.09704146578707704,0.008718154919691875,3.0626759993041075,0.6443024403953646,0.17088136412125732,0.006271147604760449,0.19157051460701463,0.006898861251155337,0.412694546619404,0.06692950348243533
5,125,30.0,4,2.40697737951188,0.1988528261173829,0.24925652209758,0.02059236795043966,0.1728652438778409,0.015493836052891329,0.43981317378258233,0.027066380873988445,0.4824626835826358,0.05538641602028277,0.0669981190343536,0.004376813396336716,0.07615848214536672,0.005030955157675755,1.4177836486048727,0.22948194742703007,0.1589359400364928,0.0054087305595264855,0.18052098429309818,0.005036319470916105,0.2413036311912717,0.038349265809242784
5,125,40.0,4,2.7928515015898956,0.18163871465053613,0.28921603416251185,0.018809746480147146,0.18454879149234618,0.013443184980947123,0.43678596577768425,0.024988132175808534,0.5664097674025335,0.05279474247948245,0.045798849133209626,0.0037494560250804446,0.05324763958134522,0.00392358414308817,1.0181027542024128,0.20617208247175958,0.1261266843198528,0.004473503714861621,0.14679944852213536,0.0040741354403146,0.19278236265429594,0.048042122902448345
6,216,0.2,3,0.2416089719636335,0.0008804307532386692,0.02247408912050437,8.189629322083635e-05,0.008695443064618365,0.0002523665347672553,0.4880185985336753,0.017960050166415845,0.013436149800299108,8.600825375029448e-05,0.7367936487748916,0.01264289842225544,0.8742965501145621,0.0068679299788331465,539.0007997286197,78.28079003243974,0.17803644263683457,0.003669218101238443,0.21124986572056384,0.0024236151501996913,4.705059272743599,0.738983911173186
6,216,0.35,3,0.2447377782940383,0.0006019890915657337,0.022765125797407654,5.599608484512722e-05,0.009432629641550854,0.00026629009712157963,0.43471781674293797,0.02827597397509408,0.013308801992312618,0.00023691904854255104,0.8323107998852203,0.016852964172101186,0.9289542098296802,0.010598819885712256,668.4772550121984,75.6620798341524,0.20371397373562786,0.004537341964717235,0.22735856963850928,0.0029960180389819614,6.265695783641419,0.5584592978819994
6,216,0.5,3,0.2536506661663441,0.0014406606268017434,0.02359418870320659,0.00013400800084533874,0.01264638985271208,0.00032829139132352255,0.49259622143086407,0.009196552819093005,0.013480267596930301,6.269830373354491e-05,0.9260104851553983,0.007849278388934865,0.9939569856258066,0.008142692246685537,319.5662195095373,5.042926941319946,0.2349057509377442,0.003319366404648833,0.2521343231720968,0.003224052581468395,4.040851915315174,0.11367884372638941
6,216,0.75,3,0.25865215726903323,0.0005165778356337107,0.02405941959204198,4.805126325133674e-05,0.015433205588989649,0.00010934932989218009,0.5152771190446122,0.005533797689802559,0.013551977456386833,7.650684117262597e-05,1.0619808172382312,0.030956253092776997,1.1047360971905582,0.03283582153878216,222.08166233569315,29.046335523565556,0.27471055447337867,0.008488397961308703,0.28576905807973924,0.008962623488991461,3.4220245638608886,0.4281517226779737
6,216,1.0,3,0.26900755756551376,0.0013233747028144009,0.025022662749984933,0.00012309824742496954,0.017914589021893412,0.0004480082783413694,0.4965632119528209,0.015514399639881462,0.013846261693337672,8.146968538666528e-05,1.190356355978729,0.01211746885165384,1.2198799731496655,0.009314719766212478,185.90741103050505,12.683694368017738,0.320215933405599,0.0036707641001132037,0.328163659935461,0.0033264931607419465,3.324743061306831,0.20437529571553392
6,216,1.5,3,0.295004179268757,0.004013453319421778,0.0274408278878204,0.00037332515778944485,0.021870904906612153,0.0007674126968677908,0.5312797693072134,0.045199648188815465,0.014105998314116902,0.00014789558815724553,1.181965856556089,0.02110886956129885,1.2198453986972029,0.01224185317752225,143.46981679889043,19.499148532349526,0.34852672827643155,0.002511593492113776,0.3597624116730736,0.0014888083187869162,3.1445031778008126,0.4551963431963337
6,216,2.0,3,0.30893658109757066,0.004055130023112316,0.028736798140160894,0.00037720185965766544,0.023802296926994117,0.00038994680976510437,0.524951554693787,0.024402142367790036,0.013655583813255582,2.7651936932102486e-05,1.1250998793945197,0.03428734252329863,1.1490022376463662,0.029918332972035704,93.92072419103249,9.570670491992177,0.3473864413707423,0.00794114012293951,0.35479309529733666,0.006623939952738581,2.229567019754868,0.20329369556890906
6,216,3.0,3,0.3415821760102182,0.004495787471298565,0.03177344037863354,0.0004181911270746152,0.02706883951971142,0.0003719285228380357,0.5372558311890724,0.03911974036935498,0.014443245028065451,0.00014018122534128694,0.9196661267392878,0.016030698449295156,0.9371693042300686,0.018014703475370153,53.037220977624195,8.309838864873516,0.314077666530137,0.005202505991058056,0.32002310925682403,0.004987424345141059,1.4331613916341002,0.2178448587974316
6,216,4.0,3,0.3652051037999972,0.004246146869698605,0.03397080821692162,0.00039496994831268457,0.02843833360822792,0.0008266874075923676,0.5200141702034285,0.023241666999568485,0.015439976723917273,0.00017245892893469778,0.75328573967867,0.01697755432339705,0.7643083303950581,0.01675791115795061,37.1136523116909,7.109442985513216,0.2751833175562121,0.008468881557912542,0.27921039428635525,0.008473024590591134,1.0441534306176963,0.17236994291007982
6,216,6.0,3,0.43280813815467306,0.016745136409812858,0.04025913686033056,0.0015576064288944584,0.033862336438426184,0.0016826861459819117,0.5231597161017948,0.011805765675472774,0.02151852531286184,0.0011883321016565235,0.6225500291801737,0.01557902512781382,0.6311915301806573,0.016009667959012795,24.04747801794251,3.4812734583443703,0.26895495308930695,0.004520657834266611,0.2726793438264844,0.004460848012956015,0.8033095042031958,0.08211893566626464
6,216,8.0,3,0.4733443215346798,0.009219356422256958,0.04402974931103253,0.0008575701315375172,0.03591335196753545,0.0015758880403666012,0.49226373625333686,0.03808922466848179,0.029498702217588,0.0014233057461753005,0.5702429702003203,0.03840334596755976,0.5791647152533601,0.03835078972625049,28.638426329317,5.886007588829991,0.2699002430062452,0.01888323836170758,0.2741009377915215,0.018734611323150442,1.0127174457211952,0.17823942624297928
6,216,10.0,3,0.5753527449104485,0.02676072255837939,0.05351841349165839,0.0024892406056702043,0.04453308591466056,0.0013581615511519829,0.5162437526546475,0.007912974846781598,0.04616195816145663,0.0027170752776598315,0.5311491576565266,0.0585864315699002,0.5456394158514765,0.06035740007061323,21.744952120075897,1.9131557162193613,0.3026134894151631,0.019220052269157684,0.31085698248089866,0.019819863496923575,0.9632701010240649,0.05401740971420487
6,216,12.0,3,0.6225719684923102,0.02263577097876981,0.05791067190141443,0.0021055440539052947,0.046944473825748845,0.0011702182184171496,0.5645339423709045,0.027379358269630595,0.06592279919537697,0.009245296069074314,0.4445869650684074,0.02585817145225652,0.45973776442712716,0.024873448226835453,27.285150321842178,6.751646745467649,0.27578869679798496,0.008581236655783314,0.2852173654324352,0.007259381286306398,1.268862248650916,0.2883660943572798
6,216,14.0,3,0.7998440435955474,0.03743336284788986,0.07440024338573233,0.0034819929321593325,0.05763859227349039,0.002223450441238842,0.49536738756004617,0.03249908248013951,0.12757881205653163,0.007187387003105887,0.27729337660562386,0.031075159590430827,0.28969871709123457,0.03227430203450624,15.209539065574655,3.1195539012606717,0.22046362047068999,0.02150966973862463,0.23046178210111898,0.02287278662158559,0.8635481950558788,0.15133741960011113
6,216,16.5,3,0.8592850266969219,0.04197746565082924,0.07992935077265405,0.0039046782759029593,0.05761851489224561,0.0017895682775692413,0.4426009714478343,0.06755590751396799,0.17023133716088593,0.008387519844744274,0.27998777623339727,0.014900521434689071,0.2974949882858085,0.016512955358626877,12.779030156587787,1.3876667822427422,0.2394363616731154,0.004848708645999787,0.2543898139049214,0.006124123348593029,0.736656011680099,0.08273513329704689
6,216,20.0,3,0.9475695013775892,0.04555588299225591,0.08814143468578321,0.004237537066650542,0.06548427012554665,0.0036344331831656544,0.47114053562809083,0.01696662937844158,0.20177818564781425,0.029698665966818024,0.273240639731868,0.0249354358316917,0.29466621714808844,0.026684598846659763,14.476225813062298,2.283443922365448,0.2566769435201876,0.012339590778449368,0.276847335314182,0.013517706031835447,0.9330996053758795,0.10361525821392953
6,216,25.0,3,1.21286649147477,0.09912370377128989,0.11281894624666612,0.009220332069645806,0.08079744509128181,0.008364691485651965,0.46915207017559185,0.007322274942069984,0.36199053957232746,0.02097952070481809,0.1818348651549171,0.03827586624418369,0.20421569926514596,0.038492190437560636,4.41333464775358,1.1638626181681035,0.21390351255559925,0.03120353167332434,0.24094700428557925,0.029647738762347928,0.3453459574797127,0.07694222698822761
6,216,30.0,3,1.5342592640999486,0.18029654076573115,0.1427143998631463,0.01677090255529745,0.08974465598983479,0.012610381623682774,0.40014659059242436,0.02138142928420342,0.4142113970057091,0.07223597161268665,0.12215090270960989,0.023518625368789976,0.14002428076237194,0.026585801132686594,5.343157409317745,2.5099061735623214,0.17903823477588776,0.01820067912577703,0.20540452199988776,0.02026692042747869,0.4300367404110101,0.19520325731526916
6,216,40.0,3,2.155049622988568,0.217031899257246,0.20045934922252975,0.020187968212678115,0.1135631196430265,0.009638459087425905,0.38704023896633927,0.04620106707216288,0.5550303695106997,0.057238229498551604,0.06796209460158904,0.014073243463801273,0.07966614747581899,0.015180038302023403,1.7373091783815846,0.6839143953722462,0.14035344715699447,0.014156329332446187,0.1650971799290948,0.013598688958396792,0.1940686592016229,0.07229848016179043
7,343,0.2,2,0.24985931609660422,0.0003042174503603417,0.021400381394614084,2.6056140576689174e-05,0.007868380734932309,9.125746445098936e-05,0.4085096807291385,0.01088770690836746,0.01018805819610099,7.078137888286238e-05,0.4033113440485142,0.010402422705994147,0.5026485764408957,0.0054972110736208335,145.94175237467965,3.122102673881784,0.10076793199945083,0.0024764478742796414,0.12558975719891696,0.0012206149309414716,1.1480403576334166,0.011247618252404721
7,343,0.35,2,0.24574272104779568,0.0013766802704631154,0.021047796165982374,0.00011791228482735566,0.009131566781311488,0.0003068911780601856,0.4148321062729574,0.025155371995442072,0.009730646241286611,6.665980273845313e-05,0.539541013391472,0.02817782493871118,0.6163190932994982,0.03260078815729128,173.9131206106427,30.689077157815174,0.1325494848920478,0.006181719905405613,0.15141105015927125,0.007162932054020382,1.578681067959821,0.22686695505908694
7,343,0.5,2,0.2433891946206571,0.0012441635034896453,0.020846217277710723,0.00010656226034671221,0.012043850898138296,2.8229477827103677e-05,0.4656654652627945,0.03521209161071378,0.009667991129439476,0.00019968431714608746,0.7449318875617099,0.03859197872686559,0.8155218255417459,0.021561334874721446,131.26564240694827,2.2076044514344915,0.18126035742943108,0.008466053554059425,0.19846237448823595,0.00423315343846646,1.581006144718537,0.030293619396930867
7,343,0.75,2,0.23530756683416423,0.001229131839283193,0.020154028090522722,0.00010527480246025343,0.013017793581320266,0.00021870544946641678,0.46633568391704383,0.023771318817786297,0.009110245892244503,0.00022051094257132927,1.1103072576042512,0.011201368540056045,1.1809388826099174,0.005955153073221475,162.82973983236246,11.973467314341148,0.2612774671838861,0.004000480778081933,0.2778765353785463,5.023700107861794e-05,2.1170652794871225,0.12025637451424175
7,343,1.0,2,0.23263085061845018,0.0001875417672446006,0.019924768086147775,1.606290055201562e-05,0.014238165343402904,0.00023523821013608087,0.481826617638328,0.004952911350287775,0.009034746006544742,6.468451743131369e-05,1.328651553492783,0.03168497134492109,1.3960224265101457,0.030194494163710336,128.16379229800734,1.4901882289681865,0.30909128332007246,0.00762007949618454,0.32476354729028456,0.007285983374278575,1.8251678149883244,0.05136656750127744
7,343,1.5,2,0.2307968588071868,0.00022264490479816101,0.01976768719419312,1.9069474585475116e-05,0.01565820236261032,0.0004439503764844662,0.49595630313205785,0.015206995428840825,0.008879596120955258,3.4506707686197957e-07,1.7189213593954822,0.014054279317224803,1.7787634741786131,0.02229963505483323,138.9241868777684,19.846994522441463,0.3967185211713762,0.002860974436796171,0.41052805750125865,0.004750653098835184,2.1664919505028677,0.2490928114548234
7,343,2.0,2,0.23352394786450015,0.005458790759659076,0.020001261618534452,0.0004675439204553516,0.016794279743656496,0.00010833970611500224,0.5103362668530759,0.0164765709485033,0.008859788350120483,0.00018574782403086435,1.7886768925195544,0.06325598304199319,1.8310679357124489,0.06754906048406949,115.35101155507832,8.456974699437948,0.4173535882194498,0.005007773993114667,0.4272294769684777,0.005778906551002687,1.9381533829232973,0.15452589357933152
7,343,3.0,2,0.2349272969160231,0.0013517521496174134,0.02012145807709175,0.00011577719816385602,0.017631938197636823,0.00011591267961293462,0.5741387862621201,0.02477926988898982,0.009237973032557509,8.731375727293305e-05,1.6319241989659443,0.06137273440055068,1.6550702158062587,0.05974996386198183,78.02552185438364,0.1866869702283509,0.3833005801092617,0.012212173553101528,0.38874040486349337,0.0117996527789416,1.3757195397878856,0.005752494194968927
7,343,4.0,2,0.24955537828931126,4.3598125730348596e-05,0.021374349205388856,3.73416742387514e-06,0.018488884435774556,0.00010312484679830813,0.5508782282043909,0.011045243933759663,0.009983096267819565,3.934641005407403e-05,1.308257921959504,0.023314622471793167,1.3258804522159429,0.02396941213789949,51.135599064926,2.831896164150006,0.32648178414075046,0.005761251837251485,0.33087955279770864,0.0059238898107867866,0.9451481428074415,0.0470852500935725
7,343,6.0,2,0.29216788365212776,0.005406528781751934,0.02502409851708444,0.0004630676964861111,0.021556088962511002,0.00023890397736299473,0.5808397146758486,0.028831545878472472,0.01353233767065946,0.0005784702255646833,1.0742573848293644,0.013550779609386108,1.0888712102037865,0.011302241025939685,43.20607254952418,0.7754577843500917,0.3137902439432914,0.001848900869778791,0.31807209116356633,0.0025848616965127857,0.9311686836492894,0.006393734407806827
7,343,8.0,2,0.33327934510554724,0.006336617043693121,0.028545283832636135,0.0005427294991642988,0.02361535688875889,0.0006240359513836145,0.5264017051061547,0.005282828599564804,0.020154948611949285,0.00015068014650995026,0.9000824051155583,0.07935153431558878,0.912747422214097,0.07920143264547079,49.14610156808938,14.501989665145024,0.29947605423315177,0.020742749880836242,0.3036979939743044,0.020612470731314805,1.1515529653039793,0.31180072729065433
7,343,10.0,2,0.383011571272289,0.011356461966718577,0.03280483526421049,0.0009726778299803013,0.026672200185682733,0.001139011409788053,0.5511086104598711,0.013035201812528374,0.0299275709375062,0.003934350546986442,0.8416119178587562,0.0751158611878468,0.8617009270392861,0.07414177264747317,54.02073330457036,5.589761151419984,0.3214940526398898,0.019212510285128326,0.3291994378108889,0.018611283034013743,1.4344850111474217,0.08756099682180318
7,343,12.0,2,0.4687427738869414,0.014996709263321526,0.04014768908304968,0.0012844640052370043,0.03189654991527618,0.002027579159843621,0.5154090135210441,0.006801928591843086,0.05656445337058729,0.003765912408130005,0.6772280872173799,0.09133889555785563,0.6961977712693975,0.09411680129580689,45.54960817695262,19.402788534261276,0.3160759892953081,0.032658254538604464,0.32492623217289673,0.03367589494326303,1.4135346611625201,0.5265265766999814
7,343,14.0,2,0.5080852268650871,0.018586010662313274,0.04351735931142116,0.0015918866784382193,0.03396800711755059,0.0012235421791710367,0.4858761235296478,0.007374270984457448,0.07671297433335467,0.008978420320658839,0.6138224156930955,0.033635789431667666,0.6420328754067777,0.03134767211481948,45.68312247307276,10.308945945042492,0.31124894619128984,0.005681337741336417,0.32562479098773206,0.003994459230284408,1.5391511991307172,0.29427912201360684
7,343,16.5,2,0.5907685081252163,0.0037910563207441124,0.050599159508299886,0.0003247029265101286,0.03431246457035428,0.0005548714592711473,0.430014725166514,0.052413357037418895,0.1666087808608217,0.022989439015417026,0.3986596488728448,0.026021131268487402,0.4298578121711234,0.024002117459480245,23.894158598958292,2.879096399396079,0.23541691844016477,0.01386112371752969,0.25385546502319806,0.012550079947530782,0.8214649987856977,0.11204707984877277
7,343,20.0,2,0.7343815251961605,0.061172772333721696,0.0628995747442127,0.005239431050076956,0.044364624800834425,0.006318841062396316,0.45722041454553985,0.035964586132951414,0.18337559639767803,0.01059292098627801,0.3235250215689762,0.01691839392043287,0.35642053582301225,0.016880029833368143,20.749824561863274,7.307366721816536,0.23655585371939863,0.0073663665575444395,0.26071605848695345,0.009406850238578651,0.8743840924704,0.19307373941647274
7,343,25.0,2,0.9375245992052397,0.03153978064045704,0.08029872291040627,0.00270137349830607,0.05237861387189419,0.0021590208415374896,0.42911102816724245,0.004745575085473103,0.34179606878003693,0.01671634898146168,0.22765091450085972,0.028004885914896416,0.2527983559041816,0.027529874391136255,6.835575492559598,1.9743142276940615,0.21254506441750792,0.019075209537195173,0.2361363910994556,0.01783672976323454,0.35377538375162665,0.08865369264183517
7,343,30.0,2,1.0754878620302581,0.03389843196094844,0.0921152382560228,0.00290339133227753,0.05895111033397797,0.005782780830086421,0.4014488357412517,0.002074799127837867,0.3706346149188079,0.019429306988527236,0.1745635836408565,0.0063351660622651814,0.20698433199703106,0.008932511168228739,6.530275990531047,1.4742582236660626,0.18752626316252186,0.0008959624410033312,0.22230633857117144,0.0025903630436960173,0.3764417082347096,0.049146004390895885
7,343,40.0,2,1.3856857696910048,0.05595105905471465,0.11868360334825992,0.004792192750341644,0.07247543364687699,0.008162860605979788,0.41466263210895904,0.03060290346119854,0.5284837604694947,0.007267143842773104,0.1024437336175818,0.006570679946501567,0.12454126092337398,0.011104939915448482,1.9841490116225349,0.9838746717485861,0.14158718736618275,0.003373062309638491,0.17195371985188537,0.008419741769438271,0.13577082823812775,0.055110411685790214
