field_g,momentum_k,energy
0.0,0.01227184630308513,2.0
0.0,0.03681553890925539,2.0
0.0,0.06135923151542565,1.9999999999999998
0.0,0.0859029241215959,1.9999999999999998
0.0,0.11044661672776616,2.0
0.0,0.1349903093339364,1.9999999999999998
0.0,0.1595340019401067,2.0
0.0,0.18407769454627693,1.9999999999999998
0.0,0.2086213871524472,2.0
0.0,0.23316507975861744,2.0
0.0,0.25770877236478773,1.9999999999999998
0.0,0.28225246497095796,1.9999999999999998
0.0,0.30679615757712825,2.0
0.0,0.3313398501832985,1.9999999999999998
0.0,0.35588354278946877,2.0
0.0,0.380427235395639,2.0
0.0,0.4049709280018093,2.0
0.0,0.4295146206079795,2.0
0.0,0.4540583132141498,2.0
0.0,0.47860200582032003,2.0
0.0,0.5031456984264903,2.0
0.0,0.5276893910326605,2.0
0.0,0.5522330836388308,2.0
0.0,0.5767767762450011,2.0
0.0,0.6013204688511713,2.0
0.0,0.6258641614573416,2.0
0.0,0.6504078540635119,2.0
0.0,0.6749515466696822,2.0
0.0,0.6994952392758523,2.0
0.0,0.7240389318820226,2.0
0.0,0.7485826244881929,2.0
0.0,0.7731263170943632,2.0
0.0,0.7976700097005334,2.0
0.0,0.8222137023067037,2.0
0.0,0.8467573949128739,2.0
0.0,0.8713010875190442,2.0
0.0,0.8958447801252144,2.0
0.0,0.9203884727313847,2.0
0.0,0.944932165337555,2.0
0.0,0.9694758579437253,2.0
0.0,0.9940195505498954,1.9999999999999998
0.0,1.0185632431560658,2.0
0.0,1.043106935762236,2.0
0.0,1.0676506283684062,2.0
0.0,1.0921943209745766,2.0
0.0,1.1167380135807468,2.0
0.0,1.141281706186917,2.0
0.0,1.1658253987930873,2.0
0.0,1.1903690913992575,2.0
0.0,1.214912784005428,2.0
0.0,1.239456476611598,2.0
0.0,1.2640001692177683,1.9999999999999998
0.0,1.2885438618239387,1.9999999999999998
0.0,1.3130875544301088,2.0
0.0,1.337631247036279,1.9999999999999998
0.0,1.3621749396424494,2.0
0.0,1.3867186322486196,1.9999999999999998
0.0,1.41126232485479,2.0
0.0,1.4358060174609601,1.9999999999999998
0.0,1.4603497100671303,2.0
0.0,1.4848934026733007,1.9999999999999998
0.0,1.509437095279471,1.9999999999999998
0.0,1.533980787885641,2.0
0.0,1.5585244804918115,2.0
0.0,1.5830681730979816,2.0
0.0,1.607611865704152,2.0
0.0,1.6321555583103222,1.9999999999999998
0.0,1.6566992509164924,1.9999999999999998
0.0,1.6812429435226628,2.0
0.0,1.705786636128833,1.9999999999999998
0.0,1.7303303287350031,2.0
0.0,1.7548740213411735,1.9999999999999998
0.0,1.7794177139473437,2.0
0.0,1.8039614065535141,2.0
0.0,1.8285050991596843,1.9999999999999998
0.0,1.8530487917658545,2.0
0.0,1.8775924843720249,2.0
0.0,1.902136176978195,2.0
0.0,1.9266798695843652,2.0
0.0,1.9512235621905356,2.0
0.0,1.9757672547967058,2.0
0.0,2.000310947402876,2.0
0.0,2.024854640009046,1.9999999999999998
0.0,2.0493983326152168,2.0
0.0,2.073942025221387,2.0
0.0,2.098485717827557,2.0
0.0,2.1230294104337273,1.9999999999999998
0.0,2.1475731030398975,2.0
0.0,2.172116795646068,2.0
0.0,2.1966604882522383,2.0
0.0,2.2212041808584084,2.0
0.0,2.2457478734645786,2.0
0.0,2.270291566070749,2.0
0.0,2.2948352586769194,2.0
0.0,2.3193789512830896,2.0
0.0,2.3439226438892597,2.0
0.0,2.36846633649543,2.0
0.0,2.3930100291016,2.0
0.0,2.4175537217077703,2.0
0.0,2.442097414313941,2.0
0.0,2.466641106920111,2.0
0.0,2.4911847995262812,2.0
0.0,2.5157284921324514,1.9999999999999998
0.0,2.5402721847386216,2.0
0.0,2.564815877344792,2.0
0.0,2.5893595699509624,2.0
0.0,2.6139032625571326,2.0
0.0,2.6384469551633027,1.9999999999999998
0.0,2.662990647769473,2.0
0.0,2.6875343403756435,2.0
0.0,2.7120780329818137,2.0
0.0,2.736621725587984,1.9999999999999998
0.0,2.761165418194154,2.0
0.0,2.7857091108003242,2.0
0.0,2.8102528034064944,2.0
0.0,2.834796496012665,2.0
0.0,2.859340188618835,2.0
0.0,2.8838838812250054,2.0
0.0,2.9084275738311756,1.9999999999999998
0.0,2.9329712664373457,1.9999999999999998
0.0,2.9575149590435164,1.9999999999999998
0.0,2.9820586516496865,2.0
0.0,3.0066023442558567,2.0
0.0,3.031146036862027,2.0
0.0,3.055689729468197,2.0
0.0,3.0802334220743677,1.9999999999999998
0.0,3.104777114680538,2.0
0.0,3.129320807286708,2.0
0.5,0.01227184630308513,1.0001505849837922
0.5,0.03681553890925539,1.0013543137404473
0.5,0.06135923151542565,1.003756717735629
0.5,0.0859029241215959,1.0073477806938813
0.5,0.11044661672776616,1.0121127012297475
0.5,0.1349903093339364,1.0180321499289104
0.5,0.1595340019401067,1.02508259538857
0.5,0.18407769454627693,1.0332366864736922
0.5,0.2086213871524472,1.0424636766436948
0.5,0.23316507975861744,1.052729875693551
0.5,0.25770877236478773,1.0639991145769772
0.5,0.28225246497095796,1.0762332100143244
0.5,0.30679615757712825,1.08939241716804
0.5,0.3313398501832985,1.1034358606089953
0.5,0.35588354278946877,1.1183219359154593
0.5,0.380427235395639,1.1340086763808899
0.5,0.4049709280018093,1.1504540813260513
0.5,0.4295146206079795,1.167616404320319
0.5,0.4540583132141498,1.18545440115771
0.5,0.47860200582032003,1.2039275386785468
0.5,0.5031456984264903,1.2229961664773825
0.5,0.5276893910326605,1.2426216542108273
0.5,0.5522330836388308,1.2627664976467106
0.5,0.5767767762450011,1.2833943968167572
0.5,0.6013204688511713,1.3044703096889168
0.5,0.6258641614573416,1.3259604847014186
0.5,0.6504078540635119,1.3478324753338102
0.5,0.6749515466696822,1.3700551396610363
0.5,0.6994952392758523,1.3925986275701137
0.5,0.7240389318820226,1.4154343580350743
0.5,0.7485826244881929,1.4385349885596626
0.5,0.7731263170943632,1.4618743786196973
0.5,0.7976700097005334,1.485427548675501
0.5,0.8222137023067037,1.5091706360840007
0.5,0.8467573949128739,1.5330808490224228
0.5,0.8713010875190442,1.5571364193418746
0.5,0.8958447801252144,1.5813165550990902
0.5,0.9203884727313847,1.605601393367201
0.5,0.944932165337555,1.6299719537998942
0.5,0.9694758579437253,1.6544100933159067
0.5,0.9940195505498954,1.6788984621804304
0.5,1.0185632431560658,1.7034204616847024
0.5,1.043106935762236,1.7279602035628974
0.5,1.0676506283684062,1.7525024712346369
0.5,1.0921943209745766,1.7770326829203338
0.5,1.1167380135807468,1.8015368566437626
0.5,1.141281706186917,1.8260015771103404
0.5,1.1658253987930873,1.8504139644295294
0.5,1.1903690913992575,1.8747616446344986
0.5,1.214912784005428,1.8990327219408996
0.5,1.239456476611598,1.923215752678557
0.5,1.2640001692177683,1.947299720824477
0.5,1.2885438618239387,1.9712740150622863
0.5,1.3130875544301088,1.9951284072916062
0.5,1.337631247036279,2.0188530325106173
0.5,1.3621749396424494,2.042438369995806
0.5,1.3867186322486196,2.0658752257044557
0.5,1.41126232485479,2.089154715827565
0.5,1.4358060174609601,2.112268251423454
0.5,1.4603497100671303,2.135207524065159
0.5,1.4848934026733007,2.1579644924377788
0.5,1.509437095279471,2.180531369825063
0.5,1.533980787885641,2.202900612427752
0.5,1.5585244804918115,2.225064908459329
0.5,1.5830681730979816,2.2470171679679884
0.5,1.607611865704152,2.268750513336677
0.5,1.6321555583103222,2.2902582704159884
0.5,1.6566992509164924,2.3115339602475578
0.5,1.6812429435226628,2.3325712913382803
0.5,1.705786636128833,2.353364152448257
0.5,1.7303303287350031,2.3739066058578304
0.5,1.7548740213411735,2.394192881081339
0.5,1.7794177139473437,2.4142173689974302
0.5,1.8039614065535141,2.4339746163677805
0.5,1.8285050991596843,2.4534593207180055
0.5,1.8530487917658545,2.472666325556324
0.5,1.8775924843720249,2.4915906159072185
0.5,1.902136176978195,2.510227314138911
0.5,1.9266798695843652,2.528571676064916
0.5,1.9512235621905356,2.5466190873013086
0.5,1.9757672547967058,2.5643650598626144
0.5,2.000310947402876,2.5818052289804023
0.5,2.024854640009046,2.598935350129762
0.5,2.0493983326152168,2.6157512962498863
0.5,2.073942025221387,2.6322490551459015
0.5,2.098485717827557,2.6484247270600063
0.5,2.1230294104337273,2.664274522400774
0.5,2.1475731030398975,2.679794759620256
0.5,2.172116795646068,2.6949818632292226
0.5,2.1966604882522383,2.7098323619415567
0.5,2.2212041808584084,2.7243428869393993
0.5,2.2457478734645786,2.738510170251253
0.5,2.270291566070749,2.752331043235745
0.5,2.2948352586769194,2.765802435164285
0.5,2.3193789512830896,2.7789213718962635
0.5,2.3439226438892597,2.791684974640923
0.5,2.36846633649543,2.804090458800371
0.5,2.3930100291016,2.816135132888628
0.5,2.4175537217077703,2.827816397521918
0.5,2.442097414313941,2.8391317444757362
0.5,2.466641106920111,2.850078755804544
0.5,2.4911847995262812,2.860655103020204
0.5,2.5157284921324514,2.870858546325538
0.5,2.5402721847386216,2.8806869338996384
0.5,2.564815877344792,2.890138201231794
0.5,2.5893595699509624,2.8992103705010885
0.5,2.6139032625571326,2.907901549998959
0.5,2.6384469551633027,2.916209933592166
0.5,2.662990647769473,2.924133800223823
0.5,2.6875343403756435,2.931671513450273
0.5,2.7120780329818137,2.9388215210117967
0.5,2.736621725587984,2.945582354435236
0.5,2.761165418194154,2.951952628666805
0.5,2.7857091108003242,2.9579310417334446
0.5,2.8102528034064944,2.963516374431241
0.5,2.834796496012665,2.9687074900395247
0.5,2.859340188618835,2.9735033340593824
0.5,2.8838838812250054,2.977902933975419
0.5,2.9084275738311756,2.9819053990397215
0.5,2.9329712664373457,2.9855099200770563
0.5,2.9575149590435164,2.988715769310435
0.5,2.9820586516496865,2.991522300206274
0.5,3.0066023442558567,2.99392894733845
0.5,3.031146036862027,2.9959352262706593
0.5,3.055689729468197,2.99754073345653
0.5,3.0802334220743677,2.9987451461570713
0.5,3.104777114680538,2.9995482223750627
0.5,3.129320807286708,2.999949800806103
1.0,0.01227184630308513,0.0245435385966179
1.0,0.03681553890925539,0.07362691962321928
1.0,0.06135923151542565,0.1226992127065465
1.0,0.0859029241215959,0.17175302773976328
1.0,0.11044661672776616,0.22078097739875974
1.0,0.1349903093339364,0.2697756782546562
1.0,0.1595340019401067,0.3187297518857205
1.0,0.18407769454627693,0.3676358259885309
1.0,0.2086213871524472,0.4164865354882183
1.0,0.23316507975861744,0.46527452364761906
1.0,0.25770877236478773,0.5139924431751727
1.0,0.28225246497095796,0.5626329573313968
1.0,0.30679615757712825,0.6111887410337737
1.0,0.3313398501832985,0.6596524819598797
1.0,0.35588354278946877,0.7080168816485951
1.0,0.380427235395639,0.7562746565992248
1.0,0.4049709280018093,0.8044185393683676
1.0,0.4295146206079795,0.8524412796643654
1.0,0.4540583132141498,0.9003356454391714
1.0,0.47860200582032003,0.9480944239774688
1.0,0.5031456984264903,0.9957104229828806
1.0,0.5276893910326605,1.043176471661102
1.0,0.5522330836388308,1.0904854217997961
1.0,0.5767767762450011,1.1376301488450875
1.0,0.6013204688511713,1.1846035529744952
1.0,0.6258641614573416,1.2313985601661395
1.0,0.6504078540635119,1.2780081232640628
1.0,0.6749515466696822,1.3244252230395055
1.0,0.6994952392758523,1.3706428692479775
1.0,0.7240389318820226,1.4166541016819616
1.0,0.7485826244881929,1.4624519912190956
1.0,0.7731263170943632,1.5080296408656733
1.0,0.7976700097005334,1.553380186795305
1.0,0.8222137023067037,1.5984967993825872
1.0,0.8467573949128739,1.6433726842316156
1.0,0.8713010875190442,1.6880010831991987
1.0,0.8958447801252144,1.7323752754126076
1.0,0.9203884727313847,1.7764885782817168
1.0,0.944932165337555,1.8203343485053753
1.0,0.9694758579437253,1.8639059830718647
1.0,0.9940195505498954,1.9071969202532884
1.0,1.0185632431560658,1.950200640593744
1.0,1.043106935762236,1.9929106678911275
1.0,1.0676506283684062,2.035320570172428
1.0,1.0921943209745766,2.0774239606623586
1.0,1.1167380135807468,2.1192144987451784
1.0,1.141281706186917,2.1606858909195714
1.0,1.1658253987930873,2.2018318917464192
1.0,1.1903690913992575,2.242646304789344
1.0,1.214912784005428,2.2831229835478695
1.0,1.239456476611598,2.323255832383058
1.0,1.2640001692177683,2.3630388074354967
1.0,1.2885438618239387,2.402465917535476
1.0,1.3130875544301088,2.4415312251052375
1.0,1.337631247036279,2.4802288470531564
1.0,1.3621749396424494,2.518552955659708
1.0,1.3867186322486196,2.5564977794551025
1.0,1.41126232485479,2.5940576040884498
1.0,1.4358060174609601,2.6312267731883145
1.0,1.4603497100671303,2.66799968921455
1.0,1.4848934026733007,2.7043708143012637
1.0,1.509437095279471,2.7403346710908014
1.0,1.533980787885641,2.775885843558616
1.0,1.5585244804918115,2.811018977828901
1.0,1.5830681730979816,2.8457287829808657
1.0,1.607611865704152,2.880010031845527
1.0,1.6321555583103222,2.913857561792901
1.0,1.6566992509164924,2.947266275509479
1.0,1.6812429435226628,2.980231141765864
1.0,1.705786636128833,3.0127471961744496
1.0,1.7303303287350031,3.044809541937047
1.0,1.7548740213411735,3.0764133505823184
1.0,1.7794177139473437,3.1075538626929298
1.0,1.8039614065535141,3.138226388622301
1.0,1.8285050991596843,3.168426309200849
1.0,1.8530487917658545,3.19814907643162
1.0,1.8775924843720249,3.227390214175197
1.0,1.902136176978195,3.256145318823793
1.0,1.9266798695843652,3.2844100599644186
1.0,1.9512235621905356,3.312180181031023
1.0,1.9757672547967058,3.33945149994552
1.0,2.000310947402876,3.3662199097475933
1.0,2.024854640009046,3.3924813792131885
1.0,2.0493983326152168,3.418231953461602
1.0,2.073942025221387,3.4434677545510692
1.0,2.098485717827557,3.4681849820627706
1.0,2.1230294104337273,3.49237991367316
1.0,2.1475731030398975,3.5160489057145337
1.0,2.172116795646068,3.539188393723751
1.0,2.1966604882522383,3.5617948929790315
1.0,2.2212041808584084,3.5838649990247404
1.0,2.2457478734645786,3.605395388184088
1.0,2.270291566070749,3.626382818059662
1.0,2.2948352586769194,3.64682412802172
1.0,2.3193789512830896,3.666716239684171
1.0,2.3439226438892597,3.6860561573681676
1.0,2.36846633649543,3.7048409685532455
1.0,2.3930100291016,3.723067844315935
1.0,2.4175537217077703,3.7407340397557904
1.0,2.442097414313941,3.75783689440876
1.0,2.466641106920111,3.7743738326478415
1.0,2.4911847995262812,3.7903423640709644
1.0,2.5157284921324514,3.8057400838760334
1.0,2.5402721847386216,3.8205646732230827
1.0,2.564815877344792,3.834813899583486
1.0,2.5893595699509624,3.848485617076166
1.0,2.6139032625571326,3.8615777667907576
1.0,2.6384469551633027,3.874088377097669
1.0,2.662990647769473,3.886015563945007
1.0,2.6875343403756435,3.8973575311423034
1.0,2.7120780329818137,3.9081125706310176
1.0,2.736621725587984,3.918279062741762
1.0,2.761165418194154,3.9278554764382205
1.0,2.7857091108003242,3.936840369547716
1.0,2.8102528034064944,3.9452323889783947
1.0,2.834796496012665,3.953030270922998
1.0,2.859340188618835,3.9602328410491885
1.0,2.8838838812250054,3.966839014676398
1.0,2.9084275738311756,3.972847796939178
1.0,2.9329712664373457,3.9782582829370217
1.0,2.9575149590435164,3.9830696578706393
1.0,2.9820586516496865,3.987281197164663
1.0,3.0066023442558567,3.990892266576766
1.0,3.031146036862027,3.9939023222931795
1.0,3.055689729468197,3.9963109110105814
1.0,3.0802334220743677,3.9981176700043726
1.0,3.104777114680538,3.9993223271832936
1.0,3.129320807286708,3.9999247011304044
1.5,0.01227184630308513,1.0004516869545803
1.5,0.03681553890925539,1.0040574609751207
1.5,0.06135923151542565,1.011228285402564
1.5,0.0859029241215959,1.0218848534970386
1.5,0.11044661672776616,1.0359132975166054
1.5,0.1349903093339364,1.0531706295119703
1.5,0.1595340019401067,1.0734910256288588
1.5,0.18407769454627693,1.0966923683628897
1.5,0.2086213871524472,1.122582536548858
1.5,0.23316507975861744,1.1509650618212866
1.5,0.25770877236478773,1.1816439173718005
1.5,0.28225246497095796,1.2144273411831645
1.5,0.30679615757712825,1.249130704029676
1.5,0.3313398501832985,1.2855785061340066
1.5,0.35588354278946877,1.3236056274620098
1.5,0.380427235395639,1.3630579717390647
1.5,0.4049709280018093,1.4037926412826458
1.5,0.4295146206079795,1.4456777659332427
1.5,0.4540583132141498,1.4885920904238858
1.5,0.47860200582032003,1.532424404388599
1.5,0.5031456984264903,1.577072880261125
1.5,0.5276893910326605,1.622444367779974
1.5,0.5522330836388308,1.6684536801292442
1.5,0.5767767762450011,1.7150228958652254
1.5,0.6013204688511713,1.762080692414424
1.5,0.6258641614573416,1.8095617206851118
1.5,0.6504078540635119,1.8574060258041045
1.5,0.6749515466696822,1.9055585157992043
1.5,0.6994952392758523,1.9539684778753448
1.5,0.7240389318820226,2.0025891405174674
1.5,0.7485826244881929,2.0513772787888254
1.5,0.7731263170943632,2.1002928597208
1.5,0.7976700097005334,2.149298724489531
1.5,0.8222137023067037,2.1983603040572226
1.5,0.8467573949128739,2.2474453650573882
1.5,0.8713010875190442,2.296523782877613
1.5,0.8958447801252144,2.345567339108251
1.5,0.9203884727313847,2.394549540758782
1.5,0.944932165337555,2.4434454588802947
1.5,0.9694758579437253,2.4922315844633385
1.5,0.9940195505498954,2.5408856996991114
1.5,1.0185632431560658,2.589386762895488
1.5,1.043106935762236,2.6377148055260617
1.5,1.0676506283684062,2.6858508400599104
1.5,1.0921943209745766,2.7337767773724906
1.5,1.1167380135807468,2.7814753526748475
1.5,1.141281706186917,2.8289300590202564
1.5,1.1658253987930873,2.876125087555724
1.5,1.1903690913992575,2.923045273781771
1.5,1.214912784005428,2.9696760491687955
1.5,1.239456476611598,3.016003397553266
1.5,1.2640001692177683,3.0620138158031325
1.5,1.2885438618239387,3.1076942783001296
1.5,1.3130875544301088,3.1530322048380386
1.5,1.337631247036279,3.198015431581271
1.5,1.3621749396424494,3.242632184768013
1.5,1.3867186322486196,3.2868710568773922
1.5,1.41126232485479,3.330720985011153
1.5,1.4358060174609601,3.374171231267685
1.5,1.4603497100671303,3.417211364910488
1.5,1.4848934026733007,3.4598312461544594
1.5,1.509437095279471,3.5020210114123382
1.5,1.533980787885641,3.543771059860342
1.5,1.5585244804918115,3.585072041196852
1.5,1.5830681730979816,3.625914844481133
1.5,1.607611865704152,3.666290587950757
1.5,1.6321555583103222,3.706190609726718
1.5,1.6566992509164924,3.745606459324481
1.5,1.6812429435226628,3.7845298898973696
1.5,1.705786636128833,3.8229528511460233
1.5,1.7303303287350031,3.86086748283418
1.5,1.7548740213411735,3.8982661088568196
1.5,1.7794177139473437,3.9351412318119694
1.5,1.8039614065535141,3.9714855280320553
1.5,1.8285050991596843,4.007291843034916
1.5,1.8530487917658545,4.042553187358286
1.5,1.8775924843720249,4.0772627327449396
1.5,1.902136176978195,4.111413808648693
1.5,1.9266798695843652,4.144999899034162
1.5,1.9512235621905356,4.178014639445637
1.5,1.9757672547967058,4.210451814322612
1.5,2.000310947402876,4.24230535454152
1.5,2.024854640009046,4.273569335164966
1.5,2.0493983326152168,4.304237973381453
1.5,2.073942025221387,4.3343056266199635
1.5,2.098485717827557,4.363766790825171
1.5,2.1230294104337273,4.392616098880213
1.5,2.1475731030398975,4.420848319165063
1.5,2.172116795646068,4.448458354239517
1.5,2.1966604882522383,4.475441239640765
1.5,2.2212041808584084,4.501792142786237
1.5,2.2457478734645786,4.527506361973292
1.5,2.270291566070749,4.552579325467871
1.5,2.2948352586769194,4.577006590674965
1.5,2.3193789512830896,4.600783843384238
1.5,2.3439226438892597,4.623906897084723
1.5,2.36846633649543,4.646371692342943
1.5,2.3930100291016,4.668174296239265
1.5,2.4175537217077703,4.689310901857704
1.5,2.442097414313941,4.709777827824738
1.5,2.466641106920111,4.729571517893047
1.5,2.4911847995262812,4.748688540566395
1.5,2.5157284921324514,4.767125588762177
1.5,2.5402721847386216,4.784879479508371
1.5,2.564815877344792,4.801947153671941
1.5,2.5893595699509624,4.81832567571591
1.5,2.6139032625571326,4.834012233482558
1.5,2.6384469551633027,4.849004138000387
1.5,2.662990647769473,4.863298823312653
1.5,2.6875343403756435,4.876893846325491
1.5,2.7120780329818137,4.889786886673719
1.5,2.736621725587984,4.901975746602658
1.5,2.761165418194154,4.913458350864347
1.5,2.7857091108003242,4.924232746626716
1.5,2.8102528034064944,4.934297103394389
1.5,2.834796496012665,4.943649712939856
1.5,2.859340188618835,4.952288989243942
1.5,2.8838838812250054,4.9602134684445005
1.5,2.9084275738311756,4.967421808792436
1.5,2.9329712664373457,4.973912790614199
1.5,2.9575149590435164,4.979685316279995
1.5,2.9820586516496865,4.984738410177038
1.5,3.0066023442558567,4.989071218687237
1.5,3.031146036862027,4.992683010168808
1.5,3.055689729468197,4.995573174941323
1.5,3.0802334220743677,4.9977412252738525
1.5,3.104777114680538,4.999186795375843
1.5,3.129320807286708,4.999909641390506
2.0,0.01227184630308513,2.0003011699675843
2.0,0.03681553890925539,2.0027086274808945
2.0,0.06135923151542565,2.0075134354712585
2.0,0.0859029241215959,2.0146955613877626
2.0,0.11044661672776616,2.0242254024594946
2.0,0.1349903093339364,2.0360642998578213
2.0,0.1595340019401067,2.0501651907771397
2.0,0.18407769454627693,2.0664733729473843
2.0,0.2086213871524472,2.0849273532873895
2.0,0.23316507975861744,2.105459751387102
2.0,0.25770877236478773,2.1279982291539548
2.0,0.28225246497095796,2.1524664200286487
2.0,0.30679615757712825,2.17878483433608
2.0,0.3313398501832985,2.206871721217991
2.0,0.35588354278946877,2.236643871830918
2.0,0.380427235395639,2.2680173527617793
2.0,0.4049709280018093,2.3009081626521026
2.0,0.4295146206079795,2.335232808640638
2.0,0.4540583132141498,2.37090880231542
2.0,0.47860200582032003,2.4078550773570937
2.0,0.5031456984264903,2.4459923329547655
2.0,0.5276893910326605,2.485243308421655
2.0,0.5522330836388308,2.5255329952934207
2.0,0.5767767762450011,2.5667887936335143
2.0,0.6013204688511713,2.608940619377834
2.0,0.6258641614573416,2.651920969402837
2.0,0.6504078540635119,2.69566495066762
2.0,0.6749515466696822,2.740110279322073
2.0,0.6994952392758523,2.785197255140227
2.0,0.7240389318820226,2.8308687160701487
2.0,0.7485826244881929,2.8770699771193256
2.0,0.7731263170943632,2.923748757239394
2.0,0.7976700097005334,2.970855097351002
2.0,0.8222137023067037,3.018341272168002
2.0,0.8467573949128739,3.0661616980448456
2.0,0.8713010875190442,3.1142728386837493
2.0,0.8958447801252144,3.162633110198181
2.0,0.9203884727313847,3.211202786734402
2.0,0.944932165337555,3.2599439075997885
2.0,0.9694758579437253,3.3088201866318134
2.0,0.9940195505498954,3.3577969243608607
2.0,1.0185632431560658,3.406840923369405
2.0,1.043106935762236,3.4559204071257943
2.0,1.0676506283684062,3.5050049424692733
2.0,1.0921943209745766,3.554065365840668
2.0,1.1167380135807468,3.6030737132875252
2.0,1.141281706186917,3.652003154220681
2.0,1.1658253987930873,3.7008279288590584
2.0,1.1903690913992575,3.749523289268997
2.0,1.214912784005428,3.798065443881799
2.0,1.239456476611598,3.846431505357114
2.0,1.2640001692177683,3.8945994416489547
2.0,1.2885438618239387,3.942548030124573
2.0,1.3130875544301088,3.9902568145832125
2.0,1.337631247036279,4.037706065021235
2.0,1.3621749396424494,4.084876739991612
2.0,1.3867186322486196,4.131750451408911
2.0,1.41126232485479,4.17830943165513
2.0,1.4358060174609601,4.224536502846908
2.0,1.4603497100671303,4.270415048130318
2.0,1.4848934026733007,4.3159289848755575
2.0,1.509437095279471,4.361062739650126
2.0,1.533980787885641,4.405801224855503
2.0,1.5585244804918115,4.450129816918658
2.0,1.5830681730979816,4.494034335935977
2.0,1.607611865704152,4.537501026673354
2.0,1.6321555583103222,4.580516540831976
2.0,1.6566992509164924,4.6230679204951155
2.0,1.6812429435226628,4.665142582676561
2.0,1.705786636128833,4.706728304896514
2.0,1.7303303287350031,4.747813211715661
2.0,1.7548740213411735,4.788385762162679
2.0,1.7794177139473437,4.8284347379948604
2.0,1.8039614065535141,4.867949232735561
2.0,1.8285050991596843,4.906918641436012
2.0,1.8530487917658545,4.945332651112647
2.0,1.8775924843720249,4.983181231814437
2.0,1.902136176978195,5.020454628277822
2.0,1.9266798695843652,5.057143352129831
2.0,1.9512235621905356,5.093238174602617
2.0,1.9757672547967058,5.12873011972523
2.0,2.000310947402876,5.163610457960805
2.0,2.024854640009046,5.197870700259524
2.0,2.0493983326152168,5.231502592499773
2.0,2.073942025221387,5.264498110291803
2.0,2.098485717827557,5.2968494541200135
2.0,2.1230294104337273,5.328549044801549
2.0,2.1475731030398975,5.3595895192405125
2.0,2.172116795646068,5.389963726458445
2.0,2.1966604882522383,5.419664723883113
2.0,2.2212041808584084,5.448685773878799
2.0,2.2457478734645786,5.477020340502506
2.0,2.270291566070749,5.50466208647149
2.0,2.2948352586769194,5.53160487032857
2.0,2.3193789512830896,5.557842743792527
2.0,2.3439226438892597,5.583369949281846
2.0,2.36846633649543,5.608180917600742
2.0,2.3930100291016,5.632270265777256
2.0,2.4175537217077703,5.655632795043836
2.0,2.442097414313941,5.6782634889514725
2.0,2.466641106920111,5.700157511609088
2.0,2.4911847995262812,5.721310206040408
2.0,2.5157284921324514,5.741717092651076
2.0,2.5402721847386216,5.761373867799277
2.0,2.564815877344792,5.780276402463588
2.0,2.5893595699509624,5.798420741002177
2.0,2.6139032625571326,5.815803099997917
2.0,2.6384469551633027,5.832419867184332
2.0,2.662990647769473,5.848267600447645
2.0,2.6875343403756435,5.863343026900546
2.0,2.7120780329818137,5.8776430420235934
2.0,2.736621725587984,5.891164708870472
2.0,2.761165418194154,5.9039052573336095
2.0,2.7857091108003242,5.915862083466888
2.0,2.8102528034064944,5.927032748862482
2.0,2.834796496012665,5.937414980079049
2.0,2.859340188618835,5.947006668118765
2.0,2.8838838812250054,5.955805867950837
2.0,2.9084275738311756,5.963810798079442
2.0,2.9329712664373457,5.971019840154113
2.0,2.9575149590435164,5.97743153862087
2.0,2.9820586516496865,5.983044600412547
2.0,3.0066023442558567,5.9878578946769
2.0,3.031146036862027,5.991870452541318
2.0,3.055689729468197,5.99508146691306
2.0,3.0802334220743677,5.997490292314143
2.0,3.104777114680538,5.999096444750125
2.0,3.129320807286708,5.999899601612206
