n_sites,mechanism,rate,eta_pilot_mean,pilot_samples
3,rescue,0.001,0.5521794242914242,5
3,rescue,0.0021544346900318843,0.5616657482558292,5
3,rescue,0.004641588833612777,0.5813656231610984,5
3,rescue,0.01,0.6205911697978509,5
3,rescue,0.021544346900318832,0.6920357015131939,5
3,rescue,0.046415888336127774,0.8001626129121755,5
3,rescue,0.1,0.9134909084198959,5
3,rescue,0.21544346900318823,0.975746424088616,5
3,rescue,0.46415888336127775,0.9919901361550505,5
3,rescue,1.0,0.9968097284976712,5
3,rescue,2.154434690031882,0.9988115769244962,5
3,rescue,4.6415888336127775,0.9997179604894507,5
3,rescue,5.274997063702617,0.999795457141088,5
3,rescue,5.994842503189409,0.9998548596309924,5
3,rescue,6.812920690579611,0.9998986899598588,5
3,rescue,7.742636826811269,0.9999298941733725,5
3,rescue,8.79922543569107,0.9999514446412062,5
3,rescue,10.0,0.9999659957021049,5
3,dephasing,0.001,0.547045588250317,5
3,dephasing,0.0021544346900318843,0.5507700501779819,5
3,dephasing,0.004641588833612777,0.5586353103649413,5
3,dephasing,0.01,0.5748703816502798,5
3,dephasing,0.021544346900318832,0.6068054914609575,5
3,dephasing,0.046415888336127774,0.6636793489251168,5
3,dephasing,0.1,0.7470602584658674,5
3,dephasing,0.21544346900318823,0.8342731802406563,5
3,dephasing,0.46415888336127775,0.8926701772275696,5
3,dephasing,1.0,0.920746596644743,5
3,dephasing,2.154434690031882,0.9335260808005789,5
3,dephasing,2.7825594022071227,0.9358593083978626,5
3,dephasing,3.593813663804626,0.9373205391305278,5
3,dephasing,4.6415888336127775,0.9378666784193015,5
3,dephasing,5.994842503189409,0.937414341333378,5
3,dephasing,7.742636826811269,0.9358271164277319,5
3,dephasing,10.0,0.9328930202947239,5
4,rescue,0.001,0.40794403624235465,5
4,rescue,0.0021544346900318843,0.42092528605419827,5
4,rescue,0.004641588833612777,0.44787521588489243,5
4,rescue,0.01,0.5015020355487241,5
4,rescue,0.021544346900318832,0.5990266124844814,5
4,rescue,0.046415888336127774,0.7460336888923488,5
4,rescue,0.1,0.8982497538759251,5
4,rescue,0.21544346900318823,0.9781117320604096,5
4,rescue,0.46415888336127775,0.9949504722685019,5
4,rescue,1.0,0.9978641928932929,5
4,rescue,2.154434690031882,0.9989193200931835,5
4,rescue,4.6415888336127775,0.9996471744493858,5
4,rescue,5.274997063702617,0.9997317046032054,5
4,rescue,5.994842503189409,0.9998016026105763,5
4,rescue,6.812920690579611,0.9998569330121467,5
4,rescue,7.742636826811269,0.9998988500584474,5
4,rescue,8.79922543569107,0.9999293288956957,5
4,rescue,10.0,0.9999507270650057,5
4,dephasing,0.001,0.39938335019815563,5
4,dephasing,0.0021544346900318843,0.4027375794232578,5
4,dephasing,0.004641588833612777,0.40984645513089896,5
4,dephasing,0.01,0.42463449069483106,5
4,dephasing,0.021544346900318832,0.45421619205600594,5
4,dephasing,0.046415888336127774,0.5088565727626803,5
4,dephasing,0.1,0.5955076988937241,5
4,dephasing,0.21544346900318823,0.7017830018353153,5
4,dephasing,0.46415888336127775,0.7942297231392403,5
4,dephasing,1.0,0.8522702541067767,5
4,dephasing,2.154434690031882,0.8809895844923933,5
4,dephasing,2.7825594022071227,0.8860480528832472,5
4,dephasing,3.593813663804626,0.8894126090441523,5
4,dephasing,4.6415888336127775,0.8912723407691725,5
4,dephasing,5.994842503189409,0.8916931574750736,5
4,dephasing,7.742636826811269,0.8906201593875821,5
4,dephasing,10.0,0.8878869903093991,5
5,rescue,0.001,0.30709568232459483,5
5,rescue,0.0021544346900318843,0.3222915388671725,5
5,rescue,0.004641588833612777,0.353840579961241,5
5,rescue,0.01,0.41662497305515844,5
5,rescue,0.021544346900318832,0.530824620520874,5
5,rescue,0.046415888336127774,0.7030225061387199,5
5,rescue,0.1,0.8813740818292299,5
5,rescue,0.21544346900318823,0.9748082620811799,5
5,rescue,0.46415888336127775,0.9941758200802869,5
5,rescue,1.0,0.9973579341213847,5
5,rescue,2.154434690031882,0.9985652319946281,5
5,rescue,4.6415888336127775,0.9995026229640185,5
5,rescue,5.274997063702617,0.9996188351636652,5
5,rescue,5.994842503189409,0.9997163298753575,5
5,rescue,6.812920690579611,0.9997946248400623,5
5,rescue,7.742636826811269,0.9998547715279564,5
5,rescue,8.79922543569107,0.9998990473043167,5
5,rescue,10.0,0.9999304173215746,5
5,dephasing,0.001,0.2965664381193272,5
5,dephasing,0.0021544346900318843,0.2999151602115411,5
5,dephasing,0.004641588833612777,0.3070249827211083,5
5,dephasing,0.01,0.32187037274747965,5
5,dephasing,0.021544346900318832,0.35179509599705394,5
5,dephasing,0.046415888336127774,0.40789608356807944,5
5,dephasing,0.1,0.4991976004842316,5
5,dephasing,0.21544346900318823,0.6155259158898867,5
5,dephasing,0.46415888336127775,0.7216952268180663,5
5,dephasing,1.0,0.7921892475951299,5
5,dephasing,2.154434690031882,0.8291194528776107,5
5,dephasing,2.7825594022071227,0.8359399214574174,5
5,dephasing,3.593813663804626,0.8406483292875526,5
5,dephasing,4.6415888336127775,0.8435060064283482,5
5,dephasing,5.994842503189409,0.8446598946475621,5
5,dephasing,7.742636826811269,0.8441251163121903,5
5,dephasing,10.0,0.8417856159871656,5
6,rescue,0.001,0.2483461898656806,5
6,rescue,0.0021544346900318843,0.2654872278818136,5
6,rescue,0.004641588833612777,0.30103966893570444,5
6,rescue,0.01,0.37163998478782767,5
6,rescue,0.021544346900318832,0.4994595182818669,5
6,rescue,0.046415888336127774,0.690222895695874,5
6,rescue,0.1,0.883232691829512,5
6,rescue,0.21544346900318823,0.9787015904101605,5
6,rescue,0.46415888336127775,0.9955659665293342,5
6,rescue,1.0,0.9977302373621159,5
6,rescue,2.154434690031882,0.9985987171948605,5
6,rescue,4.6415888336127775,0.9994239854818258,5
6,rescue,5.274997063702617,0.9995446691908938,5
6,rescue,5.994842503189409,0.9996511320450188,5
6,rescue,6.812920690579611,0.99974088759013,5
6,rescue,7.742636826811269,0.9998130190807242,5
6,rescue,8.79922543569107,0.9998682677693704,5
6,rescue,10.0,0.9999087105443198,5
6,dephasing,0.001,0.2356087628159206,5
6,dephasing,0.0021544346900318843,0.23841538354974726,5
6,dephasing,0.004641588833612777,0.2443876742867625,5
6,dephasing,0.01,0.25691819930443965,5
6,dephasing,0.021544346900318832,0.28243757263443836,5
6,dephasing,0.046415888336127774,0.3313203004693578,5
6,dephasing,0.1,0.41437947218422105,5
6,dephasing,0.21544346900318823,0.528674519965701,5
6,dephasing,0.46415888336127775,0.6446543925256047,5
6,dephasing,1.0,0.7292937288392352,5
6,dephasing,2.154434690031882,0.776226279874274,5
6,dephasing,4.6415888336127775,0.7959149104509107,5
6,dephasing,5.274997063702617,0.7972600086720846,5
6,dephasing,5.994842503189409,0.7981201617065896,5
6,dephasing,6.812920690579611,0.7985025761329709,5
6,dephasing,7.742636826811269,0.7984059737204537,5
6,dephasing,8.79922543569107,0.7978208886380903,5
6,dephasing,10.0,0.7967300494685648,5
7,rescue,0.001,0.20743624005214337,5
7,rescue,0.0021544346900318843,0.2254049363618115,5
7,rescue,0.004641588833612777,0.2626785691000942,5
7,rescue,0.01,0.3367165106183795,5
7,rescue,0.021544346900318832,0.47083873367737106,5
7,rescue,0.046415888336127774,0.6712784369726188,5
7,rescue,0.1,0.8747452144914242,5
7,rescue,0.21544346900318823,0.9762968367961639,5
7,rescue,0.46415888336127775,0.9947857462511139,5
7,rescue,1.0,0.9974051374819934,5
7,rescue,2.154434690031882,0.9984995404621225,5
7,rescue,4.6415888336127775,0.999354338248472,5
7,rescue,5.274997063702617,0.9994794651695023,5
7,rescue,5.994842503189409,0.9995927679565376,5
7,rescue,6.812920690579611,0.9996912579578223,5
7,rescue,7.742636826811269,0.9997730261301255,5
7,rescue,8.79922543569107,0.999837693940702,5
7,rescue,10.0,0.9998864368229633,5
7,dephasing,0.001,0.19371852968021305,5
7,dephasing,0.0021544346900318843,0.19624275573931566,5
7,dephasing,0.004641588833612777,0.2016211571144832,5
7,dephasing,0.01,0.2129370054533865,5
7,dephasing,0.021544346900318832,0.2361165962161082,5
7,dephasing,0.046415888336127774,0.28103950870258654,5
7,dephasing,0.1,0.35905866461083946,5
7,dephasing,0.21544346900318823,0.47024563116798956,5
7,dephasing,0.46415888336127775,0.587877774206916,5
7,dephasing,1.0,0.676901205118799,5
7,dephasing,2.154434690031882,0.728200498796555,5
7,dephasing,4.6415888336127775,0.7511734536859989,5
7,dephasing,5.274997063702617,0.7529404610620036,5
7,dephasing,5.994842503189409,0.7541914714725484,5
7,dephasing,6.812920690579611,0.7549379583076845,5
7,dephasing,7.742636826811269,0.7551836682773859,5
7,dephasing,8.79922543569107,0.7549246711515618,5
7,dephasing,10.0,0.7541495690833416,5
8,rescue,0.001,0.17479072797154074,5
8,rescue,0.0021544346900318843,0.19369001780876993,5
8,rescue,0.004641588833612777,0.23288496103713924,5
8,rescue,0.01,0.3107000300899839,5
8,rescue,0.021544346900318832,0.4515082631851288,5
8,rescue,0.046415888336127774,0.6614135867883061,5
8,rescue,0.1,0.8732261954884777,5
8,rescue,0.21544346900318823,0.9773002826746089,5
8,rescue,0.46415888336127775,0.9953261488477313,5
8,rescue,1.0,0.9975419822789737,5
8,rescue,2.154434690031882,0.9984064837978617,5
8,rescue,4.6415888336127775,0.9992516986000707,5
8,rescue,5.274997063702617,0.9993890493964699,5
8,rescue,5.994842503189409,0.9995160801200254,5
8,rescue,6.812920690579611,0.9996287666675008,5
8,rescue,7.742636826811269,0.9997241944100234,5
8,rescue,8.79922543569107,0.9998011250625509,5
8,rescue,10.0,0.9998601495409704,5
8,dephasing,0.001,0.1601290146758759,5
8,dephasing,0.0021544346900318843,0.16251837710642764,5
8,dephasing,0.004641588833612777,0.1676082424139971,5
8,dephasing,0.01,0.1783121254096761,5
8,dephasing,0.021544346900318832,0.2002205567580942,5
8,dephasing,0.046415888336127774,0.2426387359770731,5
8,dephasing,0.1,0.316357856789305,5
8,dephasing,0.21544346900318823,0.42238218198986466,5
8,dephasing,0.46415888336127775,0.537952689061038,5
8,dephasing,1.0,0.6296974257126223,5
8,dephasing,2.154434690031882,0.6847188195323143,5
8,dephasing,4.6415888336127775,0.7101058030328311,5
8,dephasing,5.274997063702617,0.7121622234247995,5
8,dephasing,5.994842503189409,0.7136852261046501,5
8,dephasing,6.812920690579611,0.7146924006975539,5
8,dephasing,7.742636826811269,0.7151933676628023,5
8,dephasing,8.79922543569107,0.715189721938036,5
8,dephasing,10.0,0.7146752478382965,5
9,rescue,0.001,0.1601270943588446,5
9,rescue,0.0021544346900318843,0.17954624057102775,5
9,rescue,0.004641588833612777,0.21980821496654804,5
9,rescue,0.01,0.2996941806392853,5
9,rescue,0.021544346900318832,0.44406384966796236,5
9,rescue,0.046415888336127774,0.6586766705746537,5
9,rescue,0.1,0.8739094581084869,5
9,rescue,0.21544346900318823,0.97819580237855,5
9,rescue,0.46415888336127775,0.9956655192604466,5
9,rescue,1.0,0.9977050101875902,5
9,rescue,2.154434690031882,0.9984636722135176,5
9,rescue,4.6415888336127775,0.9992140535751008,5
9,rescue,5.274997063702617,0.9993452647175938,5
9,rescue,5.994842503189409,0.9994705011262746,5
9,rescue,6.812920690579611,0.9995853357946773,5
9,rescue,7.742636826811269,0.99968588925181,5
9,rescue,8.79922543569107,0.9997696221308757,5
9,rescue,10.0,0.9998358207960039,5
9,dephasing,0.001,0.14473142438508738,5
9,dephasing,0.0021544346900318843,0.1468121574537816,5
9,dephasing,0.004641588833612777,0.1512502956144775,5
9,dephasing,0.01,0.1606090745425743,5
9,dephasing,0.021544346900318832,0.179872467638784,5
9,dephasing,0.046415888336127774,0.21758482384484545,5
9,dephasing,0.1,0.28443265385743216,5
9,dephasing,0.21544346900318823,0.38342380712515206,5
9,dephasing,0.46415888336127775,0.4950257748901789,5
9,dephasing,1.0,0.5869465957323647,5
9,dephasing,2.154434690031882,0.6443122096891452,5
9,dephasing,4.6415888336127775,0.6719108680717993,5
9,dephasing,5.274997063702617,0.6742701722568725,5
9,dephasing,5.994842503189409,0.6760804749595507,5
9,dephasing,6.812920690579611,0.677362905342315,5
9,dephasing,7.742636826811269,0.6781313514303313,5
9,dephasing,8.79922543569107,0.6783921904596095,5
9,dephasing,10.0,0.6781443083935654,5
10,rescue,0.001,0.13914169499866466,5
10,rescue,0.0021544346900318843,0.15912180167246953,5
10,rescue,0.004641588833612777,0.20054205778778345,5
10,rescue,0.01,0.28270585000326587,5
10,rescue,0.021544346900318832,0.4311125197218611,5
10,rescue,0.046415888336127774,0.6514710737968972,5
10,rescue,0.1,0.871908552818582,5
10,rescue,0.21544346900318823,0.9781130170566623,5
10,rescue,0.46415888336127775,0.9956608725894844,5
10,rescue,1.0,0.9976517400933659,5
10,rescue,2.154434690031882,0.9983692872734368,5
10,rescue,4.6415888336127775,0.999126239558961,5
10,rescue,5.274997063702617,0.9992652148161868,5
10,rescue,5.994842503189409,0.9993998167462351,5
10,rescue,6.812920690579611,0.9995251571145077,5
10,rescue,7.742636826811269,0.9996367014271828,5
10,rescue,8.79922543569107,0.9997311426402643,5
10,rescue,10.0,0.9998070375730131,5
10,dephasing,0.001,0.12315573768269268,5
10,dephasing,0.0021544346900318843,0.12513088484015872,5
10,dephasing,0.004641588833612777,0.12934367903788685,5
10,dephasing,0.01,0.13822678588059467,5
10,dephasing,0.021544346900318832,0.1565100190358613,5
10,dephasing,0.046415888336127774,0.1923080638960938,5
10,dephasing,0.1,0.25584253630532866,5
10,dephasing,0.21544346900318823,0.350453684506813,5
10,dephasing,0.46415888336127775,0.4587674743487241,5
10,dephasing,1.0,0.5501429625058873,5
10,dephasing,2.154434690031882,0.6084864999893576,5
10,dephasing,4.6415888336127775,0.6372389750002607,5
10,dephasing,5.274997063702617,0.6397808619646349,5
10,dephasing,5.994842503189409,0.6417735797037981,5
10,dephasing,6.812920690579611,0.6432406529325139,5
10,dephasing,7.742636826811269,0.6441988465253126,5
10,dephasing,8.79922543569107,0.6446577732292221,5
10,dephasing,10.0,0.644619797764115,5
12,rescue,0.001,0.12359852300341656,5
12,rescue,0.0021544346900318843,0.1439890556335864,5
12,rescue,0.004641588833612777,0.18625735086661716,5
12,rescue,0.01,0.27009130548861693,5
12,rescue,0.021544346900318832,0.4214671162938308,5
12,rescue,0.046415888336127774,0.6460779614893143,5
12,rescue,0.1,0.8704127379567155,5
12,rescue,0.21544346900318823,0.97808048027946,5
12,rescue,0.46415888336127775,0.9956904515119216,5
12,rescue,1.0,0.9976470968311834,5
12,rescue,2.154434690031882,0.9983170913374814,5
12,rescue,4.6415888336127775,0.9990232744412152,5
12,rescue,5.274997063702617,0.9991615416830488,5
12,rescue,5.994842503189409,0.9992995672095191,5
12,rescue,6.812920690579611,0.9994324992727247,5
12,rescue,7.742636826811269,0.9995551887489288,5
12,rescue,8.79922543569107,0.9996630979323493,5
12,rescue,10.0,0.9997531939304573,5
12,dephasing,0.001,0.10691309964365056,5
12,dephasing,0.0021544346900318843,0.10850498550139878,5
12,dephasing,0.004641588833612777,0.1119046286041345,5
12,dephasing,0.01,0.11909249200524581,5
12,dephasing,0.021544346900318832,0.13397057385594885,5
12,dephasing,0.046415888336127774,0.1634391487159612,5
12,dephasing,0.1,0.21690339671559905,5
12,dephasing,0.21544346900318823,0.29950455237582596,5
12,dephasing,0.46415888336127775,0.39880901590035894,5
12,dephasing,1.0,0.4868536743841462,5
12,dephasing,2.154434690031882,0.545668174984519,5
12,dephasing,4.6415888336127775,0.5761150015030829,5
12,dephasing,5.274997063702617,0.5789627192213246,5
12,dephasing,5.994842503189409,0.5812653924789114,5
12,dephasing,6.812920690579611,0.5830490407608611,5
12,dephasing,7.742636826811269,0.5843342538371509,5
12,dephasing,8.79922543569107,0.5851355801205572,5
12,dephasing,10.0,0.5854611813347546,5
16,rescue,0.001,0.091842455979839,5
16,rescue,0.0021544346900318843,0.11316318428148364,5
16,rescue,0.004641588833612777,0.15734715582822761,5
16,rescue,0.01,0.24492697999161459,5
16,rescue,0.021544346900318832,0.4028581862811845,5
16,rescue,0.046415888336127774,0.6365314628292641,5
16,rescue,0.1,0.868492198253724,5
16,rescue,0.21544346900318823,0.9783339668502595,5
16,rescue,0.46415888336127775,0.9957530673327721,5
16,rescue,1.0,0.9976018986243329,5
16,rescue,2.154434690031882,0.9981953066635201,5
16,rescue,4.6415888336127775,0.9988251637264174,5
16,rescue,5.274997063702617,0.9989615900355606,5
16,rescue,5.994842503189409,0.9991041353934943,5
16,rescue,6.812920690579611,0.9992485118090846,5
16,rescue,7.742636826811269,0.9993892268845794,5
16,rescue,8.79922543569107,0.9995203274808301,5
16,rescue,10.0,0.99963644526494,5
16,dephasing,0.001,0.07405431359884927,5
16,dephasing,0.0021544346900318843,0.07533049852627499,5
16,dephasing,0.004641588833612777,0.07805690068822531,5
16,dephasing,0.01,0.08382578194479824,5
16,dephasing,0.021544346900318832,0.09578678499032198,5
16,dephasing,0.046415888336127774,0.11956501648248748,5
16,dephasing,0.1,0.16305973659591413,5
16,dephasing,0.21544346900318823,0.23147185198291384,5
16,dephasing,0.46415888336127775,0.31659680763594955,5
16,dephasing,1.0,0.39582310213374405,5
16,dephasing,2.154434690031882,0.4514090925493054,5
16,dephasing,4.6415888336127775,0.4817630223939381,5
16,dephasing,5.274997063702617,0.4847786380028315,5
16,dephasing,5.994842503189409,0.48729353903799144,5
16,dephasing,6.812920690579611,0.48933455158726336,5
16,dephasing,7.742636826811269,0.4909248253307091,5
16,dephasing,8.79922543569107,0.4920830784736762,5
16,dephasing,10.0,0.49282302331082156,5
20,rescue,0.001,0.07579871693967463,5
20,rescue,0.0021544346900318843,0.09765245258751844,5
20,rescue,0.004641588833612777,0.1429307910256458,5
20,rescue,0.01,0.23263623587640994,5
20,rescue,0.021544346900318832,0.39423123731226956,5
20,rescue,0.046415888336127774,0.632785992302564,5
20,rescue,0.1,0.8684374390964363,5
20,rescue,0.21544346900318823,0.978829085349548,5
20,rescue,0.46415888336127775,0.9959013519865809,5
20,rescue,1.0,0.9976488311384731,5
20,rescue,2.154434690031882,0.9981836225289218,5
20,rescue,4.6415888336127775,0.9987250546025498,5
20,rescue,5.274997063702617,0.9988483278772732,5
20,rescue,5.994842503189409,0.998981341069951,5
20,rescue,6.812920690579611,0.9991212701667962,5
20,rescue,7.742636826811269,0.9992636614062602,5
20,rescue,8.79922543569107,0.9994027819950138,5
20,rescue,10.0,0.9995324178702495,5
20,dephasing,0.001,0.05731102934375416,5
20,dephasing,0.0021544346900318843,0.05832993370195279,5
20,dephasing,0.004641588833612777,0.06050878374470327,5
20,dephasing,0.01,0.06512847605107008,5
20,dephasing,0.021544346900318832,0.07474732959558285,5
20,dephasing,0.046415888336127774,0.09403078411369618,5
20,dephasing,0.1,0.12984999686752902,5
20,dephasing,0.21544346900318823,0.18756530700942003,5
20,dephasing,0.46415888336127775,0.26159944631911464,5
20,dephasing,1.0,0.33265676582881243,5
20,dephasing,2.154434690031882,0.38392643726208164,5
20,dephasing,4.6415888336127775,0.4128711912781139,5
20,dephasing,5.274997063702617,0.41585572685577255,5
20,dephasing,5.994842503189409,0.4183881203902671,5
20,dephasing,6.812920690579611,0.4204935852520172,5
20,dephasing,7.742636826811269,0.4221948539074941,5
20,dephasing,8.79922543569107,0.4235114767816352,5
20,dephasing,10.0,0.42445920936706383,5
24,rescue,0.001,0.06581340007716788,5
24,rescue,0.0021544346900318843,0.08796312344044796,5
24,rescue,0.004641588833612777,0.1338507296375226,5
24,rescue,0.01,0.22474626154829921,5
24,rescue,0.021544346900318832,0.3884191968275609,5
24,rescue,0.046415888336127774,0.6298323571700117,5
24,rescue,0.1,0.867862937368763,5
24,rescue,0.21544346900318823,0.9789142536621567,5
24,rescue,0.46415888336127775,0.9959262776199609,5
24,rescue,1.0,0.9976421362899766,5
24,rescue,2.154434690031882,0.9981513555241188,5
24,rescue,4.6415888336127775,0.9986410095664375,5
24,rescue,5.274997063702617,0.9987548361416814,5
24,rescue,5.994842503189409,0.9988800597129546,5
24,rescue,6.812920690579611,0.999015018308129,5
24,rescue,7.742636826811269,0.9991563624231643,5
24,rescue,8.79922543569107,0.9992991050777574,5
24,rescue,10.0,0.9994371056512911,5
24,dephasing,0.001,0.04692401470487591,5
24,dephasing,0.0021544346900318843,0.0477841166469604,5
24,dephasing,0.004641588833612777,0.04962385245510552,5
24,dephasing,0.01,0.05352668021470373,5
24,dephasing,0.021544346900318832,0.061662353086881325,5
24,dephasing,0.046415888336127774,0.07801187726294107,5
24,dephasing,0.1,0.10853187704888365,5
24,dephasing,0.21544346900318823,0.15819314795685388,5
24,dephasing,0.46415888336127775,0.2230035907635358,5
24,dephasing,1.0,0.28663771190651605,5
24,dephasing,2.154434690031882,0.33359222491378865,5
24,dephasing,4.6415888336127775,0.36076439135495403,5
24,dephasing,5.274997063702617,0.3636395674013844,5
24,dephasing,5.994842503189409,0.36610696663620557,5
24,dephasing,6.812920690579611,0.3681895703644368,5
24,dephasing,7.742636826811269,0.3699086453985023,5
24,dephasing,8.79922543569107,0.3712831610721601,5
24,dephasing,10.0,0.37232923121886585,5
28,rescue,0.001,0.0586464303197069,5
28,rescue,0.0021544346900318843,0.08097645450913943,5
28,rescue,0.004641588833612777,0.12723688257315396,5
28,rescue,0.01,0.21886788989011413,5
28,rescue,0.021544346900318832,0.3838534383686044,5
28,rescue,0.046415888336127774,0.6271652457791361,5
28,rescue,0.1,0.8669874845790527,5
28,rescue,0.21544346900318823,0.978789974061352,5
28,rescue,0.46415888336127775,0.9958836535136537,5
28,rescue,1.0,0.9975997101261594,5
28,rescue,2.154434690031882,0.9980989920562315,5
28,rescue,4.6415888336127775,0.9985588683652896,5
28,rescue,5.274997063702617,0.9986665800164042,5
28,rescue,5.994842503189409,0.9987865073422195,5
28,rescue,6.812920690579611,0.9989178260061425,5
28,rescue,7.742636826811269,0.9990580995952157,5
28,rescue,8.79922543569107,0.9992031347777885,5
28,rescue,10.0,0.9993472051269066,5
28,dephasing,0.001,0.039495147630709215,5
28,dephasing,0.0021544346900318843,0.040238241059676175,5
28,dephasing,0.004641588833612777,0.04182801622724498,5
28,dephasing,0.01,0.04520202582475739,5
28,dephasing,0.021544346900318832,0.052241840680342676,5
28,dephasing,0.046415888336127774,0.06641698234198402,5
28,dephasing,0.1,0.0929865951521096,5
28,dephasing,0.21544346900318823,0.13656362666352412,5
28,dephasing,0.46415888336127775,0.19417462412377168,5
28,dephasing,1.0,0.2516779038169287,5
28,dephasing,2.154434690031882,0.2947932638966691,5
28,dephasing,4.6415888336127775,0.32015441528609934,5
28,dephasing,5.274997063702617,0.32288518721920445,5
28,dephasing,5.994842503189409,0.3252469922179124,5
28,dephasing,6.812920690579611,0.327260922967341,5
28,dephasing,7.742636826811269,0.3289467467471064,5
28,dephasing,8.79922543569107,0.3303224469180633,5
28,dephasing,10.0,0.33140376104326963,5
32,rescue,0.001,0.05341818109843351,5
32,rescue,0.0021544346900318843,0.07589249165609165,5
32,rescue,0.004641588833612777,0.12245045015266232,5
32,rescue,0.01,0.21466489430977784,5
32,rescue,0.021544346900318832,0.3806780698207318,5
32,rescue,0.046415888336127774,0.6254327434190643,5
32,rescue,0.1,0.8665227076907568,5
32,rescue,0.21544346900318823,0.9787574122199082,5
32,rescue,0.46415888336127775,0.9958589830949881,5
32,rescue,1.0,0.9975654868025996,5
32,rescue,2.154434690031882,0.9980541451601468,5
32,rescue,4.6415888336127775,0.9984875516421521,5
32,rescue,5.274997063702617,0.9985895001446584,5
32,rescue,5.994842503189409,0.9987041117374258,5
32,rescue,6.812920690579611,0.9988312468106703,5
32,rescue,7.742636826811269,0.9989692762483156,5
32,rescue,8.79922543569107,0.9991148009782014,5
32,rescue,10.0,0.9992626643919363,5
32,dephasing,0.001,0.03406342020711446,5
32,dephasing,0.0021544346900318843,0.03472007554968959,5
32,dephasing,0.004641588833612777,0.03612500150545261,5
32,dephasing,0.01,0.03910707630205905,5
32,dephasing,0.021544346900318832,0.045331018024433775,5
32,dephasing,0.046415888336127774,0.0578731230720804,5
32,dephasing,0.1,0.0814294980995589,5
32,dephasing,0.21544346900318823,0.12024816009585419,5
32,dephasing,0.46415888336127775,0.17201224781047736,5
32,dephasing,1.0,0.22427063071784836,5
32,dephasing,2.154434690031882,0.2639333682389765,5
32,dephasing,4.6415888336127775,0.28759491479492594,5
32,dephasing,5.274997063702617,0.2901790431872171,5
32,dephasing,5.994842503189409,0.29242754304911317,5
32,dephasing,6.812920690579611,0.29435974282309263,5
32,dephasing,7.742636826811269,0.29599392527957064,5
32,dephasing,8.79922543569107,0.29734695297116437,5
32,dephasing,10.0,0.2984338828162748,5
48,rescue,0.001,0.04194268167593287,5
48,rescue,0.0021544346900318843,0.06475966270171508,5
48,rescue,0.004641588833612777,0.1120227843803701,5
48,rescue,0.01,0.20561378896950888,5
48,rescue,0.021544346900318832,0.37402724931277886,5
48,rescue,0.046415888336127774,0.6220735761226541,5
48,rescue,0.1,0.8658818786861439,5
48,rescue,0.21544346900318823,0.9788475287827916,5
48,rescue,0.46415888336127775,0.9958694652988738,5
48,rescue,1.0,0.9975367078026848,5
48,rescue,2.154434690031882,0.9979928434742437,5
48,rescue,4.6415888336127775,0.9983432179298433,5
48,rescue,5.274997063702617,0.998423809385218,5
48,rescue,5.994842503189409,0.998516115073342,5
48,rescue,6.812920690579611,0.9986215422910629,5
48,rescue,7.742636826811269,0.9987406531627844,5
48,rescue,8.79922543569107,0.9988727314131565,5
48,rescue,10.0,0.9990153792310492,5
48,dephasing,0.001,0.022098362144300637,5
48,dephasing,0.0026101572156825357,0.022717934611561946,5
48,dephasing,0.006812920690579615,0.024318256315296344,5
48,dephasing,0.01778279410038923,0.028383697610575048,5
48,dephasing,0.046415888336127795,0.03828772275616274,5
48,dephasing,0.12115276586285889,0.06011253241622287,5
48,dephasing,0.31622776601683794,0.09897532125021627,5
48,dephasing,0.825404185268019,0.14726652414790783,5
48,dephasing,2.1544346900318843,0.18605323072408847,5
48,dephasing,5.623413251903491,0.20732014630600512,5
48,dephasing,7.742636826811272,0.21114538050703544,5
48,dephasing,10.660504989847926,0.2137065492082817,5
48,dephasing,14.677992676220706,0.21518037776970797,5
48,dephasing,20.20949938191079,0.21568510802386837,5
48,dephasing,27.82559402207127,0.21526641815578212,5
48,dephasing,38.31186849557293,0.21389388975572335,5
48,dephasing,100.0,0.20268954814626614,5
64,rescue,0.001,0.03657267917303781,5
64,rescue,0.0021544346900318843,0.05954432202480368,5
64,rescue,0.004641588833612777,0.1071260044258997,5
64,rescue,0.01,0.2013401246586543,5
64,rescue,0.021544346900318832,0.37084501657613045,5
64,rescue,0.046415888336127774,0.6204042358851233,5
64,rescue,0.1,0.8654989386056844,5
64,rescue,0.21544346900318823,0.9788556631362144,5
64,rescue,0.46415888336127775,0.9958623956628225,5
64,rescue,1.0,0.9975148545231811,5
64,rescue,2.154434690031882,0.9979558026792382,5
64,rescue,4.6415888336127775,0.9982610310463242,5
64,rescue,5.274997063702617,0.998328520273394,5
64,rescue,5.994842503189409,0.9984061251852804,5
64,rescue,6.812920690579611,0.9984957476349188,5
64,rescue,7.742636826811269,0.9985988638201146,5
64,rescue,8.79922543569107,0.9987161566649494,5
64,rescue,10.0,0.998847073050577,5
64,dephasing,0.001,0.01649525482182143,5
64,dephasing,0.0026101572156825357,0.016961828659008908,5
64,dephasing,0.006812920690579615,0.018167358963558054,5
64,dephasing,0.01778279410038923,0.021232464300210273,5
64,dephasing,0.046415888336127795,0.028715398127977527,5
64,dephasing,0.12115276586285889,0.04528814230092337,5
64,dephasing,0.31622776601683794,0.07510482069713344,5
64,dephasing,0.825404185268019,0.1127612017248586,5
64,dephasing,2.1544346900318843,0.14357206166945394,5
64,dephasing,5.623413251903491,0.1608009597715429,5
64,dephasing,7.742636826811272,0.16398822990334666,5
64,dephasing,10.660504989847926,0.16619533349446805,5
64,dephasing,14.677992676220706,0.16757146305514067,5
64,dephasing,20.20949938191079,0.16822619394849078,5
64,dephasing,27.82559402207127,0.16821863590275749,5
64,dephasing,38.31186849557293,0.16755230049558636,5
64,dephasing,100.0,0.16083007702188878,5
96,rescue,0.001,0.03117205151606727,5
96,rescue,0.0021544346900318843,0.054301686734007,5
96,rescue,0.004641588833612777,0.10220864056788248,5
96,rescue,0.01,0.19705836342245606,5
96,rescue,0.021544346900318832,0.367674057993868,5
96,rescue,0.046415888336127774,0.6187649217225538,5
96,rescue,0.1,0.8651438980520012,5
96,rescue,0.21544346900318823,0.9788699238780731,5
96,rescue,0.46415888336127775,0.9958504560602659,5
96,rescue,1.0,0.9974855516528491,5
96,rescue,2.154434690031882,0.9979102287601972,5
96,rescue,4.6415888336127775,0.9981665296583178,5
96,rescue,5.274997063702617,0.9982188789879931,5
96,rescue,5.994842503189409,0.9982787709136309,5
96,rescue,6.812920690579611,0.9983482390179723,5
96,rescue,7.742636826811269,0.9984292811604087,5
96,rescue,8.79922543569107,0.9985236503233658,5
96,rescue,10.0,0.9986325372308276,5
96,dephasing,0.001,0.010858326177605798,5
96,dephasing,0.0026101572156825357,0.011171539100261595,5
96,dephasing,0.006812920690579615,0.01198106076475276,5
96,dephasing,0.01778279410038923,0.014040897751979952,5
96,dephasing,0.046415888336127795,0.019079457919321804,5
96,dephasing,0.12115276586285889,0.030290204793008403,5
96,dephasing,0.31622776601683794,0.05065234934814685,5
96,dephasing,0.825404185268019,0.0767575782142064,5
96,dephasing,2.1544346900318843,0.09849244820250695,5
96,dephasing,5.623413251903491,0.11089229531015662,5
96,dephasing,14.677992676220706,0.1160807335904471,5
96,dephasing,20.20949938191079,0.11674008040630597,5
96,dephasing,27.825594022071257,0.11698411807396318,5
96,dephasing,38.31186849557289,0.11683741163474266,5
96,dephasing,38.31186849557293,0.116837411634748,5
96,dephasing,52.749970637026195,0.11628998493583727,5
96,dephasing,72.62917501736213,0.1152982016805835,5
96,dephasing,100.0,0.113785754400817,5
