displacement_um,field_v_m,excess_energy_mk,density_cm3,density_over_peak,classical_rate_s,classical_survival,parameter_status
-25.0,-6.317856698978956,404.57339330632647,207478155.68203878,0.0012967384730127424,6.147602980974545e-08,0.9999999877047941,printed_shape_reconstructed_peak_density
-24.8,-6.267313845387125,398.12611171059694,226708210.86893532,0.0014169263179308457,7.427968038199777e-08,0.9999999851440641,printed_shape_reconstructed_peak_density
-24.6,-6.216770991795294,391.73061550921057,247573277.1794716,0.0015473329823716977,8.965169174135833e-08,0.9999999820696618,printed_shape_reconstructed_peak_density
-24.4,-6.166228138203461,385.38690470216727,270197873.4600534,0.0016887367091253337,1.0808659776090177e-07,0.9999999783826807,printed_shape_reconstructed_peak_density
-24.2,-6.11568528461163,379.0949792894674,294714655.5478527,0.0018419665971740793,1.3016995661798084e-07,0.999999973966009,printed_shape_reconstructed_peak_density
-24.0,-6.065142431019799,372.8548392711107,321264829.9969676,0.0020079051874810475,1.5659428414127663e-07,0.9999999686811437,printed_shape_reconstructed_peak_density
-23.8,-6.014599577427967,366.66648464709704,349998578.909261,0.002187491118182881,1.881776222518443e-07,0.9999999623644763,printed_shape_reconstructed_peak_density
-23.6,-5.964056723836135,360.52991541742665,381075495.29408693,0.0023817218455880434,2.2588515069513027e-07,0.9999999548229709,printed_shape_reconstructed_peak_density
-23.4,-5.913513870244303,354.4451315820994,414665028.2832487,0.0025916564267703043,2.708543087895195e-07,0.9999999458291398,printed_shape_reconstructed_peak_density
-23.2,-5.862971016652472,348.4121331411156,450946937.4243141,0.002818418358901963,3.2442396008053526e-07,0.9999999351152101,printed_shape_reconstructed_peak_density
-23.0,-5.812428163060641,342.43092009447486,490111755.16675466,0.0030631984697922165,3.8816820747016906e-07,0.9999999223663615,printed_shape_reconstructed_peak_density
-22.8,-5.761885309468808,336.50149244217727,532361256.54145575,0.0033272578533840983,4.6393555055599996e-07,0.9999999072128942,printed_shape_reconstructed_peak_density
-22.6,-5.711342455876978,330.6238501842231,577908934.9152527,0.0036119308432203292,5.538941716254989e-07,0.9999998892211718,printed_shape_reconstructed_peak_density
-22.4,-5.660799602285146,324.7979933206119,626980482.5782169,0.003918628016113855,6.605842431665e-07,0.9999998678831601,printed_shape_reconstructed_peak_density
-22.2,-5.610256748693313,319.0239218513439,679814274.7931151,0.00424883921745697,7.86978269141801e-07,0.9999998426043586,printed_shape_reconstructed_peak_density
-22.0,-5.559713895101482,313.3016357764193,736661855.8037084,0.004604136598773178,9.365506060130161e-07,0.9999998126898964,printed_shape_reconstructed_peak_density
-21.8,-5.509171041509651,307.6311350958379,797788425.1619778,0.004986177657262361,1.1133574590868825e-06,0.999999777328533,printed_shape_reconstructed_peak_density
-21.6,-5.458628187917818,302.01241980959946,863473322.5943618,0.005396708266214761,1.322128816825548e-06,0.9999997355742716,printed_shape_reconstructed_peak_density
-21.4,-5.408085334325987,296.4454899177045,934010509.4839954,0.005837565684274971,1.5683739720767839e-06,0.9999996863252548,printed_shape_reconstructed_peak_density
-21.2,-5.357542480734155,290.9303454201526,1009709044.9005324,0.006310681530628327,1.8585024866529248e-06,0.9999996282995718,printed_shape_reconstructed_peak_density
-21.0,-5.306999627142324,285.4669863169441,1090893553.9618092,0.0068180847122613075,2.1999626863842036e-06,0.9999995600075595,printed_shape_reconstructed_peak_density
-20.8,-5.256456773550492,280.0554126080786,1177904686.1631124,0.007361904288519452,2.60140002992301e-06,0.9999994797201294,printed_shape_reconstructed_peak_density
-20.6,-5.205913919958661,274.6956242935564,1271099561.1610708,0.007944372257256693,3.0728379785843985e-06,0.9999993854325931,printed_shape_reconstructed_peak_density
-20.4,-5.155371066366829,269.3876213733774,1370852199.3504705,0.00856782624594044,3.6258843089603055e-06,0.9999992748234011,printed_shape_reconstructed_peak_density
-20.2,-5.104828212774998,264.13140384754166,1477553934.4252276,0.009234712090157672,4.273966157725284e-06,0.9999991452071338,printed_shape_reconstructed_peak_density
-20.0,-5.054285359183166,258.9269717160491,1591613804.9694157,0.009947586281058848,5.032597471946411e-06,0.9999989934810122,printed_shape_reconstructed_peak_density
-19.8,-5.003742505591334,253.7743249788996,1713458921.9822845,0.010709118262389279,5.919682961531126e-06,0.9999988160641086,printed_shape_reconstructed_peak_density
-19.6,-4.953199651999503,248.67346363609352,1843534809.1033885,0.011522092556896178,6.955863116637891e-06,0.9999986088283443,printed_shape_reconstructed_peak_density
-19.4,-4.90265679840767,243.62438768763045,1982305712.1711066,0.012389410701069416,8.164905365628503e-06,0.9999983670202602,printed_shape_reconstructed_peak_density
-19.2,-4.852113944815838,238.6270971335107,2130254874.621772,0.013314092966386075,9.574147012426072e-06,0.9999980851724308,printed_shape_reconstructed_peak_density
-19.0,-4.801571091224007,233.68159197373416,2287884775.1178703,0.014299279844486689,1.1214996210209225e-05,0.9999977570032734,printed_shape_reconstructed_peak_density
-18.8,-4.751028237632175,228.78787220830085,2455717323.6837444,0.015348233273023404,1.3123497905789082e-05,0.9999973753038633,printed_shape_reconstructed_peak_density
-18.6,-4.700485384040344,223.94593783721078,2634294012.527771,0.016464337578298568,1.5340972430695353e-05,0.9999969318102208,printed_shape_reconstructed_peak_density
-18.4,-4.649942530448512,219.15578886046384,2824176017.6411567,0.01765110011025723,1.7914735226213632e-05,0.9999964170593735,printed_shape_reconstructed_peak_density
-18.2,-4.599399676856681,214.41742527806022,3025944247.1882377,0.018912151544926484,2.089890707607576e-05,0.99999582022732,printed_shape_reconstructed_peak_density
-18.0,-4.54885682326485,209.73084708999977,3240199332.6413527,0.020251245829008453,2.4355325188345855e-05,0.999995128946826,printed_shape_reconstructed_peak_density
-17.8,-4.498313969673018,205.09605429628246,3467561558.567192,0.02167225974104495,2.8354566523930998e-05,0.9999943291027749,printed_shape_reconstructed_peak_density
-17.6,-4.447771116081187,200.51304689690843,3708670726.9425073,0.02317919204339067,3.297709592031022e-05,0.9999934046025657,printed_shape_reconstructed_peak_density
-17.4,-4.397228262489354,195.9818248918775,3964185951.8656235,0.024776162199160148,3.8314552813377356e-05,0.9999923371187973,printed_shape_reconstructed_peak_density
-17.2,-4.346685408897522,191.5023882811898,4234785380.539003,0.026467408628368768,4.447119172635266e-05,0.9999911058012083,printed_shape_reconstructed_peak_density
-17.0,-4.296142555305691,187.0747370648454,4521165836.427289,0.028257286477670555,5.1565493181955166e-05,0.9999896869545434,printed_shape_reconstructed_peak_density
-16.799999999999997,-4.245599701713858,182.6988712428441,4824042380.5466385,0.030150264878416492,5.9731963312836076e-05,0.9999880536786953,printed_shape_reconstructed_peak_density
-16.6,-4.195056848122028,178.37479081518617,5144147786.916617,0.03215092366822886,6.912314220715868e-05,0.9999861754671183,printed_shape_reconstructed_peak_density
-16.4,-4.144513994530196,174.10249578187134,5482231928.305056,0.0342639495519066,7.99118429438941e-05,0.9999840177591286,printed_shape_reconstructed_peak_density
-16.2,-4.093971140938364,169.88198614289976,5839061068.52174,0.03649413167826088,9.22936453601325e-05,0.9999815414412893,printed_shape_reconstructed_peak_density
-16.0,-4.043428287346533,165.7132618982714,6215417057.669203,0.038846356610432516,0.0001064896708664092,0.9999787022926261,printed_shape_reconstructed_peak_density
-15.799999999999999,-3.9928854337547004,161.59632304798615,6612096426.938295,0.041325602668364346,0.00012274966710357815,0.9999754503679265,printed_shape_reconstructed_peak_density
-15.6,-3.9423425801628693,157.53116959204425,7029909379.745187,0.04393693362340742,0.0001413554339363803,0.9999717293128362,printed_shape_reconstructed_peak_density
-15.399999999999999,-3.8917997265710373,153.51780153044544,7469678676.243628,0.04668549172652267,0.0001626246252273582,0.9999674756038842,printed_shape_reconstructed_peak_density
-15.2,-3.841256872979206,149.5562188631899,7932238408.5143,0.04957649005321438,0.00018691496405620522,0.9999626177059241,printed_shape_reconstructed_peak_density
-15.0,-3.790714019387374,145.64642159027755,8418432664.030872,0.052615204150192954,0.00021462891257359088,0.9999570751387835,printed_shape_reconstructed_peak_density
-14.799999999999999,-3.7401711657955428,141.78840971170848,8929114075.33057,0.05580696297081606,0.0002462188415388085,0.9999507574441467,printed_shape_reconstructed_peak_density
-14.6,-3.689628312203711,137.98218322748252,9465142254.176928,0.0591571390886058,0.00028219274882609934,0.9999435630428598,printed_shape_reconstructed_peak_density
-14.399999999999999,-3.6390854586118784,134.22774213759976,10027382108.891405,0.06267113818057128,0.00032312058083960475,0.9999353779719253,printed_shape_reconstructed_peak_density
-14.2,-3.5885426050200477,130.5250864420603,10616702043.95115,0.0663543877746947,0.00036964121590292854,0.9999260744894446,printed_shape_reconstructed_peak_density
-14.0,-3.5379997514282153,126.87421614086396,11233972041.400576,0.0702123252587536,0.0004224701743451645,0.9999155095346514,printed_shape_reconstructed_peak_density
-13.799999999999999,-3.487456897836384,123.2751312340109,11880061624.102682,0.07425038515064177,0.0004824081262588999,0.9999035230289506,printed_shape_reconstructed_peak_density
-13.6,-3.4369140442445523,119.72783172150105,12555837701.365149,0.07847398563353218,0.0005503502748359293,0.9998899360025191,printed_shape_reconstructed_peak_density
-13.399999999999999,-3.3863711906527207,116.23231760333438,13262162298.00953,0.08288851436255956,0.0006272967008835601,0.9998745485295172,printed_shape_reconstructed_peak_density
-13.2,-3.335828337060889,112.78858887951093,13999890168.513739,0.08749931355321086,0.0007143637626937736,0.9998571374532869,printed_shape_reconstructed_peak_density
-13.0,-3.2852854834690577,109.39664555003071,14769866298.442507,0.09231166436526567,0.0008127966550001336,0.999837453881052,printed_shape_reconstructed_peak_density
-12.799999999999999,-3.2347426298772257,106.05648761489365,15572923295.987633,0.0973307705999227,0.0009239832414536832,0.9998152204255581,printed_shape_reconstructed_peak_density
-12.6,-3.1841997762853946,102.76811507409985,16409878677.068108,0.10256174173167568,0.0010494692870415593,0.9997901281687663,printed_shape_reconstructed_peak_density
-12.399999999999999,-3.1336569226935627,99.53152792764924,17281532048.08565,0.10800957530053532,0.001190975230348441,0.999761833320118,printed_shape_reconstructed_peak_density
-12.2,-3.0831140691017307,96.34672617554182,18188662191.09251,0.11367913869432819,0.0013504146507384708,0.9997299535389635,printed_shape_reconstructed_peak_density
-12.0,-3.0325712155098996,93.21370981777767,19132024056.802708,0.11957515035501692,0.0015299146026652802,0.9996940638874665,printed_shape_reconstructed_peak_density
-11.799999999999999,-2.9820283619180676,90.13247885435666,20112345671.560757,0.12570216044725474,0.0017318380086901203,0.9996536923765947,printed_shape_reconstructed_peak_density
-11.6,-2.931485508326236,87.1030332852789,21130324965.073444,0.13206453103170904,0.001958808324738553,0.9996083150636332,printed_shape_reconstructed_peak_density
-11.399999999999999,-2.880942654734404,84.12537311054432,22186626526.401943,0.13866641579001215,0.0022137367160406296,0.9995573506549335,printed_shape_reconstructed_peak_density
-11.2,-2.830399801142573,81.19949833015298,23281878296.405037,0.14551173935253148,0.0024998520105242623,0.9995001545622696,printed_shape_reconstructed_peak_density
-11.0,-2.779856947550741,78.32540894410482,24416668205.512257,0.1526041762844516,0.0028207337286790344,0.9994360123551194,printed_shape_reconstructed_peak_density
-10.799999999999999,-2.729314093958909,75.50310495239987,25591540766.384434,0.15994712978990272,0.003180348525666773,0.9993641325443177,printed_shape_reconstructed_peak_density
-10.6,-2.6787712403670776,72.73258635503815,26806993631.68778,0.16754371019804862,0.0035830904234020328,0.9992836386247347,printed_shape_reconstructed_peak_density
-10.399999999999999,-2.628228386775246,70.01385315201965,28063474127.855953,0.1753967132990997,0.004033825258230635,0.9991935602957793,printed_shape_reconstructed_peak_density
-10.2,-2.5776855331834145,67.34690534334435,29361375776.344788,0.18350859860215493,0.004537939824578504,0.9990928237684705,printed_shape_reconstructed_peak_density
-10.0,-2.527142679591583,64.73174292901227,30701034814.486485,0.19188146759054053,0.0051013962575225235,0.9989802410564028,printed_shape_reconstructed_peak_density
-9.799999999999999,-2.4765998259997506,62.168365909023336,32082726728.623398,0.20051704205389623,0.005730792268776245,0.9988544981349697,printed_shape_reconstructed_peak_density
-9.6,-2.426056972407919,59.65677428337767,33506662812.738895,0.2094166425796181,0.006433427932346098,0.9987141418385134,printed_shape_reconstructed_peak_density
-9.399999999999999,-2.3755141188160875,57.19696805207521,34972986766.30214,0.21858116728938837,0.007217379809498508,0.9985575653484309,printed_shape_reconstructed_peak_density
-9.2,-2.324971265224256,54.78894721511596,36481771345.49668,0.22801107090935427,0.00809158330921783,0.9983829921064697,printed_shape_reconstructed_peak_density
-9.0,-2.274428411632425,52.43271177249994,38033015082.410645,0.23770634426506654,0.00906592430168613,0.9981884579662655,printed_shape_reconstructed_peak_density
-8.8,-2.2238855580405934,50.12826172422711,39626639087.11763,0.2476664942944852,0.010151341140218336,0.9979717913724123,printed_shape_reconstructed_peak_density
-8.599999999999998,-2.1733427044487605,47.875597070297424,41262483947.8754,0.25789052467422124,0.011359938403315005,0.9977305913298178,printed_shape_reconstructed_peak_density
-8.399999999999999,-2.122799850856929,45.67471781071102,42940306744.90261,0.2683769171556413,0.012705113844751419,0.9974622028966642,printed_shape_reconstructed_peak_density
-8.2,-2.072256997265098,43.525623945467835,44659778193.36566,0.2791236137085354,0.01420170023739035,0.997163689901936,printed_shape_reconstructed_peak_density
-8.0,-2.0217141436732664,41.42831547456785,46420479931.30694,0.29012799957066837,0.015866124016702014,0.9968318045533197,printed_shape_reconstructed_peak_density
-7.800000000000001,-1.9711712900814347,39.38279239801106,48221901968.27611,0.3013868873017257,0.017716582872999685,0.9964629535636927,printed_shape_reconstructed_peak_density
-7.599999999999998,-1.9206284364896025,37.389054715797464,50063440310.37925,0.3128965019398703,0.019773244705988638,0.9960531603851532,printed_shape_reconstructed_peak_density
-7.399999999999999,-1.8700855828977712,35.447102427927106,51944394777.33596,0.32465246735834974,0.022058470638074652,0.9955980230998591,printed_shape_reconstructed_peak_density
-7.199999999999999,-1.8195427293059392,33.55693553439994,53863967026.93063,0.33664979391831645,0.02459706507739068,0.9950926674789647,printed_shape_reconstructed_peak_density
-7.0,-1.7689998757141077,31.71855403521599,55821258801.95537,0.34888286751222103,0.027416556116133292,0.9945316946878703,printed_shape_reconstructed_peak_density
-6.800000000000001,-1.7184570221222766,29.931957930375276,57815270414.37179,0.36134544008982367,0.030547509825694166,0.9939091230927464,printed_shape_reconstructed_peak_density
-6.599999999999998,-1.6679141685304442,28.19714721987772,59844899480.961205,0.37403062175600754,0.03402388223764283,0.9932183236170976,printed_shape_reconstructed_peak_density
-6.399999999999999,-1.6173713149386126,26.514121903723407,61908939924.190636,0.38693087452619146,0.0378834129337428,0.992451948118541,printed_shape_reconstructed_peak_density
-6.199999999999999,-1.5668284613467813,24.88288198191231,64006081251.39261,0.4000380078212038,0.042168064141368915,0.9916018503202144,printed_shape_reconstructed_peak_density
-6.0,-1.5162856077549498,23.303427454444417,66134908124.64225,0.4133431757790141,0.046924508943476585,0.9906589989600192,printed_shape_reconstructed_peak_density
-5.799999999999997,-1.4657427541631174,21.775758321319703,68293900232.91508,0.4268368764557192,0.0522046715198221,0.9896133830449488,printed_shape_reconstructed_peak_density
-5.599999999999998,-1.4151999005712856,20.299874582538223,70481432477.22604,0.4405089529826628,0.05806632102965256,0.9884539094601906,printed_shape_reconstructed_peak_density
-5.399999999999999,-1.3646570469794543,18.875776238099963,72695775478.48488,0.45434859674053046,0.06457371852734183,0.9871682937435099,printed_shape_reconstructed_peak_density
-5.199999999999999,-1.314114193387623,17.503463288004912,74935096416.75891,0.4683443526047432,0.07179831274925882,0.9857429456774279,printed_shape_reconstructed_peak_density
-5.0,-1.2635713397957915,16.182935732253068,77197460209.51372,0.48248412630946075,0.07981947513053751,0.9841628525879293,printed_shape_reconstructed_peak_density
-4.799999999999997,-1.213028486203959,14.914193570844406,79480831035.21062,0.49675519397006634,0.0887252561832338,0.9824114650213066,printed_shape_reconstructed_peak_density
-4.599999999999998,-1.1624856326121276,13.69723680377898,81783074207.3772,0.5111442137961075,0.09861313326836565,0.9804705920025915,printed_shape_reconstructed_peak_density
-4.399999999999999,-1.111942779020296,12.532065431056761,84101958402.9447,0.5256372400184044,0.10959070230977015,0.9783203166226249,printed_shape_reconstructed_peak_density
-4.199999999999999,-1.0613999254284645,11.418679452677756,86435158247.2612,0.5402197390453825,0.12177624113406726,0.9759389475876243,printed_shape_reconstructed_peak_density
-4.0,-1.0108570718366332,10.357078868641963,88780257256.75609,0.5548766078547256,0.13529903733381662,0.973303028995025,printed_shape_reconstructed_peak_density
-3.799999999999997,-0.9603142182448008,9.347263678949357,91134751138.74886,0.5695921946171804,0.1502993257402477,0.9703874394218924,printed_shape_reconstructed_peak_density
-3.599999999999998,-0.9097713646529693,8.389233883599978,93496051446.37419,0.5843503215398387,0.16692761625784275,0.9671656228700286,printed_shape_reconstructed_peak_density
-3.3999999999999986,-0.8592285110611378,7.482989482593811,95861489585.04243,0.5991343099065152,0.18534310853814132,0.9636100085159393,printed_shape_reconstructed_peak_density
-3.1999999999999993,-0.8086856574693063,6.628530475930852,98228321165.27563,0.6139270072829727,0.20571078351028232,0.9596926935020551,printed_shape_reconstructed_peak_density
-3.0,-0.7581428038774749,5.825856863611104,100593730695.164,0.628710816844775,0.22819663420761954,0.9553864823175415,printed_shape_reconstructed_peak_density
-2.799999999999997,-0.7075999502856425,5.074968645634551,102954836604.08432,0.643467728775527,0.2529603578081793,0.9506663953031115,printed_shape_reconstructed_peak_density
-2.599999999999998,-0.6570570966938108,4.375865822001219,105308696587.71606,0.6581793536732254,0.28014469879551684,0.9455117726115261,printed_shape_reconstructed_peak_density
-2.3999999999999986,-0.6065142431019795,3.7285483927111014,107652313262.79674,0.6728269578924796,0.30986055341092394,0.9399090998491582,printed_shape_reconstructed_peak_density
-2.1999999999999993,-0.555971389510148,3.1330163577641903,109982640118.477,0.6873915007404813,0.3421669955170871,0.9338556536562388,printed_shape_reconstructed_peak_density
-2.0,-0.5054285359183166,2.589269717160491,112296587749.58524,0.7018536734349077,0.37704568501598157,0.9273639897771562,printed_shape_reconstructed_peak_density
-1.7999999999999972,-0.45488568232648413,2.0973084708999896,114591030355.59276,0.7161939397224547,0.41436983802869354,0.9204671485885816,printed_shape_reconstructed_peak_density
-1.5999999999999979,-0.40434282873465266,1.657132618982709,116862812487.59747,0.7303925780474843,0.4538692574308221,0.9132242118467523,printed_shape_reconstructed_peak_density
-1.3999999999999986,-0.35379997514282124,1.2687421614086378,119108756024.22461,0.7444297251514038,0.49509496703862665,0.9057255050463728,printed_shape_reconstructed_peak_density
-1.1999999999999993,-0.30325712155098977,0.9321370981777753,121325667355.98271,0.7582854209748919,0.5373896723982969,0.8980963391952087,printed_shape_reconstructed_peak_density
-1.0,-0.2527142679591583,0.6473174292901227,123510344756.32784,0.771939654727049,0.5798730621596144,0.8904978305847958,printed_shape_reconstructed_peak_density
-0.7999999999999972,-0.20217141436732589,0.4142831547456754,125659585916.47794,0.7853724119779871,0.621452724215697,0.8831232167076697,printed_shape_reconstructed_peak_density
-0.5999999999999979,-0.15162856077549444,0.23303427454444248,127770195619.8985,0.7985637226243656,0.6608704939192117,0.8761884384582452,printed_shape_reconstructed_peak_density
-0.3999999999999986,-0.10108570718366294,0.10357078868641885,129838993531.35356,0.8114937095709598,0.6967887678920903,0.8699167569495989,printed_shape_reconstructed_peak_density
-0.1999999999999993,-0.05054285359183147,0.025892697171604712,131862822074.48978,0.8241426379655611,0.7279114019540723,0.8645187542064876,printed_shape_reconstructed_peak_density
0.0,0.0,0.0,133838554371.106,0.8364909648194125,0.7531215393427618,0.8601707973628551,printed_shape_reconstructed_peak_density
0.20000000000000284,0.05054285359183237,0.025892697171605628,135763102214.55896,0.8485193888409935,0.7716090207614009,0.8569961916993517,printed_shape_reconstructed_peak_density
0.40000000000000213,0.10108570718366384,0.1035707886864207,137633424049.17404,0.8602089003073378,0.7829584029719414,0.8550531223308088,printed_shape_reconstructed_peak_density
0.6000000000000014,0.15162856077549533,0.23303427454444522,139446532927.07697,0.8715408307942311,0.787177522406732,0.8543319124114407,printed_shape_reconstructed_peak_density
0.8000000000000007,0.20217141436732683,0.4142831547456793,141199504413.53528,0.8824969025845955,0.7846630326807044,0.8547616622258081,printed_shape_reconstructed_peak_density
1.0,0.2527142679591583,0.6473174292901227,142889484411.7087,0.8930592775731795,0.7761162999909462,0.8562239955750697,printed_shape_reconstructed_peak_density
1.2000000000000028,0.30325712155099066,0.9321370981777809,144513696877.65314,0.903210605485332,0.762433482704913,0.8585703158354295,printed_shape_reconstructed_peak_density
1.4000000000000021,0.35379997514282213,1.268742161408644,146069451396.50592,0.912934071228162,0.7445946818621441,0.8616389596477114,printed_shape_reconstructed_peak_density
1.6000000000000014,0.40434282873465366,1.6571326189827171,147554150591.00748,0.9222134411937968,0.7235706788411657,0.8652696073914918,printed_shape_reconstructed_peak_density
1.8000000000000007,0.454885682326485,2.097308470899998,148965297333.8762,0.9310331083367261,0.700256425087624,0.8693136514897211,printed_shape_reconstructed_peak_density
2.0,0.5054285359183166,2.589269717160491,150300501736.06198,0.9393781358503874,0.675432129701995,0.8736404032317169,printed_shape_reconstructed_peak_density
2.200000000000003,0.5559713895101489,3.133016357764201,151557487883.5472,0.9472342992721701,0.6497475210695943,0.8781397721591133,printed_shape_reconstructed_peak_density
2.400000000000002,0.6065142431019804,3.7285483927111125,152734100296.14584,0.9545881268509115,0.6237227444081189,0.8827223662015646,printed_shape_reconstructed_peak_density
2.6000000000000014,0.6570570966938118,4.3758658220012325,153828310082.6686,0.9614269380166788,0.5977594790310641,0.8873179585433529,printed_shape_reconstructed_peak_density
2.8000000000000007,0.7075999502856434,5.074968645634563,154838220767.86804,0.9677388797991753,0.572157116398425,0.8918730980530393,printed_shape_reconstructed_peak_density
3.0,0.7581428038774749,5.825856863611104,155762073767.7507,0.9735129610484419,0.5471303996037803,0.8963484200595065,printed_shape_reconstructed_peak_density
3.200000000000003,0.8086856574693073,6.6285304759308685,156598253491.1383,0.9787390843196144,0.5228263211780043,0.9007160109466295,printed_shape_reconstructed_peak_density
3.400000000000002,0.8592285110611387,7.482989482593827,157345292046.7673,0.9834080752922957,0.4993391319896994,0.9049570215608204,printed_shape_reconstructed_peak_density
3.6000000000000014,0.90977136465297,8.389233883599992,158001873536.73416,0.9875117096045886,0.4767230215745838,0.9090596146199316,printed_shape_reconstructed_peak_density
3.8000000000000007,0.9603142182448016,9.347263678949371,158566837918.71017,0.9910427369919386,0.4550024548564692,0.913017262633889,printed_shape_reconstructed_peak_density
4.0,1.0108570718366332,10.357078868641963,159039184421.06046,0.9939949026316278,0.4341803737325505,0.9168273744753345,printed_shape_reconstructed_peak_density
4.200000000000003,1.0613999254284656,11.41867945267778,159418074496.7941,0.9963629656049631,0.4142445660962441,0.9204902106171748,printed_shape_reconstructed_peak_density
4.400000000000002,1.1119427790202971,12.53206543105679,159702834304.14215,0.9981427144008884,0.3951725230831105,0.9240080413518105,printed_shape_reconstructed_peak_density
4.600000000000001,1.1624856326121284,13.697236803778999,159892956703.4922,0.9993309793968261,0.3769350836920593,0.9273845035410457,printed_shape_reconstructed_peak_density
4.800000000000001,1.21302848620396,14.914193570844429,159988102762.39532,0.9999256422649708,0.3594991268315044,0.9306241160719141,printed_shape_reconstructed_peak_density
5.0,1.2635713397957915,16.182935732253068,159988102762.39532,0.9999256422649708,0.34282952710932163,0.9337319200795334,printed_shape_reconstructed_peak_density
5.200000000000003,1.3141141933876237,17.50346328800493,159892956703.4922,0.9993309793968261,0.3268905490231374,0.9367132159583347,printed_shape_reconstructed_peak_density
5.400000000000002,1.3646570469794552,18.875776238099988,159702834304.14215,0.9981427144008884,0.31164681760725543,0.9395733746275499,printed_shape_reconstructed_peak_density
5.600000000000001,1.4151999005712868,20.29987458253825,159418074496.7941,0.9963629656049631,0.29706397296188536,0.9423177052078663,printed_shape_reconstructed_peak_density
5.800000000000001,1.4657427541631183,21.775758321319728,159039184421.06046,0.9939949026316278,0.2831090912572191,0.9449513651604678,printed_shape_reconstructed_peak_density
6.0,1.5162856077549498,23.303427454444417,158566837918.71017,0.9910427369919386,0.2697509351098481,0.9474793020919714,printed_shape_reconstructed_peak_density
6.200000000000003,1.566828461346782,24.88288198191233,158001873536.73413,0.9875117096045883,0.2569600808538662,0.9499062189351316,printed_shape_reconstructed_peak_density
6.400000000000002,1.6173713149386135,26.51412190372344,157345292046.7673,0.9834080752922957,0.2447089583657343,0.9522365561820515,printed_shape_reconstructed_peak_density
6.600000000000001,1.667914168530445,28.19714721987775,156598253491.1383,0.9787390843196144,0.23297183002920385,0.95447448637511,printed_shape_reconstructed_peak_density
6.800000000000001,1.7184570221222766,29.931957930375276,155762073767.7507,0.9735129610484419,0.22172472853567027,0.9566239172397448,printed_shape_reconstructed_peak_density
7.0,1.7689998757141077,31.71855403521599,154838220767.86804,0.9677388797991753,0.21094536801049893,0.9586885007472818,printed_shape_reconstructed_peak_density
7.200000000000003,1.81954272930594,33.55693553439997,153828310082.6686,0.9614269380166788,0.2006130390427821,0.9606716460860271,printed_shape_reconstructed_peak_density
7.399999999999999,1.8700855828977712,35.447102427927106,152734100296.14584,0.9545881268509115,0.19070849526608297,0.9625765350434738,printed_shape_reconstructed_peak_density
7.600000000000001,1.9206284364896031,37.389054715797485,151557487883.54718,0.9472342992721698,0.18121383695235113,0.9644061387000545,printed_shape_reconstructed_peak_density
7.800000000000004,1.9711712900814355,39.3827923980111,150300501736.06198,0.9393781358503874,0.17211239545746018,0.9661632346352078,printed_shape_reconstructed_peak_density
8.0,2.0217141436732664,41.42831547456785,148965297333.8762,0.9310331083367261,0.16338862115529978,0.9678504240727867,printed_shape_reconstructed_peak_density
8.200000000000003,2.072256997265099,43.52562394546787,147554150591.00748,0.9222134411937968,0.15502797661246184,0.9694701485627221,printed_shape_reconstructed_peak_density
8.399999999999999,2.122799850856929,45.67471781071102,146069451396.50592,0.912934071228162,0.14701683610744126,0.9710247059230144,printed_shape_reconstructed_peak_density
8.600000000000001,2.1733427044487614,47.875597070297474,144513696877.6531,0.9032106054853319,0.13934239212682523,0.9725162652609244,printed_shape_reconstructed_peak_density
8.800000000000004,2.2238855580405943,50.12826172422716,142889484411.7087,0.8930592775731795,0.13199256913101676,0.9739468809625793,printed_shape_reconstructed_peak_density
9.0,2.274428411632425,52.43271177249994,141199504413.53528,0.8824969025845955,0.12495594463970629,0.9753185055921063,printed_shape_reconstructed_peak_density
9.200000000000003,2.324971265224257,54.788947215115996,139446532927.07693,0.8715408307942308,0.11822167751724053,0.9766330016794034,printed_shape_reconstructed_peak_density
9.399999999999999,2.3755141188160875,57.19696805207521,137633424049.17404,0.8602089003073378,0.11177944322124801,0.977892152403212,printed_shape_reconstructed_peak_density
9.600000000000001,2.42605697240792,59.656774283377715,135763102214.55893,0.8485193888409933,0.10561937570021827,0.9790976711958621,printed_shape_reconstructed_peak_density
9.800000000000004,2.476599825999753,62.16836590902344,133838554371.10597,0.8364909648194123,0.09973201557668238,0.9802512103098932,printed_shape_reconstructed_peak_density
10.0,2.527142679591583,64.73174292901227,131862822074.48978,0.8241426379655611,0.09410826422433319,0.9813543683961985,printed_shape_reconstructed_peak_density
10.200000000000003,2.5776855331834154,67.34690534334439,129838993531.35353,0.8114937095709596,0.08873934333409322,0.982408697149503,printed_shape_reconstructed_peak_density
10.399999999999999,2.628228386775246,70.01385315201965,127770195619.8985,0.7985637226243656,0.08361675956147198,0.9834157070807136,printed_shape_reconstructed_peak_density
10.600000000000001,2.6787712403670776,72.73258635503815,125659585916.47789,0.7853724119779868,0.07873227385239426,0.9843768724776027,printed_shape_reconstructed_peak_density
10.800000000000004,2.7293140939589104,75.50310495239995,123510344756.32779,0.7719396547270487,0.07407787505474268,0.985293635615866,printed_shape_reconstructed_peak_density
11.0,2.779856947550741,78.32540894410482,121325667355.98271,0.7582854209748919,0.06964575743641413,0.9861674102821896,printed_shape_reconstructed_peak_density
11.200000000000003,2.8303998011425735,81.199498330153,119108756024.22458,0.7444297251514036,0.06542830174655462,0.9869995846698405,printed_shape_reconstructed_peak_density
11.399999999999999,2.880942654734404,84.12537311054432,116862812487.59747,0.7303925780474843,0.06141805947391866,0.9877915237056304,printed_shape_reconstructed_peak_density
11.600000000000001,2.9314855083262366,87.10303328527891,114591030355.59271,0.7161939397224545,0.057607739974362054,0.9885445708650686,printed_shape_reconstructed_peak_density
11.800000000000004,2.9820283619180685,90.13247885435672,112296587749.58519,0.7018536734349075,0.053990200157908466,0.9892600495302026,printed_shape_reconstructed_peak_density
12.0,3.0325712155098996,93.21370981777767,109982640118.477,0.6873915007404813,0.050558436444289666,0.9899392639421383,printed_shape_reconstructed_peak_density
12.200000000000003,3.083114069101732,96.3467261755419,107652313262.79669,0.6728269578924794,0.04730557871416406,0.990583499797588,printed_shape_reconstructed_peak_density
12.399999999999999,3.1336569226935627,99.53152792764924,105308696587.71606,0.6581793536732254,0.044224886001210176,0.9911940245360648,printed_shape_reconstructed_peak_density
12.600000000000001,3.184199776285395,102.7681150740999,102954836604.08427,0.6434677287755267,0.041309743687876294,0.99177208736156,printed_shape_reconstructed_peak_density
12.800000000000004,3.234742629877227,106.05648761489375,100593730695.16396,0.6287108168447747,0.038553661984697105,0.9923189190397328,printed_shape_reconstructed_peak_density
13.0,3.2852854834690577,109.39664555003071,98228321165.27563,0.6139270072829727,0.035950275489699514,0.9928357315088289,printed_shape_reconstructed_peak_density
13.200000000000003,3.33582833706089,112.788588879511,95861489585.04237,0.5991343099065148,0.0334933436405118,0.9933237173397539,printed_shape_reconstructed_peak_density
13.400000000000006,3.3863711906527225,116.23231760333451,93496051446.3741,0.5843503215398381,0.031176751887329022,0.993784049077956,printed_shape_reconstructed_peak_density
13.600000000000001,3.436914044244553,119.7278317215011,91134751138.74883,0.5695921946171801,0.02899451342986605,0.9942178784970559,printed_shape_reconstructed_peak_density
13.800000000000004,3.4874568978363856,123.27513123401103,88780257256.75604,0.5548766078547253,0.02694077137584551,0.9946263357914912,printed_shape_reconstructed_peak_density
14.0,3.5379997514282153,126.87421614086396,86435158247.2612,0.5402197390453825,0.025009801192404642,0.9950105287328432,printed_shape_reconstructed_peak_density
14.200000000000003,3.5885426050200486,130.52508644206037,84101958402.94467,0.5256372400184042,0.02319601333505811,0.9953715418119878,printed_shape_reconstructed_peak_density
14.400000000000006,3.63908545861188,134.22774213759988,81783074207.37712,0.511144213796107,0.02149395595152315,0.9957104353867667,printed_shape_reconstructed_peak_density
14.600000000000001,3.6896283122037117,137.98218322748258,79480831035.21059,0.4967551939700662,0.01989831756977844,0.996028244852529,printed_shape_reconstructed_peak_density
14.800000000000004,3.740171165795543,141.78840971170848,77197460209.51367,0.48248412630946047,0.018403929691195416,0.9963259798506366,printed_shape_reconstructed_peak_density
15.0,3.790714019387374,145.64642159027755,74935096416.75891,0.4683443526047432,0.01700576922043612,0.996604623527882,printed_shape_reconstructed_peak_density
15.200000000000003,3.8412568729792063,149.55621886318994,72695775478.48485,0.4543485967405303,0.015698960674048072,0.9968651318577295,printed_shape_reconstructed_peak_density
15.400000000000006,3.8917997265710396,153.5178015304456,70481432477.22595,0.4405089529826622,0.014478778119309097,0.997108433032371,printed_shape_reconstructed_peak_density
15.600000000000001,3.9423425801628693,157.53116959204425,68293900232.91504,0.426836876455719,0.013340646803866757,0.9973354269327827,printed_shape_reconstructed_peak_density
15.800000000000004,3.9928854337547026,161.59632304798632,66134908124.64221,0.4133431757790138,0.012280144445090076,0.9975469846822895,printed_shape_reconstructed_peak_density
16.0,4.043428287346533,165.7132618982714,64006081251.39261,0.4000380078212038,0.011293002155798,0.9977439482875874,printed_shape_reconstructed_peak_density
16.200000000000003,4.093971140938364,169.88198614289976,61908939924.1906,0.38693087452619124,0.010375104990155303,0.9979271303697383,printed_shape_reconstructed_peak_density
16.400000000000006,4.144513994530198,174.10249578187148,59844899480.961136,0.3740306217560071,0.009522492100041878,0.9980973139863499,printed_shape_reconstructed_peak_density
16.6,4.195056848122028,178.37479081518617,57815270414.37179,0.36134544008982367,0.00873135649810783,0.99825525254496,printed_shape_reconstructed_peak_density
16.800000000000004,4.245599701713861,182.69887124284432,55821258801.95533,0.3488828675122208,0.007998044429042063,0.998401669806592,printed_shape_reconstructed_peak_density
17.0,4.296142555305691,187.0747370648454,53863967026.93063,0.33664979391831645,0.007319054355317141,0.9985372599774994,printed_shape_reconstructed_peak_density
17.200000000000003,4.346685408897523,191.5023882811899,51944394777.33592,0.3246524673583495,0.00669103556784352,0.9986626878862944,printed_shape_reconstructed_peak_density
17.400000000000006,4.397228262489357,195.98182489187775,50063440310.379196,0.31289650193986995,0.006110786435596353,0.9987785892429413,printed_shape_reconstructed_peak_density
17.6,4.447771116081187,200.51304689690843,48221901968.27611,0.3013868873017257,0.005575252311381976,0.9988855709754907,printed_shape_reconstructed_peak_density
17.800000000000004,4.498313969673018,205.09605429628246,46420479931.306915,0.2901279995706682,0.005081523113519773,0.9989842116399309,printed_shape_reconstructed_peak_density
18.0,4.54885682326485,209.73084708999977,44659778193.36566,0.2791236137085354,0.004626830605348942,0.9990750618981242,printed_shape_reconstructed_peak_density
18.200000000000003,4.599399676856681,214.41742527806022,42940306744.902565,0.26837691715564105,0.004208545396157537,0.9991586450584883,printed_shape_reconstructed_peak_density
18.400000000000006,4.649942530448514,219.15578886046399,41262483947.87534,0.2578905246742209,0.003824173688402553,0.9992354576738539,printed_shape_reconstructed_peak_density
18.6,4.700485384040344,223.94593783721078,39626639087.11763,0.2476664942944852,0.0034713537969717507,0.9993059701907846,printed_shape_reconstructed_peak_density
18.800000000000004,4.751028237632177,228.787872208301,38033015082.410614,0.23770634426506634,0.0031478524667630813,0.9993706276445676,printed_shape_reconstructed_peak_density
19.0,4.801571091224007,233.68159197373416,36481771345.49668,0.22801107090935427,0.0028515610150549736,0.9994298503940816,printed_shape_reconstructed_peak_density
19.200000000000003,4.85211394481584,238.62709713351086,34972986766.30211,0.21858116728938817,0.0025804913250415265,0.9994840348907931,printed_shape_reconstructed_peak_density
19.400000000000006,4.902656798407672,243.62438768763062,33506662812.738853,0.20941664257961784,0.0023327717165425236,0.999533554476245,printed_shape_reconstructed_peak_density
19.6,4.953199651999503,248.67346363609352,32082726728.623383,0.20051704205389614,0.002106642719297611,0.9995787602025472,printed_shape_reconstructed_peak_density
19.800000000000004,5.003742505591335,253.77432497889973,30701034814.48646,0.1918814675905404,0.0019004527734485341,0.9996199816705742,printed_shape_reconstructed_peak_density
20.0,5.054285359183166,258.9269717160491,29361375776.344788,0.18350859860215493,0.0017126538808307484,0.9996575278808026,printed_shape_reconstructed_peak_density
20.200000000000003,5.104828212774998,264.13140384754166,28063474127.85593,0.17539671329909956,0.0015417972295636907,0.9996916880919748,printed_shape_reconstructed_peak_density
20.400000000000006,5.155371066366831,269.38762137337756,26806993631.687744,0.1675437101980484,0.001386528813175365,0.9997227326830541,printed_shape_reconstructed_peak_density
20.6,5.205913919958661,274.6956242935564,25591540766.384426,0.15994712978990266,0.0012455850641449751,0.9997509140142375,printed_shape_reconstructed_peak_density
20.800000000000004,5.256456773550494,280.05541260807877,24416668205.512234,0.15260417628445147,0.0011177885203226222,0.999776467283097,printed_shape_reconstructed_peak_density
21.0,5.306999627142324,285.4669863169441,23281878296.405037,0.14551173935253148,0.0010020435412084556,0.999799611372242,printed_shape_reconstructed_peak_density
21.200000000000003,5.357542480734155,290.9303454201526,22186626526.40191,0.13866641579001193,0.0008973320895658967,0.999820549685221,printed_shape_reconstructed_peak_density
21.400000000000006,5.408085334325989,296.4454899177047,21130324965.07341,0.13206453103170882,0.0008027095923236237,0.9998394709676994,printed_shape_reconstructed_peak_density
21.6,5.458628187917818,302.01241980959946,20112345671.56074,0.12570216044725463,0.0007173008932051619,0.9998565501112783,printed_shape_reconstructed_peak_density
21.800000000000004,5.509171041509651,307.6311350958379,19132024056.802673,0.1195751503550167,0.0006402963080288514,0.9998719489376314,printed_shape_reconstructed_peak_density
22.0,5.559713895101482,313.3016357764193,18188662191.09251,0.11367913869432819,0.0005709477921577939,0.9998858169609479,printed_shape_reconstructed_peak_density
22.200000000000003,5.610256748693315,319.0239218513441,17281532048.08562,0.10800957530053514,0.0005085652281605379,0.9998982921269643,printed_shape_reconstructed_peak_density
22.400000000000006,5.660799602285147,324.797993320612,16409878677.068071,0.10256174173167544,0.0004525128403792262,0.9999095015271581,printed_shape_reconstructed_peak_density
22.6,5.711342455876978,330.6238501842231,15572923295.98762,0.09733077059992262,0.0004022057418003553,0.9999195620869423,printed_shape_reconstructed_peak_density
22.800000000000004,5.761885309468809,336.5014924421773,14769866298.44248,0.0923116643652655,0.0003571066173915286,0.9999285812269637,printed_shape_reconstructed_peak_density
23.0,5.812428163060641,342.43092009447486,13999890168.513739,0.08749931355321086,0.000316722546910632,0.9999366574968389,printed_shape_reconstructed_peak_density
23.200000000000003,5.862971016652473,348.41213314111565,13262162298.009508,0.08288851436255942,0.0002806019691156586,0.9999438811808967,printed_shape_reconstructed_peak_density
23.400000000000006,5.913513870244304,354.4451315820996,12555837701.36512,0.078473985633532,0.0002483317883069085,0.9999503348756917,printed_shape_reconstructed_peak_density
23.6,5.964056723836135,360.52991541742665,11880061624.102665,0.07425038515064165,0.00021953462321960346,0.999956094039251,printed_shape_reconstructed_peak_density
23.800000000000004,6.014599577427968,366.6664846470971,11233972041.40055,0.07021232525875344,0.00019386619745494972,0.9999612275121813,printed_shape_reconstructed_peak_density
24.0,6.065142431019799,372.8548392711107,10616702043.95115,0.0663543877746947,0.00017101286989059346,0.9999657980109232,printed_shape_reconstructed_peak_density
24.200000000000003,6.11568528461163,379.0949792894674,10027382108.891388,0.06267113818057117,0.0001506893028460143,0.9999698625935716,printed_shape_reconstructed_peak_density
24.400000000000006,6.166228138203464,385.3869047021676,9465142254.176912,0.059157139088605704,0.00013263626519270373,0.9999734730988059,printed_shape_reconstructed_peak_density
24.6,6.216770991795294,391.73061550921057,8929114075.330563,0.05580696297081602,0.00011661856709018087,0.9999766765585777,printed_shape_reconstructed_peak_density
24.800000000000004,6.267313845387126,398.12611171059706,8418432664.030854,0.052615204150192836,0.00010242312259389736,0.9999795155852897,printed_shape_reconstructed_peak_density
25.0,6.317856698978956,404.57339330632647,7932238408.5143,0.04957649005321438,8.985713601622039e-05,0.9999820287342819,printed_shape_reconstructed_peak_density
