magnetic_field_g,loss_rate_s,survival,excess_ratio,partial_wave,parameter_status
319.8,0.05466215782198633,0.9891271102889473,1.81,3,printed_energy_and_delta_mu_reconstructed_gamma_m
319.82,0.05534570085504306,0.9889918973425356,1.81,3,printed_energy_and_delta_mu_reconstructed_gamma_m
319.84000000000003,0.056056239551001454,0.9888513639256049,1.81,3,printed_energy_and_delta_mu_reconstructed_gamma_m
319.86,0.05679629867996309,0.9887050130608895,1.81,3,printed_energy_and_delta_mu_reconstructed_gamma_m
319.88,0.05756887248099329,0.9885522553448468,1.81,3,printed_energy_and_delta_mu_reconstructed_gamma_m
319.90000000000003,0.058377575270278106,0.988392379281167,1.81,3,printed_energy_and_delta_mu_reconstructed_gamma_m
319.92,0.05922686523362598,0.9882245071932639,1.81,3,printed_energy_and_delta_mu_reconstructed_gamma_m
319.94,0.06012238983191438,0.9880475271717687,1.81,3,printed_energy_and_delta_mu_reconstructed_gamma_m
319.96000000000004,0.06107154034560727,0.9878599838094262,1.81,3,printed_energy_and_delta_mu_reconstructed_gamma_m
319.98,0.062084372666715085,0.987659896771506,1.81,3,printed_energy_and_delta_mu_reconstructed_gamma_m
320.0,0.06317514662380262,0.9874444575331398,1.81,3,printed_energy_and_delta_mu_reconstructed_gamma_m
320.02000000000004,0.06436468696343858,0.9872095644726477,1.81,3,printed_energy_and_delta_mu_reconstructed_gamma_m
320.04,0.06568267182352354,0.9869493733150138,1.81,3,printed_energy_and_delta_mu_reconstructed_gamma_m
320.06,0.06716583343974529,0.9866566556463902,1.81,3,printed_energy_and_delta_mu_reconstructed_gamma_m
320.08,0.06885189638141337,0.9863239986929515,1.81,3,printed_energy_and_delta_mu_reconstructed_gamma_m
320.1,0.07078308957313109,0.9859431158153078,1.81,3,printed_energy_and_delta_mu_reconstructed_gamma_m
320.12,0.07301851443267994,0.9855024139879918,1.81,3,printed_energy_and_delta_mu_reconstructed_gamma_m
320.14,0.07563534431122124,0.9849867705024301,1.81,3,printed_energy_and_delta_mu_reconstructed_gamma_m
320.16,0.07859964380472192,0.9844029844142288,1.81,3,printed_energy_and_delta_mu_reconstructed_gamma_m
320.18,0.08170188905472804,0.9837924019549714,1.81,3,printed_energy_and_delta_mu_reconstructed_gamma_m
320.2,0.0848917550529791,0.983164968932512,1.81,3,printed_energy_and_delta_mu_reconstructed_gamma_m
320.22,0.08822021275803188,0.9825107021233772,1.81,3,printed_energy_and_delta_mu_reconstructed_gamma_m
320.24,0.09189445290330031,0.981788971284118,1.81,3,printed_energy_and_delta_mu_reconstructed_gamma_m
320.26,0.0965936506742866,0.9808666806455301,1.81,3,printed_energy_and_delta_mu_reconstructed_gamma_m
320.28000000000003,0.10222135340410249,0.9797632964945634,1.81,3,printed_energy_and_delta_mu_reconstructed_gamma_m
320.3,0.10811418106709164,0.9786092614297671,1.81,3,printed_energy_and_delta_mu_reconstructed_gamma_m
320.32,0.11405234466454967,0.9774477229283866,1.81,3,printed_energy_and_delta_mu_reconstructed_gamma_m
320.34000000000003,0.12017457383072282,0.976251623565722,1.81,3,printed_energy_and_delta_mu_reconstructed_gamma_m
320.36,0.12623915262774446,0.9750682304095399,1.81,3,printed_energy_and_delta_mu_reconstructed_gamma_m
320.38,0.13231371556749302,0.9738843270574695,1.81,3,printed_energy_and_delta_mu_reconstructed_gamma_m
320.40000000000003,0.13957873086605807,0.9724702976937215,1.81,3,printed_energy_and_delta_mu_reconstructed_gamma_m
320.42,0.1481007044811595,0.9708142361422226,1.81,3,printed_energy_and_delta_mu_reconstructed_gamma_m
320.44,0.15503941169499444,0.9694679313710252,1.81,3,printed_energy_and_delta_mu_reconstructed_gamma_m
320.46000000000004,0.16041585258792046,0.9684260342351318,1.81,3,printed_energy_and_delta_mu_reconstructed_gamma_m
320.48,0.16811223689518914,0.9669365051415426,1.81,3,printed_energy_and_delta_mu_reconstructed_gamma_m
320.5,0.17930674024969137,0.9647740520136489,1.81,3,printed_energy_and_delta_mu_reconstructed_gamma_m
320.52,0.1920930512514157,0.962310023724574,1.81,3,printed_energy_and_delta_mu_reconstructed_gamma_m
320.54,0.20534652682186683,0.9597626109453002,1.81,3,printed_energy_and_delta_mu_reconstructed_gamma_m
320.56,0.21948496394134437,0.9570525357090085,1.81,3,printed_energy_and_delta_mu_reconstructed_gamma_m
320.58,0.23764245554871644,0.9535833040990237,1.81,3,printed_energy_and_delta_mu_reconstructed_gamma_m
320.6,0.2601852724107358,0.9492936906050641,1.81,3,printed_energy_and_delta_mu_reconstructed_gamma_m
320.62,0.2808215145682972,0.9453837938173175,1.81,3,printed_energy_and_delta_mu_reconstructed_gamma_m
320.64,0.29203190889628255,0.9432665432016879,1.81,3,printed_energy_and_delta_mu_reconstructed_gamma_m
320.66,0.29438350420794496,0.9428230112744955,1.81,3,printed_energy_and_delta_mu_reconstructed_gamma_m
320.68,0.2945570939001779,0.9427902789714264,1.81,3,printed_energy_and_delta_mu_reconstructed_gamma_m
320.7,0.2976667571482406,0.9422041092131465,1.81,3,printed_energy_and_delta_mu_reconstructed_gamma_m
320.72,0.3050420710008326,0.9408153235342535,1.81,3,printed_energy_and_delta_mu_reconstructed_gamma_m
320.74,0.3165450478378016,0.9386533759961547,1.81,3,printed_energy_and_delta_mu_reconstructed_gamma_m
320.76,0.3320761008377744,0.9357422445642519,1.81,3,printed_energy_and_delta_mu_reconstructed_gamma_m
320.78000000000003,0.3500383075890442,0.9323866763814573,1.81,3,printed_energy_and_delta_mu_reconstructed_gamma_m
320.8,0.36815970136842735,0.9290135634011074,1.81,3,printed_energy_and_delta_mu_reconstructed_gamma_m
320.82,0.3838308708311433,0.9261063758867601,1.81,3,printed_energy_and_delta_mu_reconstructed_gamma_m
320.84000000000003,0.3951226174552497,0.9240172640381272,1.81,3,printed_energy_and_delta_mu_reconstructed_gamma_m
320.86,0.4034619196708807,0.9224774166768803,1.81,3,printed_energy_and_delta_mu_reconstructed_gamma_m
320.88,0.4119027597771779,0.9209214335517236,1.81,3,printed_energy_and_delta_mu_reconstructed_gamma_m
320.90000000000003,0.42227310869913715,0.919013357657882,1.81,3,printed_energy_and_delta_mu_reconstructed_gamma_m
320.92,0.4351572563767947,0.9166482654227781,1.81,3,printed_energy_and_delta_mu_reconstructed_gamma_m
320.94,0.4498280934557102,0.9139626079617574,1.81,3,printed_energy_and_delta_mu_reconstructed_gamma_m
320.96000000000004,0.46452814308178203,0.9112794949451837,1.81,3,printed_energy_and_delta_mu_reconstructed_gamma_m
320.98,0.47723701303421456,0.9089661696473637,1.81,3,printed_energy_and_delta_mu_reconstructed_gamma_m
321.0,0.4860535293047388,0.9073647989085909,1.81,3,printed_energy_and_delta_mu_reconstructed_gamma_m
321.02,0.48944851162698005,0.9067489105348435,1.81,3,printed_energy_and_delta_mu_reconstructed_gamma_m
321.04,0.48711104127103594,0.9071729093753255,1.81,3,printed_energy_and_delta_mu_reconstructed_gamma_m
321.06,0.4805988314475809,0.9083552192195702,1.81,3,printed_energy_and_delta_mu_reconstructed_gamma_m
321.08,0.4725541063849842,0.9098178891813644,1.81,3,printed_energy_and_delta_mu_reconstructed_gamma_m
321.1,0.46525415430643835,0.9111471847228609,1.81,3,printed_energy_and_delta_mu_reconstructed_gamma_m
321.12,0.45977952334499,0.912145370010329,1.81,3,printed_energy_and_delta_mu_reconstructed_gamma_m
321.14,0.4560894543329861,0.9128187943508559,1.81,3,printed_energy_and_delta_mu_reconstructed_gamma_m
321.16,0.4534987650109285,0.9132918828835125,1.81,3,printed_energy_and_delta_mu_reconstructed_gamma_m
321.18,0.4511194872742678,0.9137265813109424,1.81,3,printed_energy_and_delta_mu_reconstructed_gamma_m
321.2,0.4482284154927384,0.9142550639113839,1.81,3,printed_energy_and_delta_mu_reconstructed_gamma_m
321.22,0.4445400641664269,0.9149297314974116,1.81,3,printed_energy_and_delta_mu_reconstructed_gamma_m
321.24,0.44022696193906885,0.9157193090938989,1.81,3,printed_energy_and_delta_mu_reconstructed_gamma_m
321.26,0.4357040333783386,0.9165480304654873,1.81,3,printed_energy_and_delta_mu_reconstructed_gamma_m
321.28000000000003,0.43139227797216756,0.9173387575437357,1.81,3,printed_energy_and_delta_mu_reconstructed_gamma_m
321.3,0.4275856419053521,0.9180374184247508,1.81,3,printed_energy_and_delta_mu_reconstructed_gamma_m
321.32,0.4243995930665678,0.9186225872527839,1.81,3,printed_energy_and_delta_mu_reconstructed_gamma_m
321.34000000000003,0.42177101323719807,0.9191056487789679,1.81,3,printed_energy_and_delta_mu_reconstructed_gamma_m
321.36,0.4195071056068271,0.9195218970649013,1.81,3,printed_energy_and_delta_mu_reconstructed_gamma_m
321.38,0.41736657820323747,0.9199156337030678,1.81,3,printed_energy_and_delta_mu_reconstructed_gamma_m
321.40000000000003,0.4151362370120095,0.9203260703837062,1.81,3,printed_energy_and_delta_mu_reconstructed_gamma_m
321.42,0.41267405329009155,0.9207793843626468,1.81,3,printed_energy_and_delta_mu_reconstructed_gamma_m
321.44,0.40991389059673367,0.9212878248686928,1.81,3,printed_energy_and_delta_mu_reconstructed_gamma_m
321.46000000000004,0.40684523476641915,0.9218534214641046,1.81,3,printed_energy_and_delta_mu_reconstructed_gamma_m
321.48,0.40348552147638617,0.9224730622606433,1.81,3,printed_energy_and_delta_mu_reconstructed_gamma_m
321.5,0.3998573253019934,0.9231426878316489,1.81,3,printed_energy_and_delta_mu_reconstructed_gamma_m
321.52,0.3959751212124765,0.9238597318303217,1.81,3,printed_energy_and_delta_mu_reconstructed_gamma_m
321.54,0.3918411133210405,0.9246238963774098,1.81,3,printed_energy_and_delta_mu_reconstructed_gamma_m
321.56,0.3874474085191325,0.9254367583633587,1.81,3,printed_energy_and_delta_mu_reconstructed_gamma_m
321.58,0.38278141752136907,0.9263007773678498,1.81,3,printed_energy_and_delta_mu_reconstructed_gamma_m
321.6,0.37783182626909423,0.9272181934213065,1.81,3,printed_energy_and_delta_mu_reconstructed_gamma_m
321.62,0.3725933903032508,0.9281901371053978,1.81,3,printed_energy_and_delta_mu_reconstructed_gamma_m
321.64,0.36706984612559457,0.9292160835326154,1.81,3,printed_energy_and_delta_mu_reconstructed_gamma_m
321.66,0.3612750329377214,0.9302936345557377,1.81,3,printed_energy_and_delta_mu_reconstructed_gamma_m
321.68,0.3552326661047978,0.9314185492140008,1.81,3,printed_energy_and_delta_mu_reconstructed_gamma_m
321.7,0.34897518288681983,0.9325849461207933,1.81,3,printed_energy_and_delta_mu_reconstructed_gamma_m
321.72,0.3425419350226094,0.9337856284063927,1.81,3,printed_energy_and_delta_mu_reconstructed_gamma_m
321.74,0.33597692236762566,0.9350124965641393,1.81,3,printed_energy_and_delta_mu_reconstructed_gamma_m
321.76,0.3293262847036811,0.9362570099265782,1.81,3,printed_energy_and_delta_mu_reconstructed_gamma_m
321.78000000000003,0.32263582434212057,0.9375106465627778,1.81,3,printed_energy_and_delta_mu_reconstructed_gamma_m
321.8,0.3159488396804052,0.9387653092295201,1.81,3,printed_energy_and_delta_mu_reconstructed_gamma_m
321.82,0.30930448160151996,0.9400136370528352,1.81,3,printed_energy_and_delta_mu_reconstructed_gamma_m
321.84000000000003,0.302736726893254,0.9412492041634681,1.81,3,printed_energy_and_delta_mu_reconstructed_gamma_m
321.86,0.2962739432828671,0.942466608762215,1.81,3,printed_energy_and_delta_mu_reconstructed_gamma_m
321.88,0.28993893603424475,0.9436614721087876,1.81,3,printed_energy_and_delta_mu_reconstructed_gamma_m
321.90000000000003,0.28374932915847034,0.9448303741711719,1.81,3,printed_energy_and_delta_mu_reconstructed_gamma_m
321.92,0.27771813788072225,0.9459707523591285,1.81,3,printed_energy_and_delta_mu_reconstructed_gamma_m
321.94,0.2718544167055957,0.9470807848703527,1.81,3,printed_energy_and_delta_mu_reconstructed_gamma_m
321.96000000000004,0.26616390325731704,0.9481592736580181,1.81,3,printed_energy_and_delta_mu_reconstructed_gamma_m
321.98,0.26064961122948865,0.9492055359163027,1.81,3,printed_energy_and_delta_mu_reconstructed_gamma_m
322.0,0.2553123511895391,0.9502193082520073,1.81,3,printed_energy_and_delta_mu_reconstructed_gamma_m
322.02,0.25015117475026977,0.9512006645613542,1.81,3,printed_energy_and_delta_mu_reconstructed_gamma_m
322.04,0.24516374706546817,0.9521499468359614,1.81,3,printed_energy_and_delta_mu_reconstructed_gamma_m
322.06,0.24034665678675649,0.9530677073090358,1.81,3,printed_energy_and_delta_mu_reconstructed_gamma_m
322.08,0.2356956734930421,0.9539546601622665,1.81,3,printed_energy_and_delta_mu_reconstructed_gamma_m
322.1,0.23120596170793886,0.9548116411604901,1.81,3,printed_energy_and_delta_mu_reconstructed_gamma_m
322.12,0.2268722590084034,0.9556395738674486,1.81,3,printed_energy_and_delta_mu_reconstructed_gamma_m
322.14,0.22268902404632246,0.9564394413994837,1.81,3,printed_energy_and_delta_mu_reconstructed_gamma_m
322.16,0.21865055888782017,0.9572122629308146,1.81,3,printed_energy_and_delta_mu_reconstructed_gamma_m
322.18,0.21475110904112374,0.957959074350718,1.81,3,printed_energy_and_delta_mu_reconstructed_gamma_m
322.2,0.21098494388096134,0.9586809125909288,1.81,3,printed_energy_and_delta_mu_reconstructed_gamma_m
322.22,0.2073464198049988,0.9593788032056373,1.81,3,printed_energy_and_delta_mu_reconstructed_gamma_m
322.24,0.20383002827310137,0.960053750815719,1.81,3,printed_energy_and_delta_mu_reconstructed_gamma_m
322.26,0.2004304307909609,0.9607067320406948,1.81,3,printed_energy_and_delta_mu_reconstructed_gamma_m
322.28000000000003,0.1971424828354595,0.9613386905496807,1.81,3,printed_energy_and_delta_mu_reconstructed_gamma_m
322.3,0.19396124863595032,0.9619505338746692,1.81,3,printed_energy_and_delta_mu_reconstructed_gamma_m
322.32,0.19088200860459392,0.9625431316494371,1.81,3,printed_energy_and_delta_mu_reconstructed_gamma_m
322.34000000000003,0.1879002610479835,0.9631173149655762,1.81,3,printed_energy_and_delta_mu_reconstructed_gamma_m
322.36,0.18501171959939647,0.9636738765720498,1.81,3,printed_energy_and_delta_mu_reconstructed_gamma_m
322.38,0.18221230760055293,0.9642135716834583,1.81,3,printed_energy_and_delta_mu_reconstructed_gamma_m
322.40000000000003,0.17949815044779746,0.9647371192021004,1.81,3,printed_energy_and_delta_mu_reconstructed_gamma_m
322.42,0.1768655667118494,0.9652452031976244,1.81,3,printed_energy_and_delta_mu_reconstructed_gamma_m
322.44,0.17431105865247543,0.9657384745236208,1.81,3,printed_energy_and_delta_mu_reconstructed_gamma_m
322.46,0.17183130258533938,0.9662175524817417,1.81,3,printed_energy_and_delta_mu_reconstructed_gamma_m
322.48,0.169423139419836,0.9666830264704249,1.81,3,printed_energy_and_delta_mu_reconstructed_gamma_m
322.5,0.16708356557512136,0.9671354575767404,1.81,3,printed_energy_and_delta_mu_reconstructed_gamma_m
322.52,0.16480972439433184,0.9675753800867184,1.81,3,printed_energy_and_delta_mu_reconstructed_gamma_m
322.54,0.16259889811232314,0.9680033029020713,1.81,3,printed_energy_and_delta_mu_reconstructed_gamma_m
322.56,0.16044850038602934,0.9684197108602465,1.81,3,printed_energy_and_delta_mu_reconstructed_gamma_m
322.58,0.15835606936595503,0.9688250659607803,1.81,3,printed_energy_and_delta_mu_reconstructed_gamma_m
322.6,0.15631926126903647,0.9692198085045719,1.81,3,printed_energy_and_delta_mu_reconstructed_gamma_m
322.62,0.15433584440363762,0.9696043581546486,1.81,3,printed_energy_and_delta_mu_reconstructed_gamma_m
322.64,0.1524036935947619,0.969979114927625,1.81,3,printed_energy_and_delta_mu_reconstructed_gamma_m
322.66,0.15052078495946164,0.9703444601247817,1.81,3,printed_energy_and_delta_mu_reconstructed_gamma_m
322.68,0.14868519098677405,0.9707007572109455,1.81,3,printed_energy_and_delta_mu_reconstructed_gamma_m
322.7,0.1468950758825157,0.9710483526482565,1.81,3,printed_energy_and_delta_mu_reconstructed_gamma_m
322.72,0.14514869114591508,0.9713875766906901,1.81,3,printed_energy_and_delta_mu_reconstructed_gamma_m
322.74,0.14344437135130592,0.9717187441440466,1.81,3,printed_energy_and_delta_mu_reconstructed_gamma_m
322.76,0.14178053011399488,0.9720421550950248,1.81,3,printed_energy_and_delta_mu_reconstructed_gamma_m
322.78000000000003,0.14015565622462664,0.9723580956120298,1.81,3,printed_energy_and_delta_mu_reconstructed_gamma_m
322.8,0.13856830994048772,0.972666838419596,1.81,3,printed_energy_and_delta_mu_reconstructed_gamma_m
322.82,0.13701711942555228,0.9729686435476903,1.81,3,printed_energy_and_delta_mu_reconstructed_gamma_m
322.84000000000003,0.13550077733375634,0.9732637589566618,1.81,3,printed_energy_and_delta_mu_reconstructed_gamma_m
322.86,0.13401803753167382,0.9735524211383029,1.81,3,printed_energy_and_delta_mu_reconstructed_gamma_m
322.88,0.13256771195799313,0.9738348556932676,1.81,3,printed_energy_and_delta_mu_reconstructed_gamma_m
322.90000000000003,0.13114866761801422,0.9741112778849559,1.81,3,printed_energy_and_delta_mu_reconstructed_gamma_m
322.92,0.12975982371157915,0.9743818931699509,1.81,3,printed_energy_and_delta_mu_reconstructed_gamma_m
322.94,0.1284001488928741,0.9746468977051063,1.81,3,printed_energy_and_delta_mu_reconstructed_gamma_m
322.96,0.1270686586604649,0.9749064788314141,1.81,3,printed_energy_and_delta_mu_reconstructed_gamma_m
322.98,0.12576441287547155,0.9751608155348851,1.81,3,printed_energy_and_delta_mu_reconstructed_gamma_m
323.0,0.12448651340547486,0.9754100788847453,1.81,3,printed_energy_and_delta_mu_reconstructed_gamma_m
323.02,0.1232341018912485,0.975654432449367,1.81,3,printed_energy_and_delta_mu_reconstructed_gamma_m
323.04,0.12200635763307731,0.975894032690425,1.81,3,printed_energy_and_delta_mu_reconstructed_gamma_m
323.06,0.1208024955929526,0.9761290293358718,1.81,3,printed_energy_and_delta_mu_reconstructed_gamma_m
323.08,0.11962176450856976,0.9763595657324105,1.81,3,printed_energy_and_delta_mu_reconstructed_gamma_m
323.1,0.11846344511487435,0.9765857791781825,1.81,3,printed_energy_and_delta_mu_reconstructed_gamma_m
323.12,0.11732684846856177,0.9768078012364693,1.81,3,printed_energy_and_delta_mu_reconstructed_gamma_m
323.14,0.11621131437078969,0.9770257580312386,1.81,3,printed_energy_and_delta_mu_reconstructed_gamma_m
323.16,0.11511620988333755,0.9772397705253826,1.81,3,printed_energy_and_delta_mu_reconstructed_gamma_m
323.18,0.11404092793331817,0.9774499547825237,1.81,3,printed_energy_and_delta_mu_reconstructed_gamma_m
323.2,0.11298488600155719,0.9776564222132723,1.81,3,printed_energy_and_delta_mu_reconstructed_gamma_m
323.22,0.11194752488989186,0.9778592798067972,1.81,3,printed_energy_and_delta_mu_reconstructed_gamma_m
323.24,0.11092830756265558,0.9780586303485752,1.81,3,printed_energy_and_delta_mu_reconstructed_gamma_m
323.26,0.10992671805774067,0.9782545726251625,1.81,3,printed_energy_and_delta_mu_reconstructed_gamma_m
323.28000000000003,0.10894226046287805,0.9784472016167935,1.81,3,printed_energy_and_delta_mu_reconstructed_gamma_m
323.3,0.10797445795285548,0.978636608678595,1.81,3,printed_energy_and_delta_mu_reconstructed_gamma_m
323.32,0.1070228518836107,0.9788228817111684,1.81,3,printed_energy_and_delta_mu_reconstructed_gamma_m
323.34000000000003,0.10608700093940159,0.9790061053212449,1.81,3,printed_energy_and_delta_mu_reconstructed_gamma_m
323.36,0.10516648032940593,0.979186360973092,1.81,3,printed_energy_and_delta_mu_reconstructed_gamma_m
323.38,0.1042608810303069,0.9793637271313108,1.81,3,printed_energy_and_delta_mu_reconstructed_gamma_m
323.4,0.10336980907172658,0.9795382793956111,1.81,3,printed_energy_and_delta_mu_reconstructed_gamma_m
323.42,0.10249288486147563,0.9797100906281275,1.81,3,printed_energy_and_delta_mu_reconstructed_gamma_m
323.44,0.10162974254787567,0.9798792310737915,1.81,3,printed_energy_and_delta_mu_reconstructed_gamma_m
323.46,0.10078002941653796,0.980045768474246,1.81,3,printed_energy_and_delta_mu_reconstructed_gamma_m
323.48,0.09994340531926477,0.9802097681757408,1.81,3,printed_energy_and_delta_mu_reconstructed_gamma_m
323.5,0.09911954213284552,0.9803712932314238,1.81,3,printed_energy_and_delta_mu_reconstructed_gamma_m
323.52,0.09830812324570254,0.9805304044984114,1.81,3,printed_energy_and_delta_mu_reconstructed_gamma_m
323.54,0.09750884307056147,0.9806871607299802,1.81,3,printed_energy_and_delta_mu_reconstructed_gamma_m
323.56,0.09672140658140792,0.9808416186632029,1.81,3,printed_energy_and_delta_mu_reconstructed_gamma_m
323.58,0.0959455288731417,0.9809938331023286,1.81,3,printed_energy_and_delta_mu_reconstructed_gamma_m
323.6,0.09518093474251711,0.981143856998169,1.81,3,printed_energy_and_delta_mu_reconstructed_gamma_m
323.62,0.09442735828903207,0.9812917415237418,1.81,3,printed_energy_and_delta_mu_reconstructed_gamma_m
323.64,0.09368454253452552,0.9814375361464021,1.81,3,printed_energy_and_delta_mu_reconstructed_gamma_m
323.66,0.09295223906041318,0.9815812886966632,1.81,3,printed_energy_and_delta_mu_reconstructed_gamma_m
323.68,0.09223020766151431,0.9817230454339004,1.81,3,printed_energy_and_delta_mu_reconstructed_gamma_m
323.7,0.09151821601551394,0.9818628511091185,1.81,3,printed_energy_and_delta_mu_reconstructed_gamma_m
323.72,0.09081603936723259,0.9820007490249343,1.81,3,printed_energy_and_delta_mu_reconstructed_gamma_m
323.74,0.09012346022688736,0.9821367810929297,1.81,3,printed_energy_and_delta_mu_reconstructed_gamma_m
323.76,0.08944026808159299,0.9822709878885132,1.81,3,printed_energy_and_delta_mu_reconstructed_gamma_m
323.78000000000003,0.08876625911945768,0.9824034087034107,1.81,3,printed_energy_and_delta_mu_reconstructed_gamma_m
323.8,0.08810123596562676,0.982534081595906,1.81,3,printed_energy_and_delta_mu_reconstructed_gamma_m
323.82,0.08744500742967083,0.9826630434389435,1.81,3,printed_energy_and_delta_mu_reconstructed_gamma_m
323.84000000000003,0.0867973882638116,0.9827903299661876,1.81,3,printed_energy_and_delta_mu_reconstructed_gamma_m
323.86,0.08615819893145449,0.9829159758161368,1.81,3,printed_energy_and_delta_mu_reconstructed_gamma_m
323.88,0.08552726538554153,0.9830400145743848,1.81,3,printed_energy_and_delta_mu_reconstructed_gamma_m
323.9,0.08490441885630864,0.983162478814104,1.81,3,printed_energy_and_delta_mu_reconstructed_gamma_m
323.92,0.0842894956480029,0.983283400134836,1.81,3,printed_energy_and_delta_mu_reconstructed_gamma_m
323.94,0.08368233694418005,0.9834028091996577,1.81,3,printed_energy_and_delta_mu_reconstructed_gamma_m
323.96,0.08308278862118786,0.9835207357708006,1.81,3,printed_energy_and_delta_mu_reconstructed_gamma_m
323.98,0.08249070106950625,0.9836372087437784,1.81,3,printed_energy_and_delta_mu_reconstructed_gamma_m
324.0,0.0819059290225983,0.9837522561800941,1.81,3,printed_energy_and_delta_mu_reconstructed_gamma_m
324.02,0.08132833139293547,0.9838659053385851,1.81,3,printed_energy_and_delta_mu_reconstructed_gamma_m
324.04,0.08075777111492138,0.9839781827054596,1.81,3,printed_energy_and_delta_mu_reconstructed_gamma_m
324.06,0.08019411499441241,0.9840891140230795,1.81,3,printed_energy_and_delta_mu_reconstructed_gamma_m
324.08,0.07963723356453903,0.984198724317548,1.81,3,printed_energy_and_delta_mu_reconstructed_gamma_m
324.1,0.07908700094759322,0.9843070379251418,1.81,3,printed_energy_and_delta_mu_reconstructed_gamma_m
324.12,0.07854329472271414,0.9844140785176425,1.81,3,printed_energy_and_delta_mu_reconstructed_gamma_m
324.14,0.0780059957991142,0.9845198691266115,1.81,3,printed_energy_and_delta_mu_reconstructed_gamma_m
324.16,0.07747498829463723,0.9846244321666517,1.81,3,printed_energy_and_delta_mu_reconstructed_gamma_m
324.18,0.07695015941941435,0.9847277894576961,1.81,3,printed_energy_and_delta_mu_reconstructed_gamma_m
324.2,0.07643139936438756,0.9848299622463698,1.81,3,printed_energy_and_delta_mu_reconstructed_gamma_m
324.22,0.07591860119451826,0.9849309712264577,1.81,3,printed_energy_and_delta_mu_reconstructed_gamma_m
324.24,0.07541166074647548,0.9850308365585186,1.81,3,printed_energy_and_delta_mu_reconstructed_gamma_m
324.26,0.07491047653059117,0.9851295778886842,1.81,3,printed_energy_and_delta_mu_reconstructed_gamma_m
324.28000000000003,0.07441494963693329,0.9852272143666706,1.81,3,printed_energy_and_delta_mu_reconstructed_gamma_m
324.3,0.07392498364530323,0.9853237646630432,1.81,3,printed_energy_and_delta_mu_reconstructed_gamma_m
324.32,0.07344048453897606,0.9854192469857629,1.81,3,printed_energy_and_delta_mu_reconstructed_gamma_m
324.34000000000003,0.0729613606220491,0.985513679096045,1.81,3,printed_energy_and_delta_mu_reconstructed_gamma_m
324.36,0.07248752244022565,0.9856070783235602,1.81,3,printed_energy_and_delta_mu_reconstructed_gamma_m
324.38,0.07201888270487748,0.9856994615810076,1.81,3,printed_energy_and_delta_mu_reconstructed_gamma_m
324.4,0.07155535622026245,0.9857908453780859,1.81,3,printed_energy_and_delta_mu_reconstructed_gamma_m
324.42,0.07109685981374313,0.9858812458348881,1.81,3,printed_energy_and_delta_mu_reconstructed_gamma_m
324.44,0.07064331226888597,0.9859706786947461,1.81,3,printed_energy_and_delta_mu_reconstructed_gamma_m
324.46,0.07019463426129506,0.9860591593365504,1.81,3,printed_energy_and_delta_mu_reconstructed_gamma_m
324.48,0.06975074829708426,0.986146702786566,1.81,3,printed_energy_and_delta_mu_reconstructed_gamma_m
324.5,0.06931157865385836,0.9862333237297655,1.81,3,printed_energy_and_delta_mu_reconstructed_gamma_m
324.52,0.0688770513240803,0.9863190365207062,1.81,3,printed_energy_and_delta_mu_reconstructed_gamma_m
324.54,0.06844709396074287,0.9864038551939657,1.81,3,printed_energy_and_delta_mu_reconstructed_gamma_m
324.56,0.06802163582522601,0.9864877934741569,1.81,3,printed_energy_and_delta_mu_reconstructed_gamma_m
324.58,0.06760060773723807,0.9865708647855453,1.81,3,printed_energy_and_delta_mu_reconstructed_gamma_m
324.6,0.06718394202676348,0.9866530822612799,1.81,3,printed_energy_and_delta_mu_reconstructed_gamma_m
324.62,0.06677157248791901,0.9867344587522587,1.81,3,printed_energy_and_delta_mu_reconstructed_gamma_m
324.64,0.06636343433462341,0.9868150068356463,1.81,3,printed_energy_and_delta_mu_reconstructed_gamma_m
324.66,0.0659594641580178,0.986894738823055,1.81,3,printed_energy_and_delta_mu_reconstructed_gamma_m
324.68,0.06555959988554876,0.9869736667684081,1.81,3,printed_energy_and_delta_mu_reconstructed_gamma_m
324.7,0.06516378074163214,0.987051802475498,1.81,3,printed_energy_and_delta_mu_reconstructed_gamma_m
324.72,0.06477194720984258,0.9871291575052524,1.81,3,printed_energy_and_delta_mu_reconstructed_gamma_m
324.74,0.0643840409965531,0.9872057431827231,1.81,3,printed_energy_and_delta_mu_reconstructed_gamma_m
324.76,0.06400000499595167,0.9872815706038083,1.81,3,printed_energy_and_delta_mu_reconstructed_gamma_m
324.78000000000003,0.0636197832563882,0.9873566506417212,1.81,3,printed_energy_and_delta_mu_reconstructed_gamma_m
324.8,0.06324332094798808,0.9874309939532145,1.81,3,printed_energy_and_delta_mu_reconstructed_gamma_m
324.82,0.06287056433146258,0.9875046109845756,1.81,3,printed_energy_and_delta_mu_reconstructed_gamma_m
324.84000000000003,0.06250146072808503,0.9875775119773977,1.81,3,printed_energy_and_delta_mu_reconstructed_gamma_m
324.86,0.06213595849076904,0.987649706974139,1.81,3,printed_energy_and_delta_mu_reconstructed_gamma_m
324.88,0.06177400697619263,0.9877212058234814,1.81,3,printed_energy_and_delta_mu_reconstructed_gamma_m
324.9,0.06141555651794174,0.9877920181854938,1.81,3,printed_energy_and_delta_mu_reconstructed_gamma_m
324.92,0.061060558400610566,0.9878621535366102,1.81,3,printed_energy_and_delta_mu_reconstructed_gamma_m
324.94,0.06070896483483147,0.9879316211744311,1.81,3,printed_energy_and_delta_mu_reconstructed_gamma_m
324.96,0.06036072893317551,0.9880004302223562,1.81,3,printed_energy_and_delta_mu_reconstructed_gamma_m
324.98,0.060015804686906316,0.9880685896340542,1.81,3,printed_energy_and_delta_mu_reconstructed_gamma_m
325.0,0.059674146943541076,0.9881361081977768,1.81,3,printed_energy_and_delta_mu_reconstructed_gamma_m
325.02,0.05933571138517553,0.9882029945405267,1.81,3,printed_energy_and_delta_mu_reconstructed_gamma_m
325.04,0.05900045450755617,0.9882692571320816,1.81,3,printed_energy_and_delta_mu_reconstructed_gamma_m
325.06,0.05866833359986247,0.9883349042888817,1.81,3,printed_energy_and_delta_mu_reconstructed_gamma_m
325.08,0.05833930672515562,0.9883999441777898,1.81,3,printed_energy_and_delta_mu_reconstructed_gamma_m
325.1,0.05801333270148874,0.9884643848197237,1.81,3,printed_energy_and_delta_mu_reconstructed_gamma_m
325.12,0.05769037108363615,0.98852823409317,1.81,3,printed_energy_and_delta_mu_reconstructed_gamma_m
325.14,0.05737038214541179,0.9885914997375855,1.81,3,printed_energy_and_delta_mu_reconstructed_gamma_m
325.16,0.057053326862568955,0.9886541893566851,1.81,3,printed_energy_and_delta_mu_reconstructed_gamma_m
325.18,0.05673916689624497,0.9887163104216268,1.81,3,printed_energy_and_delta_mu_reconstructed_gamma_m
325.2,0.05642786457692644,0.9887778702740958,1.81,3,printed_energy_and_delta_mu_reconstructed_gamma_m
325.22,0.05611938288892481,0.9888388761292916,1.81,3,printed_energy_and_delta_mu_reconstructed_gamma_m
325.24,0.05581368545533645,0.9888993350788203,1.81,3,printed_energy_and_delta_mu_reconstructed_gamma_m
325.26,0.05551073652345985,0.9889592540935013,1.81,3,printed_energy_and_delta_mu_reconstructed_gamma_m
325.28000000000003,0.055210500950665056,0.989018640026085,1.81,3,printed_energy_and_delta_mu_reconstructed_gamma_m
325.3,0.054912944190693626,0.98907749961389,1.81,3,printed_energy_and_delta_mu_reconstructed_gamma_m
325.32,0.054618032280359864,0.9891358394813611,1.81,3,printed_energy_and_delta_mu_reconstructed_gamma_m
325.34,0.05432573182665848,0.9891936661425511,1.81,3,printed_energy_and_delta_mu_reconstructed_gamma_m
325.36,0.05403600999424532,0.9892509860035298,1.81,3,printed_energy_and_delta_mu_reconstructed_gamma_m
325.38,0.05374883449329007,0.9893078053647223,1.81,3,printed_energy_and_delta_mu_reconstructed_gamma_m
325.4,0.05346417356767134,0.9893641304231808,1.81,3,printed_energy_and_delta_mu_reconstructed_gamma_m
325.42,0.05318199598351782,0.989419967274791,1.81,3,printed_energy_and_delta_mu_reconstructed_gamma_m
325.44,0.05290227101807571,0.9894753219164147,1.81,3,printed_energy_and_delta_mu_reconstructed_gamma_m
325.46,0.052624968448880864,0.9895302002479754,1.81,3,printed_energy_and_delta_mu_reconstructed_gamma_m
325.48,0.05235005854324179,0.9895846080744821,1.81,3,printed_energy_and_delta_mu_reconstructed_gamma_m
325.5,0.052077512048012656,0.9896385511079999,1.81,3,printed_energy_and_delta_mu_reconstructed_gamma_m
325.52,0.05180730017963974,0.9896920349695661,1.81,3,printed_energy_and_delta_mu_reconstructed_gamma_m
325.54,0.051539394614485014,0.9897450651910541,1.81,3,printed_energy_and_delta_mu_reconstructed_gamma_m
325.56,0.051273767479410676,0.9897976472169872,1.81,3,printed_energy_and_delta_mu_reconstructed_gamma_m
325.58,0.05101039134260822,0.9898497864063049,1.81,3,printed_energy_and_delta_mu_reconstructed_gamma_m
325.6,0.05074923920467679,0.9899014880340825,1.81,3,printed_energy_and_delta_mu_reconstructed_gamma_m
325.62,0.05049028448993548,0.9899527572932039,1.81,3,printed_energy_and_delta_mu_reconstructed_gamma_m
325.64,0.05023350103795569,0.9900035992959941,1.81,3,printed_energy_and_delta_mu_reconstructed_gamma_m
325.66,0.0499788630953177,0.9900540190758079,1.81,3,printed_energy_and_delta_mu_reconstructed_gamma_m
325.68,0.04972634530757957,0.9901040215885772,1.81,3,printed_energy_and_delta_mu_reconstructed_gamma_m
325.7,0.04947592271144172,0.9901536117143223,1.81,3,printed_energy_and_delta_mu_reconstructed_gamma_m
325.72,0.04922757072711632,0.9902027942586217,1.81,3,printed_energy_and_delta_mu_reconstructed_gamma_m
325.74,0.04898126515088762,0.9902515739540475,1.81,3,printed_energy_and_delta_mu_reconstructed_gamma_m
325.76,0.04873698214784869,0.9902999554615658,1.81,3,printed_energy_and_delta_mu_reconstructed_gamma_m
325.78000000000003,0.048494698244825704,0.9903479433719008,1.81,3,printed_energy_and_delta_mu_reconstructed_gamma_m
325.8,0.048254390323471834,0.9903955422068671,1.81,3,printed_energy_and_delta_mu_reconstructed_gamma_m
325.82,0.04801603561352453,0.9904427564206703,1.81,3,printed_energy_and_delta_mu_reconstructed_gamma_m
325.84,0.04777961168623099,0.9904895904011755,1.81,3,printed_energy_and_delta_mu_reconstructed_gamma_m
325.86,0.04754509644792619,0.9905360484711457,1.81,3,printed_energy_and_delta_mu_reconstructed_gamma_m
325.88,0.04731246813376748,0.9905821348894518,1.81,3,printed_energy_and_delta_mu_reconstructed_gamma_m
325.9,0.04708170530160946,0.9906278538522539,1.81,3,printed_energy_and_delta_mu_reconstructed_gamma_m
325.92,0.0468527868260285,0.9906732094941548,1.81,3,printed_energy_and_delta_mu_reconstructed_gamma_m
325.94,0.04662569189248519,0.990718205889327,1.81,3,printed_energy_and_delta_mu_reconstructed_gamma_m
325.96,0.04640039999161623,0.9907628470526147,1.81,3,printed_energy_and_delta_mu_reconstructed_gamma_m
325.98,0.046176890913661735,0.9908071369406098,1.81,3,printed_energy_and_delta_mu_reconstructed_gamma_m
326.0,0.045955144743020204,0.9908510794527032,1.81,3,printed_energy_and_delta_mu_reconstructed_gamma_m
326.02,0.045735141852920026,0.9908946784321141,1.81,3,printed_energy_and_delta_mu_reconstructed_gamma_m
326.04,0.04551686290021705,0.9909379376668946,1.81,3,printed_energy_and_delta_mu_reconstructed_gamma_m
326.06,0.04530028882030687,0.9909808608909134,1.81,3,printed_energy_and_delta_mu_reconstructed_gamma_m
326.08,0.045085400822146106,0.9910234517848165,1.81,3,printed_energy_and_delta_mu_reconstructed_gamma_m
326.1,0.04487218038338701,0.9910657139769684,1.81,3,printed_energy_and_delta_mu_reconstructed_gamma_m
326.12,0.04466060924562017,0.991107651044371,1.81,3,printed_energy_and_delta_mu_reconstructed_gamma_m
326.14,0.044450669409714184,0.9911492665135645,1.81,3,printed_energy_and_delta_mu_reconstructed_gamma_m
326.16,0.04424234313126261,0.9911905638615074,1.81,3,printed_energy_and_delta_mu_reconstructed_gamma_m
326.18,0.04403561291612783,0.9912315465164382,1.81,3,printed_energy_and_delta_mu_reconstructed_gamma_m
326.2,0.04383046151607615,0.9912722178587193,1.81,3,printed_energy_and_delta_mu_reconstructed_gamma_m
326.22,0.04362687192450975,0.9913125812216629,1.81,3,printed_energy_and_delta_mu_reconstructed_gamma_m
326.24,0.043424827372290295,0.9913526398923375,1.81,3,printed_energy_and_delta_mu_reconstructed_gamma_m
326.26,0.043224311323644224,0.9913923971123615,1.81,3,printed_energy_and_delta_mu_reconstructed_gamma_m
326.28,0.043025307472160684,0.9914318560786762,1.81,3,printed_energy_and_delta_mu_reconstructed_gamma_m
326.3,0.0428277997368678,0.9914710199443061,1.81,3,printed_energy_and_delta_mu_reconstructed_gamma_m
326.32,0.042631772258395484,0.9915098918191002,1.81,3,printed_energy_and_delta_mu_reconstructed_gamma_m
326.34,0.042437209395210514,0.991548474770462,1.81,3,printed_energy_and_delta_mu_reconstructed_gamma_m
326.36,0.04224409571993481,0.9915867718240612,1.81,3,printed_energy_and_delta_mu_reconstructed_gamma_m
326.38,0.042052416015738066,0.9916247859645322,1.81,3,printed_energy_and_delta_mu_reconstructed_gamma_m
326.4,0.04186215527279951,0.9916625201361595,1.81,3,printed_energy_and_delta_mu_reconstructed_gamma_m
326.42,0.041673298684845914,0.9916999772435481,1.81,3,printed_energy_and_delta_mu_reconstructed_gamma_m
326.44,0.04148583164575947,0.9917371601522799,1.81,3,printed_energy_and_delta_mu_reconstructed_gamma_m
326.46,0.04129973974624839,0.9917740716895591,1.81,3,printed_energy_and_delta_mu_reconstructed_gamma_m
326.48,0.041115008770589954,0.991810714644843,1.81,3,printed_energy_and_delta_mu_reconstructed_gamma_m
326.5,0.040931624693436454,0.9918470917704607,1.81,3,printed_energy_and_delta_mu_reconstructed_gamma_m
326.52,0.04074957367668191,0.9918832057822204,1.81,3,printed_energy_and_delta_mu_reconstructed_gamma_m
326.54,0.04056884206639345,0.9919190593600038,1.81,3,printed_energy_and_delta_mu_reconstructed_gamma_m
326.56,0.04038941638980324,0.9919546551483495,1.81,3,printed_energy_and_delta_mu_reconstructed_gamma_m
326.58,0.040211283352355874,0.9919899957570251,1.81,3,printed_energy_and_delta_mu_reconstructed_gamma_m
326.6,0.04003442983481617,0.9920250837615879,1.81,3,printed_energy_and_delta_mu_reconstructed_gamma_m
326.62,0.03985884289043387,0.9920599217039348,1.81,3,printed_energy_and_delta_mu_reconstructed_gamma_m
326.64,0.03968450974215883,0.992094512092842,1.81,3,printed_energy_and_delta_mu_reconstructed_gamma_m
326.66,0.03951141777991362,0.9921288574044945,1.81,3,printed_energy_and_delta_mu_reconstructed_gamma_m
326.68,0.03933955455791911,0.9921629600830042,1.81,3,printed_energy_and_delta_mu_reconstructed_gamma_m
326.7,0.039168907792066075,0.9921968225409203,1.81,3,printed_energy_and_delta_mu_reconstructed_gamma_m
326.72,0.038999465357341556,0.9922304471597283,1.81,3,printed_energy_and_delta_mu_reconstructed_gamma_m
326.74,0.038831215285304164,0.99226383629034,1.81,3,printed_energy_and_delta_mu_reconstructed_gamma_m
326.76,0.03866414576160219,0.992296992253575,1.81,3,printed_energy_and_delta_mu_reconstructed_gamma_m
326.78,0.03849824512354376,0.992329917340633,1.81,3,printed_energy_and_delta_mu_reconstructed_gamma_m
326.8,0.038333501857709555,0.992362613813556,1.81,3,printed_energy_and_delta_mu_reconstructed_gamma_m
326.82,0.03816990459761263,0.9923950839056834,1.81,3,printed_energy_and_delta_mu_reconstructed_gamma_m
326.84,0.03800744212139795,0.9924273298220986,1.81,3,printed_energy_and_delta_mu_reconstructed_gamma_m
326.86,0.03784610334958749,0.9924593537400668,1.81,3,printed_energy_and_delta_mu_reconstructed_gamma_m
326.88,0.037685877342868705,0.992491157809464,1.81,3,printed_energy_and_delta_mu_reconstructed_gamma_m
326.9,0.037526753299917906,0.9925227441532007,1.81,3,printed_energy_and_delta_mu_reconstructed_gamma_m
326.92,0.03736872055526962,0.992554114867635,1.81,3,printed_energy_and_delta_mu_reconstructed_gamma_m
326.94,0.03721176857722322,0.9925852720229795,1.81,3,printed_energy_and_delta_mu_reconstructed_gamma_m
326.96,0.03705588696578465,0.9926162176637012,1.81,3,printed_energy_and_delta_mu_reconstructed_gamma_m
326.98,0.03690106545064938,0.9926469538089138,1.81,3,printed_energy_and_delta_mu_reconstructed_gamma_m
327.0,0.036747293889222536,0.9926774824527617,1.81,3,printed_energy_and_delta_mu_reconstructed_gamma_m
