campaign,label,L,m,d,p,time,observable,mean,standard_deviation,standard_error,realizations
transition,d1,8,11,1,0.02750000000000001,101,half_chain_entropy,29.875,1.7360555546666385,0.6137883276106766,8
transition,d1,8,11,1,0.02750000000000001,101,tripartite_mutual_information,-24.5,2.4364950105649585,0.8614310721488354,8
transition,d1,8,11,1,0.06250000000000001,101,half_chain_entropy,22.958333333333332,1.030295072543753,0.3642643162093868,8
transition,d1,8,11,1,0.06250000000000001,101,tripartite_mutual_information,-15.875,0.6156039749451375,0.2176488726045501,8
transition,d1,8,11,1,0.09750000000000002,101,half_chain_entropy,15.291666666666668,1.3503379941380222,0.47741657627441797,8
transition,d1,8,11,1,0.09750000000000002,101,tripartite_mutual_information,-8.375,1.2400396819047415,0.438420234007626,8
transition,d1,8,11,1,0.1325,101,half_chain_entropy,8.375,1.8033258515820503,0.6375719691713366,8
transition,d1,8,11,1,0.1325,101,tripartite_mutual_information,-2.833333333333333,1.284832148879242,0.4542567625794979,8
transition,d1,8,11,1,0.16750000000000004,101,half_chain_entropy,4.5,1.259881576697424,0.44543540318737396,8
transition,d1,8,11,1,0.16750000000000004,101,tripartite_mutual_information,-0.125,0.2480079363809483,0.08768404680152521,8
transition,d1,8,11,1,0.2025,101,half_chain_entropy,2.041666666666667,0.6770032003863301,0.23935677693908453,8
transition,d1,8,11,1,0.2025,101,tripartite_mutual_information,-0.041666666666666664,0.1178511301977579,0.04166666666666666,8
transition,d1,8,11,1,0.23750000000000002,101,half_chain_entropy,1.2916666666666665,0.5175491695067657,0.18298126367784995,8
transition,d1,8,11,1,0.23750000000000002,101,tripartite_mutual_information,0.0,0.0,0.0,8
transition,d1,8,11,1,0.2725,101,half_chain_entropy,0.6666666666666666,0.5345224838248488,0.1889822365046136,8
transition,d1,8,11,1,0.2725,101,tripartite_mutual_information,0.0,0.0,0.0,8
transition,d1,12,11,1,0.02750000000000001,101,half_chain_entropy,43.83333333333333,1.3569339855976192,0.47974861141928277,8
transition,d1,12,11,1,0.02750000000000001,101,tripartite_mutual_information,-38.041666666666664,1.6177340609826727,0.5719553623386497,8
transition,d1,12,11,1,0.06250000000000001,101,half_chain_entropy,30.25,1.5811388300841898,0.5590169943749475,8
transition,d1,12,11,1,0.06250000000000001,101,tripartite_mutual_information,-23.791666666666668,1.859659467035116,0.6574889099191457,8
transition,d1,12,11,1,0.09750000000000002,101,half_chain_entropy,20.25,1.7343403668070776,0.6131819171274243,8
transition,d1,12,11,1,0.09750000000000002,101,tripartite_mutual_information,-13.166666666666668,1.3685817012571346,0.4838667007833708,8
transition,d1,12,11,1,0.1325,101,half_chain_entropy,11.458333333333332,2.8168286794769415,0.9958993303494466,8
transition,d1,12,11,1,0.1325,101,tripartite_mutual_information,-3.6249999999999996,1.7945021859106483,0.6344523322557509,8
transition,d1,12,11,1,0.16750000000000004,101,half_chain_entropy,4.416666666666666,1.6402671094904606,0.5799219980389809,8
transition,d1,12,11,1,0.16750000000000004,101,tripartite_mutual_information,-0.041666666666666664,0.33034373632170494,0.11679414803778917,8
transition,d1,12,11,1,0.2025,101,half_chain_entropy,2.083333333333333,0.8116219309075863,0.2869516855522369,8
transition,d1,12,11,1,0.2025,101,tripartite_mutual_information,0.0,0.0,0.0,8
transition,d1,12,11,1,0.23750000000000002,101,half_chain_entropy,1.5833333333333333,0.5270462766947298,0.18633899812498245,8
transition,d1,12,11,1,0.23750000000000002,101,tripartite_mutual_information,0.0,0.0,0.0,8
transition,d1,12,11,1,0.2725,101,half_chain_entropy,0.9583333333333333,0.5175491695067657,0.18298126367784995,8
transition,d1,12,11,1,0.2725,101,tripartite_mutual_information,0.0,0.0,0.0,8
transition,d1,16,11,1,0.02750000000000001,101,half_chain_entropy,54.125,2.196226923251032,0.7764834752276359,8
transition,d1,16,11,1,0.02750000000000001,101,tripartite_mutual_information,-42.5,1.9920476822239905,0.7042952122737641,8
transition,d1,16,11,1,0.06250000000000001,101,half_chain_entropy,39.20833333333333,2.0310096011589915,0.718070330817254,8
transition,d1,16,11,1,0.06250000000000001,101,tripartite_mutual_information,-29.0,2.771739468734333,0.9799578870122226,8
transition,d1,16,11,1,0.09750000000000002,101,half_chain_entropy,24.333333333333336,2.1306530782092468,0.7532996199788748,8
transition,d1,16,11,1,0.09750000000000002,101,tripartite_mutual_information,-14.666666666666666,2.6903708365381966,0.9511897312113416,8
transition,d1,16,11,1,0.1325,101,half_chain_entropy,12.125,1.9349541645857196,0.6841096055318566,8
transition,d1,16,11,1,0.1325,101,tripartite_mutual_information,-2.9166666666666665,2.2938842084780044,0.8110105395357665,8
transition,d1,16,11,1,0.16750000000000004,101,half_chain_entropy,4.041666666666666,1.4078859531733587,0.497762852313084,8
transition,d1,16,11,1,0.16750000000000004,101,tripartite_mutual_information,-0.08333333333333333,0.2357022603955158,0.08333333333333331,8
transition,d1,16,11,1,0.2025,101,half_chain_entropy,2.083333333333333,1.2817398889233116,0.4531634835874829,8
transition,d1,16,11,1,0.2025,101,tripartite_mutual_information,0.0,0.0,0.0,8
transition,d1,16,11,1,0.23750000000000002,101,half_chain_entropy,1.25,0.2357022603955158,0.08333333333333331,8
transition,d1,16,11,1,0.23750000000000002,101,tripartite_mutual_information,0.0,0.0,0.0,8
transition,d1,16,11,1,0.2725,101,half_chain_entropy,0.45833333333333326,0.5019802057692384,0.17747680376042346,8
transition,d1,16,11,1,0.2725,101,tripartite_mutual_information,0.0,0.0,0.0,8
transition,d1,24,11,1,0.02750000000000001,145,half_chain_entropy,76.125,2.6483747636784525,0.9363418772601769,8
transition,d1,24,11,1,0.02750000000000001,145,tripartite_mutual_information,-59.625,4.149727472405641,1.4671502179070703,8
transition,d1,24,11,1,0.06250000000000001,145,half_chain_entropy,55.33333333333333,1.2971274735120217,0.45860381629186214,8
transition,d1,24,11,1,0.06250000000000001,145,tripartite_mutual_information,-43.0,2.2182504188289744,0.7842699567619335,8
transition,d1,24,11,1,0.09750000000000002,145,half_chain_entropy,32.458333333333336,2.203442472622948,0.7790345571730699,8
transition,d1,24,11,1,0.09750000000000002,145,tripartite_mutual_information,-21.541666666666664,3.9997519764375227,1.4141258728016342,8
transition,d1,24,11,1,0.1325,145,half_chain_entropy,15.458333333333334,2.5130611195265815,0.8885012795767513,8
transition,d1,24,11,1,0.1325,145,tripartite_mutual_information,-5.791666666666666,3.1113591170990786,1.1000315652036738,8
transition,d1,24,11,1,0.16750000000000004,145,half_chain_entropy,4.583333333333333,0.9553525070351846,0.3377681180740739,8
transition,d1,24,11,1,0.16750000000000004,145,tripartite_mutual_information,-0.29166666666666663,0.5473601872653642,0.19352105008343876,8
transition,d1,24,11,1,0.2025,145,half_chain_entropy,1.5,0.816496580927726,0.28867513459481287,8
transition,d1,24,11,1,0.2025,145,tripartite_mutual_information,0.0,0.0,0.0,8
transition,d1,24,11,1,0.23750000000000002,145,half_chain_entropy,1.375,0.67700320038633,0.2393567769390845,8
transition,d1,24,11,1,0.23750000000000002,145,tripartite_mutual_information,0.0,0.0,0.0,8
transition,d1,24,11,1,0.2725,145,half_chain_entropy,0.8333333333333333,0.5345224838248488,0.1889822365046136,8
transition,d1,24,11,1,0.2725,145,tripartite_mutual_information,0.0,0.0,0.0,8
transition,d3,8,11,3,0.22750000000000004,101,half_chain_entropy,15.5,0.9759000729485333,0.3450327796711771,8
transition,d3,8,11,3,0.22750000000000004,101,tripartite_mutual_information,-10.166666666666668,0.7559289460184541,0.26726124191242423,8
transition,d3,8,11,3,0.2625,101,half_chain_entropy,13.666666666666666,1.6618979396776332,0.5875696513930031,8
transition,d3,8,11,3,0.2625,101,tripartite_mutual_information,-8.5,1.3213749452868195,0.46717659215115664,8
transition,d3,8,11,3,0.29750000000000004,101,half_chain_entropy,10.333333333333334,0.5039526306789699,0.17817416127494967,8
transition,d3,8,11,3,0.29750000000000004,101,tripartite_mutual_information,-4.875,1.2590939044874534,0.4451569190068627,8
transition,d3,8,11,3,0.3325,101,half_chain_entropy,8.083333333333332,1.4337208778404376,0.5068968775248516,8
transition,d3,8,11,3,0.3325,101,tripartite_mutual_information,-3.2916666666666665,1.8033258515820503,0.6375719691713366,8
transition,d3,8,11,3,0.36750000000000005,101,half_chain_entropy,6.416666666666667,1.4226065948847293,0.5029673851018478,8
transition,d3,8,11,3,0.36750000000000005,101,tripartite_mutual_information,-1.6666666666666667,1.5118578920369088,0.5345224838248487,8
transition,d3,8,11,3,0.4025,101,half_chain_entropy,3.541666666666667,0.9748829803606305,0.3446731831381768,8
transition,d3,8,11,3,0.4025,101,tripartite_mutual_information,-0.49999999999999994,0.7766431633476233,0.274584823682638,8
transition,d3,8,11,3,0.43750000000000006,101,half_chain_entropy,2.375,1.2010246947753895,0.4246263530240907,8
transition,d3,8,11,3,0.43750000000000006,101,tripartite_mutual_information,-0.125,0.2480079363809483,0.08768404680152521,8
transition,d3,8,11,3,0.47250000000000003,101,half_chain_entropy,1.5416666666666665,1.296362432175337,0.4583333333333333,8
transition,d3,8,11,3,0.47250000000000003,101,tripartite_mutual_information,0.0,0.0,0.0,8
transition,d3,12,11,3,0.22750000000000004,101,half_chain_entropy,22.333333333333332,1.0389249632986395,0.36731544334622646,8
transition,d3,12,11,3,0.22750000000000004,101,tripartite_mutual_information,-16.666666666666668,1.1268723396380225,0.398409536444798,8
transition,d3,12,11,3,0.2625,101,half_chain_entropy,19.083333333333336,1.840893502864544,0.6508541396588879,8
transition,d3,12,11,3,0.2625,101,tripartite_mutual_information,-13.291666666666668,1.8121065528081288,0.6406764158616032,8
transition,d3,12,11,3,0.29750000000000004,101,half_chain_entropy,15.166666666666666,1.7182493859684491,0.6074928962939559,8
transition,d3,12,11,3,0.29750000000000004,101,tripartite_mutual_information,-8.375,2.785663410198841,0.9848807437274218,8
transition,d3,12,11,3,0.3325,101,half_chain_entropy,10.875,1.9101857301868639,0.675352641570454,8
transition,d3,12,11,3,0.3325,101,tripartite_mutual_information,-4.25,2.068278940998476,0.7312470322826767,8
transition,d3,12,11,3,0.36750000000000005,101,half_chain_entropy,7.875,1.5423904349963578,0.5453173679115967,8
transition,d3,12,11,3,0.36750000000000005,101,tripartite_mutual_information,-2.708333333333333,1.2778640412565447,0.45179316450347445,8
transition,d3,12,11,3,0.4025,101,half_chain_entropy,4.208333333333333,1.3444477239891786,0.4753340512917839,8
transition,d3,12,11,3,0.4025,101,tripartite_mutual_information,-0.16666666666666669,0.5909368402852788,0.2089277235093362,8
transition,d3,12,11,3,0.43750000000000006,101,half_chain_entropy,2.583333333333333,1.0350983390135313,0.3659625273556999,8
transition,d3,12,11,3,0.43750000000000006,101,tripartite_mutual_information,0.0,0.0,0.0,8
transition,d3,12,11,3,0.47250000000000003,101,half_chain_entropy,1.625,0.6531365106831049,0.2309186278722717,8
transition,d3,12,11,3,0.47250000000000003,101,tripartite_mutual_information,0.0,0.0,0.0,8
transition,d3,16,11,3,0.22750000000000004,101,half_chain_entropy,28.75,1.9497659607212614,0.6893463662763537,8
transition,d3,16,11,3,0.22750000000000004,101,tripartite_mutual_information,-21.333333333333336,2.167582224141151,0.7663560447348133,8
transition,d3,16,11,3,0.2625,101,half_chain_entropy,23.333333333333336,1.3093073414159542,0.46291004988627565,8
transition,d3,16,11,3,0.2625,101,tripartite_mutual_information,-15.541666666666666,2.1077144772146723,0.7451895998217768,8
transition,d3,16,11,3,0.29750000000000004,101,half_chain_entropy,19.583333333333336,1.6010908979480407,0.5660711156175591,8
transition,d3,16,11,3,0.29750000000000004,101,tripartite_mutual_information,-13.083333333333334,1.7615829821994202,0.6228136361680155,8
transition,d3,16,11,3,0.3325,101,half_chain_entropy,14.166666666666668,1.8601928556785345,0.6576774912825302,8
transition,d3,16,11,3,0.3325,101,tripartite_mutual_information,-6.75,2.3418212963689147,0.8279588594947656,8
transition,d3,16,11,3,0.36750000000000005,101,half_chain_entropy,9.541666666666666,1.2336228746360844,0.43615155004100875,8
transition,d3,16,11,3,0.36750000000000005,101,tripartite_mutual_information,-3.791666666666667,1.082875361073031,0.3828542554972857,8
transition,d3,16,11,3,0.4025,101,half_chain_entropy,6.083333333333334,1.5710677796498687,0.5554563403470574,8
transition,d3,16,11,3,0.4025,101,tripartite_mutual_information,-0.9166666666666667,0.7918232927769472,0.2799518099120202,8
transition,d3,16,11,3,0.43750000000000006,101,half_chain_entropy,3.416666666666667,1.7615829821994204,0.6228136361680157,8
transition,d3,16,11,3,0.43750000000000006,101,tripartite_mutual_information,-0.20833333333333331,0.3053751271043014,0.1079664115905777,8
transition,d3,16,11,3,0.47250000000000003,101,half_chain_entropy,2.0833333333333335,0.5270462766947298,0.18633899812498245,8
transition,d3,16,11,3,0.47250000000000003,101,tripartite_mutual_information,0.0,0.0,0.0,8
transition,d3,24,11,3,0.22750000000000004,145,half_chain_entropy,42.20833333333333,1.7451747536091977,0.6170124513163129,8
transition,d3,24,11,3,0.22750000000000004,145,tripartite_mutual_information,-34.791666666666664,2.816828679476942,0.9958993303494468,8
transition,d3,24,11,3,0.2625,145,half_chain_entropy,34.83333333333333,2.672612419124244,0.9449111825230682,8
transition,d3,24,11,3,0.2625,145,tripartite_mutual_information,-26.375,2.5599944196367748,0.9050947069624418,8
transition,d3,24,11,3,0.29750000000000004,145,half_chain_entropy,26.75,2.341821296368915,0.8279588594947657,8
transition,d3,24,11,3,0.29750000000000004,145,tripartite_mutual_information,-18.0,3.720385711357068,1.3153549825650601,8
transition,d3,24,11,3,0.3325,145,half_chain_entropy,20.291666666666664,1.8208449111542113,0.6437658920830797,8
transition,d3,24,11,3,0.3325,145,tripartite_mutual_information,-11.208333333333334,2.6182358049187875,0.9256861462017465,8
transition,d3,24,11,3,0.36750000000000005,145,half_chain_entropy,12.666666666666668,2.4559613253766908,0.8683134537528794,8
transition,d3,24,11,3,0.36750000000000005,145,tripartite_mutual_information,-5.458333333333334,1.83387437903888,0.6483725046313304,8
transition,d3,24,11,3,0.4025,145,half_chain_entropy,5.833333333333334,1.414213562373095,0.49999999999999994,8
transition,d3,24,11,3,0.4025,145,tripartite_mutual_information,-0.9583333333333333,1.1606990230986765,0.4103690750748376,8
transition,d3,24,11,3,0.43750000000000006,145,half_chain_entropy,2.5833333333333335,1.3303538137808566,0.47035110155091453,8
transition,d3,24,11,3,0.43750000000000006,145,tripartite_mutual_information,0.0,0.0,0.0,8
transition,d3,24,11,3,0.47250000000000003,145,half_chain_entropy,1.0,0.7126966450997985,0.25197631533948484,8
transition,d3,24,11,3,0.47250000000000003,145,tripartite_mutual_information,0.0,0.0,0.0,8
transition,d5,8,11,5,0.42750000000000005,65,half_chain_entropy,11.333333333333334,1.6426846010152705,0.580776710364308,8
transition,d5,8,11,5,0.42750000000000005,65,tripartite_mutual_information,-7.5,1.9679979352163643,0.6957923426763075,8
transition,d5,8,11,5,0.4625,65,half_chain_entropy,8.291666666666666,1.3024701806293193,0.46049274850812955,8
transition,d5,8,11,5,0.4625,65,tripartite_mutual_information,-3.6666666666666665,1.098339294730552,0.38832158167381164,8
transition,d5,8,11,5,0.49750000000000005,65,half_chain_entropy,7.041666666666667,0.8807914910997102,0.31140681808400783,8
transition,d5,8,11,5,0.49750000000000005,65,tripartite_mutual_information,-2.75,1.0801234497346435,0.3818813079129867,8
transition,d5,8,11,5,0.5325,65,half_chain_entropy,4.666666666666667,1.4029447488244033,0.49601587276189657,8
transition,d5,8,11,5,0.5325,65,tripartite_mutual_information,-1.5833333333333333,0.8498365855987975,0.3004626062886658,8
transition,d5,8,11,5,0.5675000000000001,65,half_chain_entropy,4.125,0.5616726720040689,0.1985812775906223,8
transition,d5,8,11,5,0.5675000000000001,65,tripartite_mutual_information,-0.8749999999999999,0.35355339059327373,0.12499999999999999,8
transition,d5,8,11,5,0.6025,65,half_chain_entropy,2.75,0.6107502542086028,0.2159328231811554,8
transition,d5,8,11,5,0.6025,65,tripartite_mutual_information,-0.24999999999999997,0.5270462766947298,0.18633899812498245,8
transition,d5,8,11,5,0.6375000000000001,65,half_chain_entropy,1.25,0.6842908506285674,0.24193335039168543,8
transition,d5,8,11,5,0.6375000000000001,65,tripartite_mutual_information,-0.041666666666666664,0.1178511301977579,0.04166666666666666,8
transition,d5,8,11,5,0.6725000000000001,65,half_chain_entropy,1.125,0.5019802057692385,0.17747680376042352,8
transition,d5,8,11,5,0.6725000000000001,65,tripartite_mutual_information,-0.041666666666666664,0.1178511301977579,0.04166666666666666,8
transition,d5,12,11,5,0.42750000000000005,65,half_chain_entropy,14.166666666666668,2.3570226039551585,0.8333333333333333,8
transition,d5,12,11,5,0.42750000000000005,65,tripartite_mutual_information,-9.166666666666666,2.047065262876636,0.7237468644557459,8
transition,d5,12,11,5,0.4625,65,half_chain_entropy,11.375,1.2653815535997341,0.44737993866937037,8
transition,d5,12,11,5,0.4625,65,tripartite_mutual_information,-6.0,1.1818736805705576,0.4178554470186724,8
transition,d5,12,11,5,0.49750000000000005,65,half_chain_entropy,9.125,1.390871600660467,0.4917473702934019,8
transition,d5,12,11,5,0.49750000000000005,65,tripartite_mutual_information,-4.041666666666666,1.3266200039652027,0.4690310004307597,8
transition,d5,12,11,5,0.5325,65,half_chain_entropy,7.833333333333334,1.7366269075057588,0.6139903313441726,8
transition,d5,12,11,5,0.5325,65,tripartite_mutual_information,-2.958333333333333,1.4413122327868282,0.509580826805345,8
transition,d5,12,11,5,0.5675000000000001,65,half_chain_entropy,4.958333333333334,0.950146187582615,0.3359274061791062,8
transition,d5,12,11,5,0.5675000000000001,65,tripartite_mutual_information,-1.0833333333333333,0.8683134537528795,0.30699516567208635,8
transition,d5,12,11,5,0.6025,65,half_chain_entropy,3.0,1.6714217880746898,0.5909368402852788,8
transition,d5,12,11,5,0.6025,65,tripartite_mutual_information,-0.29166666666666663,0.3753305421532011,0.13269938577147591,8
transition,d5,12,11,5,0.6375000000000001,65,half_chain_entropy,1.9583333333333333,1.326620003965203,0.46903100043075974,8
transition,d5,12,11,5,0.6375000000000001,65,tripartite_mutual_information,-0.041666666666666664,0.1178511301977579,0.04166666666666666,8
transition,d5,12,11,5,0.6725000000000001,65,half_chain_entropy,1.0416666666666665,0.7650604291933156,0.27048970875004197,8
transition,d5,12,11,5,0.6725000000000001,65,tripartite_mutual_information,0.0,0.0,0.0,8
transition,d5,16,11,5,0.42750000000000005,65,half_chain_entropy,19.166666666666664,1.5118578920369088,0.5345224838248487,8
transition,d5,16,11,5,0.42750000000000005,65,tripartite_mutual_information,-13.25,1.98206241793023,0.7007648882267352,8
transition,d5,16,11,5,0.4625,65,half_chain_entropy,17.041666666666668,1.452283369087102,0.5134597092429677,8
transition,d5,16,11,5,0.4625,65,tripartite_mutual_information,-10.875,2.232071427428535,0.789156421213727,8
transition,d5,16,11,5,0.49750000000000005,65,half_chain_entropy,12.708333333333332,1.8639223023523135,0.6589960497990816,8
transition,d5,16,11,5,0.49750000000000005,65,tripartite_mutual_information,-6.458333333333334,1.2840597820232218,0.45398368965877006,8
transition,d5,16,11,5,0.5325,65,half_chain_entropy,8.166666666666666,1.2724180205607036,0.4498677054212187,8
transition,d5,16,11,5,0.5325,65,tripartite_mutual_information,-3.208333333333333,1.5526475085202969,0.5489437910335498,8
transition,d5,16,11,5,0.5675000000000001,65,half_chain_entropy,6.458333333333333,1.6613008863299374,0.5873585611575602,8
transition,d5,16,11,5,0.5675000000000001,65,tripartite_mutual_information,-1.1666666666666665,1.247219128924647,0.4409585518440984,8
transition,d5,16,11,5,0.6025,65,half_chain_entropy,3.083333333333333,1.560931752674644,0.5518727136428218,8
transition,d5,16,11,5,0.6025,65,tripartite_mutual_information,-0.16666666666666666,0.25197631533948484,0.0890870806374748,8
transition,d5,16,11,5,0.6375000000000001,65,half_chain_entropy,1.5000000000000002,1.0837911120705754,0.38317802236740667,8
transition,d5,16,11,5,0.6375000000000001,65,tripartite_mutual_information,0.0,0.0,0.0,8
transition,d5,16,11,5,0.6725000000000001,65,half_chain_entropy,1.25,0.5270462766947299,0.18633899812498247,8
transition,d5,16,11,5,0.6725000000000001,65,tripartite_mutual_information,0.0,0.0,0.0,8
transition,d5,24,11,5,0.42750000000000005,97,half_chain_entropy,27.75,1.6690459207925608,0.5900968443520824,8
transition,d5,24,11,5,0.42750000000000005,97,tripartite_mutual_information,-20.708333333333332,1.4191155304938665,0.5017331074496788,8
transition,d5,24,11,5,0.4625,97,half_chain_entropy,22.625,1.9553548778706893,0.6913223468842788,8
transition,d5,24,11,5,0.4625,97,tripartite_mutual_information,-15.208333333333332,1.5526475085202969,0.5489437910335498,8
transition,d5,24,11,5,0.49750000000000005,97,half_chain_entropy,16.625,2.339702192418161,0.827209643107957,8
transition,d5,24,11,5,0.49750000000000005,97,tripartite_mutual_information,-9.5,2.3435151998789108,0.8285577448240625,8
transition,d5,24,11,5,0.5325,97,half_chain_entropy,13.0,0.9428090415820637,0.3333333333333334,8
transition,d5,24,11,5,0.5325,97,tripartite_mutual_information,-6.666666666666666,1.3801311186847087,0.48795003647426666,8
transition,d5,24,11,5,0.5675000000000001,97,half_chain_entropy,6.75,0.6606874726434099,0.23358829607557835,8
transition,d5,24,11,5,0.5675000000000001,97,tripartite_mutual_information,-1.3333333333333333,0.9258200997725514,0.32732683535398854,8
transition,d5,24,11,5,0.6025,97,half_chain_entropy,4.041666666666667,1.3851537075901699,0.4897257898113486,8
transition,d5,24,11,5,0.6025,97,tripartite_mutual_information,0.08333333333333334,0.38832158167381164,0.137292411841319,8
transition,d5,24,11,5,0.6375000000000001,97,half_chain_entropy,1.25,0.7506610843064022,0.26539877154295183,8
transition,d5,24,11,5,0.6375000000000001,97,tripartite_mutual_information,0.0,0.0,0.0,8
transition,d5,24,11,5,0.6725000000000001,97,half_chain_entropy,0.9583333333333333,0.45206756062017917,0.15983001883449466,8
transition,d5,24,11,5,0.6725000000000001,97,tripartite_mutual_information,0.0,0.0,0.0,8
transition,d7,8,11,7,0.5275000000000001,65,half_chain_entropy,10.0,0.47140452079103146,0.16666666666666657,8
transition,d7,8,11,7,0.5275000000000001,65,tripartite_mutual_information,-6.583333333333333,1.0196482431125649,0.36050009356492196,8
transition,d7,8,11,7,0.5625000000000001,65,half_chain_entropy,8.75,1.1919039057889358,0.42140166715304417,8
transition,d7,8,11,7,0.5625000000000001,65,tripartite_mutual_information,-4.875,1.4246971273789757,0.503706499953334,8
transition,d7,8,11,7,0.5975000000000001,65,half_chain_entropy,7.166666666666666,1.2344267996967353,0.4364357804719847,8
transition,d7,8,11,7,0.5975000000000001,65,tripartite_mutual_information,-4.125,1.6517186816085248,0.5839707401889459,8
transition,d7,8,11,7,0.6325000000000001,65,half_chain_entropy,6.208333333333333,1.2840597820232218,0.45398368965877006,8
transition,d7,8,11,7,0.6325000000000001,65,tripartite_mutual_information,-2.541666666666667,1.332589077995783,0.47114138679297357,8
transition,d7,8,11,7,0.6675000000000002,65,half_chain_entropy,4.416666666666667,1.4114047938360887,0.4990069503603497,8
transition,d7,8,11,7,0.6675000000000002,65,tripartite_mutual_information,-1.458333333333333,1.1675166971376632,0.4127794868472811,8
transition,d7,8,11,7,0.7025000000000001,65,half_chain_entropy,2.7916666666666665,1.140001392368963,0.40305135755309984,8
transition,d7,8,11,7,0.7025000000000001,65,tripartite_mutual_information,-0.5833333333333333,0.7715167498104597,0.2727723627949905,8
transition,d7,8,11,7,0.7375000000000002,65,half_chain_entropy,1.5,0.642416074439621,0.22712838128974894,8
transition,d7,8,11,7,0.7375000000000002,65,tripartite_mutual_information,-0.125,0.24800793638094829,0.0876840468015252,8
transition,d7,8,11,7,0.7725000000000002,65,half_chain_entropy,1.125,0.561672672004069,0.19858127759062233,8
transition,d7,8,11,7,0.7725000000000002,65,tripartite_mutual_information,0.0,0.1781741612749496,0.0629940788348712,8
transition,d7,12,11,7,0.5275000000000001,65,half_chain_entropy,14.791666666666666,1.082875361073031,0.3828542554972857,8
transition,d7,12,11,7,0.5275000000000001,65,tripartite_mutual_information,-10.541666666666668,1.8164809865790434,0.6422230117532358,8
transition,d7,12,11,7,0.5625000000000001,65,half_chain_entropy,13.208333333333334,1.1675166971376636,0.4127794868472813,8
transition,d7,12,11,7,0.5625000000000001,65,tripartite_mutual_information,-9.333333333333334,1.4474937289114918,0.511766315719159,8
transition,d7,12,11,7,0.5975000000000001,65,half_chain_entropy,9.5,1.3333333333333335,0.4714045207910317,8
transition,d7,12,11,7,0.5975000000000001,65,tripartite_mutual_information,-5.25,1.3887301496588274,0.49099025303098287,8
transition,d7,12,11,7,0.6325000000000001,65,half_chain_entropy,7.083333333333333,1.743468537049791,0.6164092126666484,8
transition,d7,12,11,7,0.6325000000000001,65,tripartite_mutual_information,-3.7916666666666665,1.2336228746360847,0.4361515500410088,8
transition,d7,12,11,7,0.6675000000000002,65,half_chain_entropy,4.666666666666667,1.3333333333333335,0.4714045207910317,8
transition,d7,12,11,7,0.6675000000000002,65,tripartite_mutual_information,-1.2916666666666665,0.8439796130841001,0.2983918537974829,8
transition,d7,12,11,7,0.7025000000000001,65,half_chain_entropy,3.916666666666667,1.2817398889233114,0.4531634835874828,8
transition,d7,12,11,7,0.7025000000000001,65,tripartite_mutual_information,-0.5,0.6666666666666667,0.23570226039551584,8
transition,d7,12,11,7,0.7375000000000002,65,half_chain_entropy,2.166666666666667,0.959497222838566,0.3392334963994049,8
transition,d7,12,11,7,0.7375000000000002,65,tripartite_mutual_information,-0.08333333333333333,0.1543033499620919,0.05455447255899809,8
transition,d7,12,11,7,0.7725000000000002,65,half_chain_entropy,0.75,0.7506610843064022,0.26539877154295183,8
transition,d7,12,11,7,0.7725000000000002,65,tripartite_mutual_information,0.0,0.0,0.0,8
transition,d7,16,11,7,0.5275000000000001,65,half_chain_entropy,18.333333333333336,0.9759000729485329,0.34503277967117696,8
transition,d7,16,11,7,0.5275000000000001,65,tripartite_mutual_information,-13.541666666666666,1.5930155092460379,0.5632160345616073,8
transition,d7,16,11,7,0.5625000000000001,65,half_chain_entropy,15.916666666666668,1.649915822768611,0.5833333333333334,8
transition,d7,16,11,7,0.5625000000000001,65,tripartite_mutual_information,-10.75,2.037349663360134,0.7203118813050401,8
transition,d7,16,11,7,0.5975000000000001,65,half_chain_entropy,12.541666666666666,2.1671244937540095,0.766194212604462,8
transition,d7,16,11,7,0.5975000000000001,65,tripartite_mutual_information,-8.0,1.877181270897812,0.6636838030841121,8
transition,d7,16,11,7,0.6325000000000001,65,half_chain_entropy,10.708333333333332,1.2271725147477759,0.4338710034319504,8
transition,d7,16,11,7,0.6325000000000001,65,tripartite_mutual_information,-5.333333333333333,1.3451854182690985,0.4755948656056709,8
transition,d7,16,11,7,0.6675000000000002,65,half_chain_entropy,5.875,1.7084059218027763,0.6040127061629988,8
transition,d7,16,11,7,0.6675000000000002,65,tripartite_mutual_information,-1.625,1.1742947900626375,0.41517590458266207,8
transition,d7,16,11,7,0.7025000000000001,65,half_chain_entropy,4.25,1.5404596304401728,0.5446347254141846,8
transition,d7,16,11,7,0.7025000000000001,65,tripartite_mutual_information,-0.75,1.0039604115384768,0.3549536075208469,8
transition,d7,16,11,7,0.7375000000000002,65,half_chain_entropy,2.083333333333333,0.8116219309075863,0.2869516855522369,8
transition,d7,16,11,7,0.7375000000000002,65,tripartite_mutual_information,-0.08333333333333333,0.2357022603955158,0.08333333333333331,8
transition,d7,16,11,7,0.7725000000000002,65,half_chain_entropy,0.7083333333333334,0.933290815358078,0.32996813217940946,8
transition,d7,16,11,7,0.7725000000000002,65,tripartite_mutual_information,0.0,0.0,0.0,8
transition,d7,24,11,7,0.5275000000000001,97,half_chain_entropy,27.541666666666668,1.8164809865790432,0.6422230117532357,8
transition,d7,24,11,7,0.5275000000000001,97,tripartite_mutual_information,-21.041666666666668,2.2070414010688038,0.7803069705276049,8
transition,d7,24,11,7,0.5625000000000001,97,half_chain_entropy,23.416666666666664,2.037349663360134,0.7203118813050401,8
transition,d7,24,11,7,0.5625000000000001,97,tripartite_mutual_information,-16.916666666666668,1.8408935028645428,0.6508541396588876,8
transition,d7,24,11,7,0.5975000000000001,97,half_chain_entropy,18.833333333333336,1.9679979352163643,0.6957923426763075,8
transition,d7,24,11,7,0.5975000000000001,97,tripartite_mutual_information,-12.333333333333334,2.4102953780654786,0.8521681032463465,8
transition,d7,24,11,7,0.6325000000000001,97,half_chain_entropy,14.125,1.7900740429839987,0.6328867473100024,8
transition,d7,24,11,7,0.6325000000000001,97,tripartite_mutual_information,-7.666666666666666,1.8516401995451028,0.6546536707079771,8
transition,d7,24,11,7,0.6675000000000002,97,half_chain_entropy,7.833333333333334,1.0837911120705757,0.3831780223674067,8
transition,d7,24,11,7,0.6675000000000002,97,tripartite_mutual_information,-2.25,1.1091252094144872,0.3921349783809667,8
transition,d7,24,11,7,0.7025000000000001,97,half_chain_entropy,5.458333333333333,1.490046339963323,0.5268109356351307,8
transition,d7,24,11,7,0.7025000000000001,97,tripartite_mutual_information,-1.125,1.0069204977995476,0.3560001560548971,8
transition,d7,24,11,7,0.7375000000000002,97,half_chain_entropy,2.375,0.8439796130841001,0.2983918537974829,8
transition,d7,24,11,7,0.7375000000000002,97,tripartite_mutual_information,0.0,0.0,0.0,8
transition,d7,24,11,7,0.7725000000000002,97,half_chain_entropy,1.0833333333333333,0.7715167498104596,0.27277236279499045,8
transition,d7,24,11,7,0.7725000000000002,97,tripartite_mutual_information,0.0,0.0,0.0,8
transition,d11,8,11,11,0.6275,49,half_chain_entropy,10.208333333333332,0.43415672687643975,0.15349758283604317,8
transition,d11,8,11,11,0.6275,49,tripartite_mutual_information,-6.916666666666666,0.6362090102803517,0.22493385271060928,8
transition,d11,8,11,11,0.6625,49,half_chain_entropy,8.75,0.6107502542086025,0.21593282318115528,8
transition,d11,8,11,11,0.6625,49,tripartite_mutual_information,-5.458333333333334,0.4692953177244529,0.16592095077102798,8
transition,d11,8,11,11,0.6975,49,half_chain_entropy,7.416666666666667,0.3450327796711772,0.12198750911856666,8
transition,d11,8,11,11,0.6975,49,tripartite_mutual_information,-4.541666666666666,0.6886264220942653,0.24346620638354236,8
transition,d11,8,11,11,0.7324999999999999,49,half_chain_entropy,5.958333333333333,0.6770032003863301,0.23935677693908453,8
transition,d11,8,11,11,0.7324999999999999,49,tripartite_mutual_information,-3.125,0.6408699444616558,0.22658174179374144,8
transition,d11,8,11,11,0.7675000000000001,49,half_chain_entropy,3.708333333333333,0.45206756062017905,0.15983001883449463,8
transition,d11,8,11,11,0.7675000000000001,49,tripartite_mutual_information,-1.125,0.5326632695523117,0.1883249049947187,8
transition,d11,8,11,11,0.8025,49,half_chain_entropy,2.791666666666667,0.7753647375206564,0.2741328318968918,8
transition,d11,8,11,11,0.8025,49,tripartite_mutual_information,-0.6666666666666667,0.6900655593423543,0.2439750182371333,8
transition,d11,8,11,11,0.8375,49,half_chain_entropy,1.4166666666666665,0.6362090102803518,0.22493385271060934,8
transition,d11,8,11,11,0.8375,49,tripartite_mutual_information,-0.16666666666666666,0.35634832254989923,0.12598815766974242,8
transition,d11,8,11,11,0.8725,49,half_chain_entropy,0.625,0.5175491695067657,0.18298126367784995,8
transition,d11,8,11,11,0.8725,49,tripartite_mutual_information,0.0,0.0,0.0,8
transition,d11,12,11,11,0.6275,49,half_chain_entropy,15.833333333333332,0.5345224838248487,0.18898223650461357,8
transition,d11,12,11,11,0.6275,49,tripartite_mutual_information,-12.375,0.7440238091428447,0.26305214040457553,8
transition,d11,12,11,11,0.6625,49,half_chain_entropy,12.833333333333334,1.1408712905438994,0.4033589130023195,8
transition,d11,12,11,11,0.6625,49,tripartite_mutual_information,-9.083333333333332,1.2182475052824793,0.4307155360744177,8
transition,d11,12,11,11,0.6975,49,half_chain_entropy,10.625,0.9161253813129044,0.32389923477173316,8
transition,d11,12,11,11,0.6975,49,tripartite_mutual_information,-7.375,1.6755714495477902,0.5924039671689078,8
transition,d11,12,11,11,0.7324999999999999,49,half_chain_entropy,8.541666666666668,0.7753647375206563,0.27413283189689175,8
transition,d11,12,11,11,0.7324999999999999,49,tripartite_mutual_information,-5.083333333333334,1.003960411538477,0.35495360752084704,8
transition,d11,12,11,11,0.7675000000000001,49,half_chain_entropy,5.708333333333334,1.0302950725437527,0.3642643162093867,8
transition,d11,12,11,11,0.7675000000000001,49,tripartite_mutual_information,-2.5,1.0540925533894598,0.37267799624996495,8
transition,d11,12,11,11,0.8025,49,half_chain_entropy,3.9999999999999996,0.8728715609439694,0.30860669992418377,8
transition,d11,12,11,11,0.8025,49,tripartite_mutual_information,-1.0416666666666665,0.8054871344779654,0.2847827074739449,8
transition,d11,12,11,11,0.8375,49,half_chain_entropy,1.9166666666666667,0.7715167498104595,0.27277236279499045,8
transition,d11,12,11,11,0.8375,49,tripartite_mutual_information,-0.125,0.2480079363809483,0.08768404680152521,8
transition,d11,12,11,11,0.8725,49,half_chain_entropy,0.875,0.5892556509887896,0.20833333333333331,8
transition,d11,12,11,11,0.8725,49,tripartite_mutual_information,-0.041666666666666664,0.1178511301977579,0.04166666666666666,8
transition,d11,16,11,11,0.6275,49,half_chain_entropy,19.75,0.9553525070351849,0.33776811807407403,8
transition,d11,16,11,11,0.6275,49,tripartite_mutual_information,-15.541666666666666,1.5216688833238952,0.5379911930594438,8
transition,d11,16,11,11,0.6625,49,half_chain_entropy,16.916666666666668,0.7506610843064024,0.2653987715429519,8
transition,d11,16,11,11,0.6625,49,tripartite_mutual_information,-12.333333333333332,1.3333333333333335,0.4714045207910317,8
transition,d11,16,11,11,0.6975,49,half_chain_entropy,14.25,1.2817398889233116,0.4531634835874829,8
transition,d11,16,11,11,0.6975,49,tripartite_mutual_information,-9.791666666666668,1.6613008863299372,0.5873585611575601,8
transition,d11,16,11,11,0.7324999999999999,49,half_chain_entropy,10.625,1.4413122327868286,0.5095808268053451,8
transition,d11,16,11,11,0.7324999999999999,49,tripartite_mutual_information,-6.333333333333334,1.35693398559762,0.479748611419283,8
transition,d11,16,11,11,0.7675000000000001,49,half_chain_entropy,7.541666666666668,0.8152806508697111,0.28824523840007743,8
transition,d11,16,11,11,0.7675000000000001,49,tripartite_mutual_information,-3.3333333333333335,0.9920317455237933,0.35073618720610084,8
transition,d11,16,11,11,0.8025,49,half_chain_entropy,4.708333333333334,1.5979898086569353,0.5649747149841562,8
transition,d11,16,11,11,0.8025,49,tripartite_mutual_information,-1.2916666666666667,0.8625819491779427,0.3049687727964166,8
transition,d11,16,11,11,0.8375,49,half_chain_entropy,2.208333333333333,0.9584627241843022,0.3388677458926258,8
transition,d11,16,11,11,0.8375,49,tripartite_mutual_information,-0.25,0.38832158167381164,0.137292411841319,8
transition,d11,16,11,11,0.8725,49,half_chain_entropy,0.7083333333333333,0.4154744849194083,0.14689241284825078,8
transition,d11,16,11,11,0.8725,49,tripartite_mutual_information,0.0,0.0,0.0,8
transition,d11,24,11,11,0.6275,73,half_chain_entropy,29.791666666666664,1.3085494210390327,0.46264208456721534,8
transition,d11,24,11,11,0.6275,73,tripartite_mutual_information,-24.375,2.178083473847506,0.7700687971739618,8
transition,d11,24,11,11,0.6625,73,half_chain_entropy,24.666666666666664,1.4253932901995965,0.5039526306789696,8
transition,d11,24,11,11,0.6625,73,tripartite_mutual_information,-19.291666666666668,1.812106552808129,0.6406764158616033,8
transition,d11,24,11,11,0.6975,73,half_chain_entropy,20.666666666666664,1.4142135623730954,0.5000000000000001,8
transition,d11,24,11,11,0.6975,73,tripartite_mutual_information,-14.916666666666668,1.7615829821994207,0.6228136361680158,8
transition,d11,24,11,11,0.7324999999999999,73,half_chain_entropy,15.458333333333334,1.1118053386771942,0.393082547169025,8
transition,d11,24,11,11,0.7324999999999999,73,tripartite_mutual_information,-9.791666666666668,1.5423904349963578,0.5453173679115967,8
transition,d11,24,11,11,0.7675000000000001,73,half_chain_entropy,9.791666666666668,0.9417562115031478,0.3329611016892141,8
transition,d11,24,11,11,0.7675000000000001,73,tripartite_mutual_information,-5.0,0.9920317455237933,0.35073618720610084,8
transition,d11,24,11,11,0.8025,73,half_chain_entropy,5.5,1.1268723396380222,0.39840953644479793,8
transition,d11,24,11,11,0.8025,73,tripartite_mutual_information,-1.5,0.9258200997725514,0.32732683535398854,8
transition,d11,24,11,11,0.8375,73,half_chain_entropy,2.333333333333333,0.959497222838566,0.3392334963994049,8
transition,d11,24,11,11,0.8375,73,tripartite_mutual_information,-0.125,0.5019802057692384,0.17747680376042346,8
transition,d11,24,11,11,0.8725,73,half_chain_entropy,0.75,0.8116219309075863,0.2869516855522369,8
transition,d11,24,11,11,0.8725,73,tripartite_mutual_information,0.0,0.0,0.0,8
transition,d15,8,11,15,0.7275,49,half_chain_entropy,7.5,0.5345224838248487,0.18898223650461357,8
transition,d15,8,11,15,0.7275,49,tripartite_mutual_information,-4.5,0.9594972228385658,0.33923349639940487,8
transition,d15,8,11,15,0.7625000000000001,49,half_chain_entropy,5.833333333333334,0.7559289460184544,0.26726124191242434,8
transition,d15,8,11,15,0.7625000000000001,49,tripartite_mutual_information,-3.375,0.8249579113843054,0.29166666666666663,8
transition,d15,8,11,15,0.7975000000000001,49,half_chain_entropy,4.583333333333333,0.23570226039551603,0.0833333333333334,8
transition,d15,8,11,15,0.7975000000000001,49,tripartite_mutual_information,-2.125,0.35355339059327373,0.12499999999999999,8
transition,d15,8,11,15,0.8325,49,half_chain_entropy,2.791666666666667,0.469295317724453,0.16592095077102803,8
transition,d15,8,11,15,0.8325,49,tripartite_mutual_information,-0.6666666666666666,0.4714045207910317,0.16666666666666666,8
transition,d15,8,11,15,0.8675000000000002,49,half_chain_entropy,1.7083333333333335,0.3753305421532011,0.13269938577147591,8
transition,d15,8,11,15,0.8675000000000002,49,tripartite_mutual_information,-0.3333333333333333,0.3086066999241838,0.10910894511799618,8
transition,d15,8,11,15,0.9025000000000001,49,half_chain_entropy,0.49999999999999994,0.30860669992418377,0.10910894511799617,8
transition,d15,8,11,15,0.9025000000000001,49,tripartite_mutual_information,0.0,0.0,0.0,8
transition,d15,8,11,15,0.9375000000000001,49,half_chain_entropy,0.041666666666666664,0.1178511301977579,0.04166666666666666,8
transition,d15,8,11,15,0.9375000000000001,49,tripartite_mutual_information,0.0,0.0,0.0,8
transition,d15,8,11,15,0.9725000000000001,49,half_chain_entropy,0.0,0.0,0.0,8
transition,d15,8,11,15,0.9725000000000001,49,tripartite_mutual_information,0.0,0.0,0.0,8
transition,d15,12,11,15,0.7275,49,half_chain_entropy,11.5,0.6172133998483675,0.21821789023599233,8
transition,d15,12,11,15,0.7275,49,tripartite_mutual_information,-8.833333333333332,0.398409536444798,0.14085904245475278,8
transition,d15,12,11,15,0.7625000000000001,49,half_chain_entropy,8.875,0.7753647375206562,0.2741328318968917,8
transition,d15,12,11,15,0.7625000000000001,49,tripartite_mutual_information,-5.958333333333334,1.265381553599734,0.44737993866937026,8
transition,d15,12,11,15,0.7975000000000001,49,half_chain_entropy,6.791666666666666,0.6886264220942654,0.2434662063835424,8
transition,d15,12,11,15,0.7975000000000001,49,tripartite_mutual_information,-3.9166666666666665,0.9718253158075499,0.3435921354681383,8
transition,d15,12,11,15,0.8325,49,half_chain_entropy,4.708333333333334,0.6770032003863301,0.23935677693908453,8
transition,d15,12,11,15,0.8325,49,tripartite_mutual_information,-1.6666666666666665,0.7766431633476233,0.274584823682638,8
transition,d15,12,11,15,0.8675000000000002,49,half_chain_entropy,1.7083333333333335,0.653136510683105,0.23091862787227171,8
transition,d15,12,11,15,0.8675000000000002,49,tripartite_mutual_information,-0.37499999999999994,0.33034373632170494,0.11679414803778917,8
transition,d15,12,11,15,0.9025000000000001,49,half_chain_entropy,0.49999999999999994,0.4364357804719847,0.15430334996209188,8
transition,d15,12,11,15,0.9025000000000001,49,tripartite_mutual_information,-0.041666666666666664,0.1178511301977579,0.04166666666666666,8
transition,d15,12,11,15,0.9375000000000001,49,half_chain_entropy,0.125,0.2480079363809483,0.08768404680152521,8
transition,d15,12,11,15,0.9375000000000001,49,tripartite_mutual_information,0.0,0.0,0.0,8
transition,d15,12,11,15,0.9725000000000001,49,half_chain_entropy,0.0,0.0,0.0,8
transition,d15,12,11,15,0.9725000000000001,49,tripartite_mutual_information,0.0,0.0,0.0,8
transition,d15,16,11,15,0.7275,49,half_chain_entropy,14.5,0.6900655593423543,0.2439750182371333,8
transition,d15,16,11,15,0.7275,49,tripartite_mutual_information,-10.708333333333334,1.0455878577403086,0.3696711322672437,8
transition,d15,16,11,15,0.7625000000000001,49,half_chain_entropy,11.416666666666668,0.8498365855987972,0.30046260628866567,8
transition,d15,16,11,15,0.7625000000000001,49,tripartite_mutual_information,-7.583333333333334,1.164964745021435,0.411877235523957,8
transition,d15,16,11,15,0.7975000000000001,49,half_chain_entropy,8.583333333333334,0.8683134537528794,0.3069951656720863,8
transition,d15,16,11,15,0.7975000000000001,49,tripartite_mutual_information,-4.916666666666666,1.035098339013531,0.36596252735569984,8
transition,d15,16,11,15,0.8325,49,half_chain_entropy,5.041666666666666,1.0606601717798212,0.37499999999999994,8
transition,d15,16,11,15,0.8325,49,tripartite_mutual_information,-1.7083333333333333,0.8054871344779653,0.28478270747394485,8
transition,d15,16,11,15,0.8675000000000002,49,half_chain_entropy,1.875,0.9748829803606305,0.3446731831381768,8
transition,d15,16,11,15,0.8675000000000002,49,tripartite_mutual_information,-0.125,0.2480079363809483,0.08768404680152521,8
transition,d15,16,11,15,0.9025000000000001,49,half_chain_entropy,0.7499999999999999,0.3450327796711771,0.12198750911856665,8
transition,d15,16,11,15,0.9025000000000001,49,tripartite_mutual_information,0.0,0.0,0.0,8
transition,d15,16,11,15,0.9375000000000001,49,half_chain_entropy,0.16666666666666666,0.1781741612749496,0.0629940788348712,8
transition,d15,16,11,15,0.9375000000000001,49,tripartite_mutual_information,0.0,0.0,0.0,8
transition,d15,16,11,15,0.9725000000000001,49,half_chain_entropy,0.0,0.0,0.0,8
transition,d15,16,11,15,0.9725000000000001,49,tripartite_mutual_information,0.0,0.0,0.0,8
transition,d15,24,11,15,0.7275,73,half_chain_entropy,22.416666666666668,1.0350983390135309,0.3659625273556998,8
transition,d15,24,11,15,0.7275,73,tripartite_mutual_information,-17.958333333333336,1.030295072543753,0.3642643162093868,8
transition,d15,24,11,15,0.7625000000000001,73,half_chain_entropy,16.458333333333336,0.9074209047695,0.32082173757647287,8
transition,d15,24,11,15,0.7625000000000001,73,tripartite_mutual_information,-11.791666666666666,1.402237441116818,0.495765801723687,8
transition,d15,24,11,15,0.7975000000000001,73,half_chain_entropy,12.416666666666666,0.6107502542086027,0.21593282318115536,8
transition,d15,24,11,15,0.7975000000000001,73,tripartite_mutual_information,-7.958333333333333,0.8054871344779653,0.28478270747394485,8
transition,d15,24,11,15,0.8325,73,half_chain_entropy,7.291666666666667,0.8625819491779428,0.3049687727964166,8
transition,d15,24,11,15,0.8325,73,tripartite_mutual_information,-3.0,1.0389249632986395,0.36731544334622646,8
transition,d15,24,11,15,0.8675000000000002,73,half_chain_entropy,2.8333333333333335,0.5909368402852788,0.2089277235093362,8
transition,d15,24,11,15,0.8675000000000002,73,tripartite_mutual_information,-0.29166666666666663,0.2136233148205519,0.07552724726458047,8
transition,d15,24,11,15,0.9025000000000001,73,half_chain_entropy,0.625,0.330343736321705,0.11679414803778919,8
transition,d15,24,11,15,0.9025000000000001,73,tripartite_mutual_information,0.0,0.0,0.0,8
transition,d15,24,11,15,0.9375000000000001,73,half_chain_entropy,0.08333333333333333,0.1543033499620919,0.05455447255899809,8
transition,d15,24,11,15,0.9375000000000001,73,tripartite_mutual_information,0.0,0.0,0.0,8
transition,d15,24,11,15,0.9725000000000001,73,half_chain_entropy,0.0,0.0,0.0,8
transition,d15,24,11,15,0.9725000000000001,73,tripartite_mutual_information,0.0,0.0,0.0,8
transition,d23,8,11,23,0.7275,33,half_chain_entropy,8.125,0.5892556509887894,0.20833333333333326,8
transition,d23,8,11,23,0.7275,33,tripartite_mutual_information,-5.833333333333334,0.8544932592822075,0.30210898905832184,8
transition,d23,8,11,23,0.7625000000000001,33,half_chain_entropy,6.958333333333333,0.7223748312513366,0.255398070868154,8
transition,d23,8,11,23,0.7625000000000001,33,tripartite_mutual_information,-4.333333333333334,0.7766431633476235,0.27458482368263804,8
transition,d23,8,11,23,0.7975000000000001,33,half_chain_entropy,5.375,0.5473601872653642,0.19352105008343876,8
transition,d23,8,11,23,0.7975000000000001,33,tripartite_mutual_information,-3.291666666666667,0.8986321174650296,0.31771443202577426,8
transition,d23,8,11,23,0.8325,33,half_chain_entropy,4.125,0.3959116463884736,0.1399759049560101,8
transition,d23,8,11,23,0.8325,33,tripartite_mutual_information,-1.8333333333333335,0.7766431633476233,0.274584823682638,8
transition,d23,8,11,23,0.8675000000000002,33,half_chain_entropy,1.9583333333333335,0.5756294001779325,0.20351572615808045,8
transition,d23,8,11,23,0.8675000000000002,33,tripartite_mutual_information,-0.08333333333333333,0.1543033499620919,0.05455447255899809,8
transition,d23,8,11,23,0.9025000000000001,33,half_chain_entropy,0.625,0.4154744849194083,0.14689241284825078,8
transition,d23,8,11,23,0.9025000000000001,33,tripartite_mutual_information,-0.08333333333333333,0.1543033499620919,0.05455447255899809,8
transition,d23,8,11,23,0.9375000000000001,33,half_chain_entropy,0.08333333333333333,0.1543033499620919,0.05455447255899809,8
transition,d23,8,11,23,0.9375000000000001,33,tripartite_mutual_information,0.0,0.0,0.0,8
transition,d23,8,11,23,0.9725000000000001,33,half_chain_entropy,0.0,0.0,0.0,8
transition,d23,8,11,23,0.9725000000000001,33,tripartite_mutual_information,0.0,0.0,0.0,8
transition,d23,12,11,23,0.7275,33,half_chain_entropy,12.916666666666666,0.42724662964110377,0.15105449452916092,8
transition,d23,12,11,23,0.7275,33,tripartite_mutual_information,-10.208333333333332,0.7546154281781183,0.26679684322636876,8
transition,d23,12,11,23,0.7625000000000001,33,half_chain_entropy,10.75,0.3450327796711771,0.12198750911856665,8
transition,d23,12,11,23,0.7625000000000001,33,tripartite_mutual_information,-7.875000000000001,0.9584627241843021,0.33886774589262575,8
transition,d23,12,11,23,0.7975000000000001,33,half_chain_entropy,7.875,0.3053751271043016,0.10796641159057775,8
transition,d23,12,11,23,0.7975000000000001,33,tripartite_mutual_information,-5.208333333333333,0.7332792187825949,0.2592533540521734,8
transition,d23,12,11,23,0.8325,33,half_chain_entropy,5.5,0.6666666666666665,0.23570226039551578,8
transition,d23,12,11,23,0.8325,33,tripartite_mutual_information,-3.041666666666667,0.9161253813129042,0.32389923477173305,8
transition,d23,12,11,23,0.8675000000000002,33,half_chain_entropy,2.666666666666667,0.5634361698190111,0.19920476822239896,8
transition,d23,12,11,23,0.8675000000000002,33,tripartite_mutual_information,-0.6666666666666666,0.3563483225498992,0.1259881576697424,8
transition,d23,12,11,23,0.9025000000000001,33,half_chain_entropy,0.7083333333333333,0.4154744849194083,0.14689241284825078,8
transition,d23,12,11,23,0.9025000000000001,33,tripartite_mutual_information,0.0,0.0,0.0,8
transition,d23,12,11,23,0.9375000000000001,33,half_chain_entropy,0.041666666666666664,0.1178511301977579,0.04166666666666666,8
transition,d23,12,11,23,0.9375000000000001,33,tripartite_mutual_information,0.0,0.0,0.0,8
transition,d23,12,11,23,0.9725000000000001,33,half_chain_entropy,0.0,0.0,0.0,8
transition,d23,12,11,23,0.9725000000000001,33,tripartite_mutual_information,0.0,0.0,0.0,8
transition,d23,16,11,23,0.7275,33,half_chain_entropy,17.458333333333336,0.8345229603962797,0.295048422176041,8
transition,d23,16,11,23,0.7275,33,tripartite_mutual_information,-14.375,1.1742947900626373,0.41517590458266196,8
transition,d23,16,11,23,0.7625000000000001,33,half_chain_entropy,13.375,0.5473601872653645,0.19352105008343887,8
transition,d23,16,11,23,0.7625000000000001,33,tripartite_mutual_information,-10.041666666666668,0.744023809142845,0.26305214040457564,8
transition,d23,16,11,23,0.7975000000000001,33,half_chain_entropy,11.208333333333332,0.5326632695523119,0.1883249049947188,8
transition,d23,16,11,23,0.7975000000000001,33,tripartite_mutual_information,-8.041666666666668,0.7855338898249344,0.2777281701735287,8
transition,d23,16,11,23,0.8325,33,half_chain_entropy,7.875,0.83452296039628,0.2950484221760411,8
transition,d23,16,11,23,0.8325,33,tripartite_mutual_information,-4.791666666666667,1.20761472884912,0.42695628191498325,8
transition,d23,16,11,23,0.8675000000000002,33,half_chain_entropy,3.75,1.191903905788936,0.4214016671530442,8
transition,d23,16,11,23,0.8675000000000002,33,tripartite_mutual_information,-1.125,1.1118053386771944,0.39308254716902513,8
transition,d23,16,11,23,0.9025000000000001,33,half_chain_entropy,1.1666666666666667,0.642416074439621,0.22712838128974894,8
transition,d23,16,11,23,0.9025000000000001,33,tripartite_mutual_information,-0.041666666666666664,0.1178511301977579,0.04166666666666666,8
transition,d23,16,11,23,0.9375000000000001,33,half_chain_entropy,0.37499999999999994,0.3753305421532011,0.13269938577147591,8
transition,d23,16,11,23,0.9375000000000001,33,tripartite_mutual_information,0.0,0.0,0.0,8
transition,d23,16,11,23,0.9725000000000001,33,half_chain_entropy,0.0,0.0,0.0,8
transition,d23,16,11,23,0.9725000000000001,33,tripartite_mutual_information,0.0,0.0,0.0,8
transition,d23,24,11,23,0.7275,49,half_chain_entropy,26.041666666666664,1.0455878577403086,0.3696711322672437,8
transition,d23,24,11,23,0.7275,49,tripartite_mutual_information,-22.25,0.9553525070351853,0.33776811807407414,8
transition,d23,24,11,23,0.7625000000000001,49,half_chain_entropy,20.583333333333336,0.7715167498104599,0.27277236279499056,8
transition,d23,24,11,23,0.7625000000000001,49,tripartite_mutual_information,-16.375,0.9161253813129037,0.3238992347717329,8
transition,d23,24,11,23,0.7975000000000001,49,half_chain_entropy,15.333333333333332,0.8357108940373446,0.2954684201426393,8
transition,d23,24,11,23,0.7975000000000001,49,tripartite_mutual_information,-11.333333333333332,0.9920317455237938,0.350736187206101,8
transition,d23,24,11,23,0.8325,49,half_chain_entropy,10.458333333333334,1.3678566248082238,0.483610347546419,8
transition,d23,24,11,23,0.8325,49,tripartite_mutual_information,-6.375,1.3736465199987808,0.4856573846222202,8
transition,d23,24,11,23,0.8675000000000002,49,half_chain_entropy,5.916666666666666,0.9215239276363634,0.3258079091286669,8
transition,d23,24,11,23,0.8675000000000002,49,tripartite_mutual_information,-2.541666666666667,0.8345229603962802,0.29504842217604116,8
transition,d23,24,11,23,0.9025000000000001,49,half_chain_entropy,1.25,0.7715167498104596,0.27277236279499045,8
transition,d23,24,11,23,0.9025000000000001,49,tripartite_mutual_information,-0.08333333333333333,0.2357022603955158,0.08333333333333331,8
transition,d23,24,11,23,0.9375000000000001,49,half_chain_entropy,0.16666666666666666,0.3086066999241838,0.10910894511799618,8
transition,d23,24,11,23,0.9375000000000001,49,tripartite_mutual_information,0.0,0.0,0.0,8
transition,d23,24,11,23,0.9725000000000001,49,half_chain_entropy,0.041666666666666664,0.1178511301977579,0.04166666666666666,8
transition,d23,24,11,23,0.9725000000000001,49,tripartite_mutual_information,0.0,0.0,0.0,8
transition,d31,8,11,31,0.7275,33,half_chain_entropy,8.458333333333334,0.3959116463884734,0.13997590495601,8
transition,d31,8,11,31,0.7275,33,tripartite_mutual_information,-5.958333333333334,0.653136510683105,0.23091862787227171,8
transition,d31,8,11,31,0.7625000000000001,33,half_chain_entropy,6.833333333333333,0.5909368402852789,0.20892772350933625,8
transition,d31,8,11,31,0.7625000000000001,33,tripartite_mutual_information,-4.375,0.67700320038633,0.2393567769390845,8
transition,d31,8,11,31,0.7975000000000001,33,half_chain_entropy,5.416666666666667,0.5270462766947298,0.18633899812498245,8
transition,d31,8,11,31,0.7975000000000001,33,tripartite_mutual_information,-2.958333333333333,0.7855338898249342,0.27772817017352863,8
transition,d31,8,11,31,0.8325,33,half_chain_entropy,4.0,0.6172133998483676,0.21821789023599236,8
transition,d31,8,11,31,0.8325,33,tripartite_mutual_information,-1.9166666666666665,0.66068747264341,0.23358829607557838,8
transition,d31,8,11,31,0.8675000000000002,33,half_chain_entropy,1.875,0.6651769068904282,0.23517555077545724,8
transition,d31,8,11,31,0.8675000000000002,33,tripartite_mutual_information,-0.41666666666666663,0.4629100498862757,0.16366341767699427,8
transition,d31,8,11,31,0.9025000000000001,33,half_chain_entropy,0.5416666666666666,0.2480079363809483,0.08768404680152521,8
transition,d31,8,11,31,0.9025000000000001,33,tripartite_mutual_information,-0.125,0.17251638983558856,0.060993754559283325,8
transition,d31,8,11,31,0.9375000000000001,33,half_chain_entropy,0.08333333333333333,0.1543033499620919,0.05455447255899809,8
transition,d31,8,11,31,0.9375000000000001,33,tripartite_mutual_information,0.0,0.0,0.0,8
transition,d31,8,11,31,0.9725000000000001,33,half_chain_entropy,0.0,0.0,0.0,8
transition,d31,8,11,31,0.9725000000000001,33,tripartite_mutual_information,0.0,0.0,0.0,8
transition,d31,12,11,31,0.7275,33,half_chain_entropy,13.458333333333332,0.35355339059327356,0.12499999999999992,8
transition,d31,12,11,31,0.7275,33,tripartite_mutual_information,-11.083333333333334,0.6606874726434102,0.23358829607557846,8
transition,d31,12,11,31,0.7625000000000001,33,half_chain_entropy,10.625,0.7000566870471027,0.2475074153129975,8
transition,d31,12,11,31,0.7625000000000001,33,tripartite_mutual_information,-7.75,1.1233453440081382,0.39716255518124477,8
transition,d31,12,11,31,0.7975000000000001,33,half_chain_entropy,8.333333333333334,0.4364357804719847,0.15430334996209188,8
transition,d31,12,11,31,0.7975000000000001,33,tripartite_mutual_information,-5.708333333333333,0.45206756062017917,0.15983001883449466,8
transition,d31,12,11,31,0.8325,33,half_chain_entropy,5.958333333333334,0.6770032003863301,0.23935677693908453,8
transition,d31,12,11,31,0.8325,33,tripartite_mutual_information,-3.2916666666666665,0.5756294001779325,0.20351572615808045,8
transition,d31,12,11,31,0.8675000000000002,33,half_chain_entropy,2.9166666666666665,0.6606874726434099,0.23358829607557835,8
transition,d31,12,11,31,0.8675000000000002,33,tripartite_mutual_information,-0.8333333333333334,0.5039526306789697,0.1781741612749496,8
transition,d31,12,11,31,0.9025000000000001,33,half_chain_entropy,1.375,0.7223748312513366,0.255398070868154,8
transition,d31,12,11,31,0.9025000000000001,33,tripartite_mutual_information,-0.041666666666666664,0.21362331482055189,0.07552724726458046,8
transition,d31,12,11,31,0.9375000000000001,33,half_chain_entropy,0.125,0.2480079363809483,0.08768404680152521,8
transition,d31,12,11,31,0.9375000000000001,33,tripartite_mutual_information,0.0,0.0,0.0,8
transition,d31,12,11,31,0.9725000000000001,33,half_chain_entropy,0.0,0.0,0.0,8
transition,d31,12,11,31,0.9725000000000001,33,tripartite_mutual_information,0.0,0.0,0.0,8
transition,d31,16,11,31,0.7275,33,half_chain_entropy,17.875,0.4341567268764392,0.15349758283604298,8
transition,d31,16,11,31,0.7275,33,tripartite_mutual_information,-14.791666666666668,0.7955730688858867,0.2812775559693014,8
transition,d31,16,11,31,0.7625000000000001,33,half_chain_entropy,14.166666666666666,0.7559289460184546,0.2672612419124244,8
transition,d31,16,11,31,0.7625000000000001,33,tripartite_mutual_information,-10.458333333333332,1.097435683475382,0.3880021068507681,8
transition,d31,16,11,31,0.7975000000000001,33,half_chain_entropy,10.916666666666666,0.42724662964110377,0.15105449452916092,8
transition,d31,16,11,31,0.7975000000000001,33,tripartite_mutual_information,-7.416666666666666,0.7715167498104594,0.2727723627949904,8
transition,d31,16,11,31,0.8325,33,half_chain_entropy,7.833333333333333,0.43643578047198467,0.15430334996209186,8
transition,d31,16,11,31,0.8325,33,tripartite_mutual_information,-4.458333333333333,0.815280650869711,0.2882452384000774,8
transition,d31,16,11,31,0.8675000000000002,33,half_chain_entropy,4.0,1.2215005084172057,0.4318656463623108,8
transition,d31,16,11,31,0.8675000000000002,33,tripartite_mutual_information,-0.9166666666666667,0.9041351212403583,0.3196600376689893,8
transition,d31,16,11,31,0.9025000000000001,33,half_chain_entropy,1.25,0.5270462766947299,0.18633899812498247,8
transition,d31,16,11,31,0.9025000000000001,33,tripartite_mutual_information,-0.29166666666666663,0.3753305421532011,0.13269938577147591,8
transition,d31,16,11,31,0.9375000000000001,33,half_chain_entropy,0.08333333333333333,0.1543033499620919,0.05455447255899809,8
transition,d31,16,11,31,0.9375000000000001,33,tripartite_mutual_information,0.0,0.0,0.0,8
transition,d31,16,11,31,0.9725000000000001,33,half_chain_entropy,0.041666666666666664,0.1178511301977579,0.04166666666666666,8
transition,d31,16,11,31,0.9725000000000001,33,tripartite_mutual_information,0.0,0.0,0.0,8
transition,d31,24,11,31,0.7275,49,half_chain_entropy,26.75,0.5270462766947295,0.1863389981249823,8
transition,d31,24,11,31,0.7275,49,tripartite_mutual_information,-22.916666666666664,0.6107502542086032,0.2159328231811555,8
transition,d31,24,11,31,0.7625000000000001,49,half_chain_entropy,21.166666666666668,1.221500508417205,0.43186564636231056,8
transition,d31,24,11,31,0.7625000000000001,49,tripartite_mutual_information,-17.041666666666664,1.5679073101855647,0.5543389456520862,8
transition,d31,24,11,31,0.7975000000000001,49,half_chain_entropy,15.958333333333334,0.9667077166981806,0.34178279095132363,8
transition,d31,24,11,31,0.7975000000000001,49,tripartite_mutual_information,-11.833333333333334,0.9258200997725513,0.3273268353539885,8
transition,d31,24,11,31,0.8325,49,half_chain_entropy,11.333333333333334,0.992031745523793,0.3507361872061007,8
transition,d31,24,11,31,0.8325,49,tripartite_mutual_information,-7.416666666666666,0.7292091824339786,0.2578143789012822,8
transition,d31,24,11,31,0.8675000000000002,49,half_chain_entropy,5.375,1.0455878577403088,0.36967113226724374,8
transition,d31,24,11,31,0.8675000000000002,49,tripartite_mutual_information,-2.0833333333333335,1.3772528441885306,0.4869324127670847,8
transition,d31,24,11,31,0.9025000000000001,49,half_chain_entropy,1.0,0.642416074439621,0.22712838128974894,8
transition,d31,24,11,31,0.9025000000000001,49,tripartite_mutual_information,-0.041666666666666664,0.1178511301977579,0.04166666666666666,8
transition,d31,24,11,31,0.9375000000000001,49,half_chain_entropy,0.20833333333333331,0.2480079363809483,0.08768404680152521,8
transition,d31,24,11,31,0.9375000000000001,49,tripartite_mutual_information,0.0,0.0,0.0,8
transition,d31,24,11,31,0.9725000000000001,49,half_chain_entropy,0.0,0.0,0.0,8
transition,d31,24,11,31,0.9725000000000001,49,tripartite_mutual_information,0.0,0.0,0.0,8
