time,mean_photon_number,analytic_mean_photon_number,absolute_error,trace,hermiticity_error,minimum_density_eigenvalue
0.0,2.9999999999999996,3.0,4.440892098500626e-16,1.0,0.0,0.0
0.05,2.9435662189242446,2.9435662189242526,7.993605777301127e-15,0.9999999999999998,0.0,1.8195993026734623e-28
0.1,2.8882499015841097,2.888249901584121,1.1546319456101628e-14,0.9999999999999999,0.0,6.23277387985553e-25
0.15000000000000002,2.834028920715093,2.834028920715109,1.5987211554602254e-14,1.0,0.0,6.428885576235756e-23
0.2,2.780881587201909,2.780881587201912,3.1086244689504383e-15,0.9999999999999999,0.0,1.615205250531585e-21
0.25,2.728786641402469,2.728786641402485,1.5987211554602254e-14,1.0,0.0,1.8737278839155762e-20
0.30000000000000004,2.6777232446439,2.6777232446438988,1.3322676295501878e-15,1.0,0.0,1.3338242702479787e-19
0.35000000000000003,2.6276709708865575,2.6276709708865966,3.907985046680551e-14,1.0000000000000002,0.0,6.781235445484634e-19
0.4,2.5786097985536514,2.5786097985537024,5.10702591327572e-14,1.0,0.0,2.695711159797978e-18
0.45,2.5305201025220745,2.530520102522125,5.062616992290714e-14,1.0,0.0,8.883250415934264e-18
0.5,2.483382646272185,2.4833826462722484,6.350475700855895e-14,1.0,0.0,2.5253919730451523e-17
0.55,2.4371785741929717,2.4371785741930636,9.192646643896296e-14,1.0,0.0,6.372336716129757e-17
0.6000000000000001,2.391889404039581,2.391889404039677,9.636735853746359e-14,1.0000000000000002,0.0,1.4574788723313746e-16
0.65,2.347497019540164,2.347497019540164,0.0,1.0000000000000002,0.0,3.070183400161607e-16
0.7000000000000001,2.303983663148788,2.3039836631488178,2.9753977059954195e-14,1.0000000000000002,0.0,6.030684020765126e-16
0.75,2.261331928942714,2.261331928942896,1.8207657603852567e-13,0.9999999999999997,0.0,1.1155101802827382e-15
0.8,2.2195247556600393,2.219524755660019,2.042810365310288e-14,1.0000000000000002,0.0,1.958492328670826e-15
0.8500000000000001,2.1785454198732297,2.1785454198734375,2.078337502098293e-13,1.0000000000000002,0.0,3.284897376231902e-15
0.9,2.1383775293024656,2.1383775293024385,2.708944180085382e-14,1.0,0.0,5.291756933091156e-15
0.9500000000000001,2.0990050162549134,2.099005016255214,3.006483950684924e-13,1.0,0.0,8.224401225835739e-15
1.0,2.06041213120158,2.060412131201572,7.993605777301127e-15,0.9999999999999999,0.0,1.237890430982605e-14
1.05,2.022583436472667,2.0225834364729116,2.446931546273845e-13,1.0000000000000002,0.0,1.8102511885265283e-14
1.1,1.9855038000866159,1.9855038000869527,3.368416656712725e-13,1.0000000000000002,0.0,2.5791846346668486e-14
1.1500000000000001,1.9491583896947515,1.9491583896947389,1.2656542480726785e-14,1.0000000000000004,0.0,3.588883209940196e-14
1.2000000000000002,1.913532666647396,1.9135326666475014,1.0547118733938987e-13,0.9999999999999999,0.0,4.887441420418217e-14
1.25,1.878612380180441,1.8786123801810053,5.642153411145046e-13,1.0,0.0,6.52602713422755e-14
1.3,1.8443835617145836,1.844383561715054,4.702904732312163e-13,1.0000000000000002,0.0,8.55788219564996e-14
1.35,1.8108325192657415,1.8108325192658705,1.290079154614432e-13,0.9999999999999997,0.0,1.1037189915241192e-13
1.4000000000000001,1.7779458319691928,1.7779458319691224,7.038813976123492e-14,1.0,0.0,1.4017853617328078e-13
1.4500000000000002,1.7457103447114397,1.7457103447113957,4.39648317751562e-14,0.9999999999999999,0.0,1.7552231242300636e-13
1.5,1.7141131628676465,1.714113162867975,3.2862601528904634e-13,1.0000000000000002,0.0,2.1689871431904017e-13
1.55,1.683141647144115,1.6831416471448222,7.072120666862247e-13,1.0,0.0,2.647629462967276e-13
1.6,1.6527834085217201,1.6527834085226882,9.681144774731365e-13,1.0,0.0,3.1951857741527254e-13
1.6500000000000001,1.6230263033002117,1.6230263033013426,1.1308731728831845e-12,1.0000000000000002,0.0,3.8150736415704123e-13
1.7000000000000002,1.5938584282406834,1.5938584282419301,1.2467804566540508e-12,1.0000000000000002,0.0,4.510005190027353e-13
1.75,1.565268115804164,1.565268115805517,1.3531398224131408e-12,0.9999999999999999,0.0,5.281916269902639e-13
1.8,1.537243929484455,1.537243929485919,1.4639400802707314e-12,0.9999999999999999,0.0,6.131913430113144e-13
1.85,1.5097746592333856,1.5097746592349477,1.5620837956475953e-12,0.9999999999999999,0.0,7.060239349122567e-13
1.9000000000000001,1.4828493169766483,1.482849316978241,1.5927259511272496e-12,1.0000000000000002,0.0,8.066256746677559e-13
1.9500000000000002,1.4564571322184323,1.4564571322198867,1.454392162258955e-12,0.9999999999999998,0.0,9.148450239282109e-13
2.0,1.4305875477330452,1.4305875477340815,1.0362821711851211e-12,0.9999999999999999,0.0,1.0304445124232887e-12
2.0500000000000003,1.4052302153417413,1.4052302153420977,3.5638159090467525e-13,1.0,0.0,1.1531041687880673e-12
2.1,1.3803749917729191,1.380374991772877,4.218847493575595e-14,1.0000000000000004,0.0,1.282426333589414e-12
2.15,1.3560119346054176,1.3560119346055841,1.6653345369377348e-13,1.0,0.0,1.4179416598413507e-12
2.2,1.3321312982915465,1.3321312982925066,9.601208716958354e-13,0.9999999999999999,0.0,1.5591160991884323e-12
2.25,1.3087235302584566,1.3087235302607074,2.2508661601250424e-12,1.0000000000000002,0.0,1.7053586624847191e-12
2.3000000000000003,1.2857792670877282,1.2857792670908652,3.1370461783808423e-12,1.0,0.0,1.8560297433635978e-12
2.35,1.2632893307694786,1.263289330771785,2.3063773113563e-12,1.0,0.0,2.01044980852617e-12
2.4000000000000004,1.241244725028826,1.241244725029069,2.4291679778798425e-13,1.0,0.0,2.1679082665042485e-12
2.45,1.219636631725849,1.2196366317264886,6.397105067890152e-13,0.9999999999999997,0.0,2.327672331629433e-12
2.5,1.1984564073357629,1.1984564073386106,2.8477220581635265e-12,0.9999999999999999,0.0,2.488995704036508e-12
2.5500000000000003,1.1776955794888793,1.1776955794932729,4.3935965976515945e-12,1.0,0.0,2.6511269758391167e-12
2.6,1.157345843580675,1.1573458435825235,1.8485213360008856e-12,1.0000000000000002,0.0,2.813317619991396e-12
2.6500000000000004,1.1373990594400645,1.1373990594406633,5.988542994828094e-13,1.0000000000000002,0.0,2.974829482832417e-12
2.7,1.1178472480844766,1.1178472480880766,3.6000091796495326e-12,1.0000000000000004,0.0,3.1349416330249405e-12
2.75,1.0986825885340457,1.0986825885395266,5.480949027969473e-12,1.0000000000000002,0.0,3.2929565787022453e-12
2.8000000000000003,1.0798974146746756,1.0798974146756626,9.869882688917642e-13,1.0000000000000002,0.0,3.4482058361029706e-12
2.85,1.061484212174346,1.061484212176466,2.120081887824199e-12,0.9999999999999999,0.0,3.6000547789053783e-12
2.9000000000000004,1.043435615508782,1.043435615515425,6.642908445542162e-12,1.0000000000000002,0.0,3.747906685094536e-12
2.95,1.0257444050102782,1.0257444050132238,2.9456437289354653e-12,1.0000000000000002,0.0,3.891206156788395e-12
3.0,1.0084035039479486,1.0084035039497758,1.8272050539280826e-12,1.0000000000000002,0.0,4.029441854402776e-12
3.0500000000000003,0.9914059757257989,0.9914059757334404,7.641443033890027e-12,1.0000000000000002,0.0,4.162148466623342e-12
3.1,0.9747450211229945,0.9747450211262941,3.2995828291859652e-12,1.0000000000000007,0.0,4.288908106473102e-12
3.1500000000000004,0.9584139755216353,0.9584139755243454,2.710054403110007e-12,1.0000000000000002,0.0,4.409351140770561e-12
3.2,0.9424063062823786,0.9424063062916032,9.224510044703038e-12,1.0,0.0,4.523156377462404e-12
3.25,0.9267156101454291,0.9267156101469359,1.5067946890212625e-12,1.0000000000000004,0.0,4.630050831588461e-12
3.3000000000000003,0.9113356105969426,0.9113356106026733,5.730749208510133e-12,1.0000000000000002,0.0,4.729809004221695e-12
3.35,0.8962601554449047,0.8962601554539291,9.024447855665585e-12,1.0,0.0,4.822251750513014e-12
3.4000000000000004,0.8814832143159891,0.8814832143176341,1.6450174555870944e-12,1.0,0.0,4.907244843584116e-12
3.45,0.8669988762093971,0.8669988762203059,1.0908829395361863e-11,0.9999999999999999,0.0,4.984697157480901e-12
3.5,0.8528013472309116,0.8528013472335784,2.666755705149626e-12,1.0000000000000002,0.0,5.054558718519878e-12
3.5500000000000003,0.8388849481493401,0.8388849481565538,7.213674102501955e-12,1.0000000000000002,0.0,5.116818408300654e-12
3.6,0.825244112234503,0.8252441122440469,9.543921208887696e-12,1.0000000000000002,0.0,5.171501645778216e-12
3.6500000000000004,0.8118733829765459,0.8118733829798126,3.2667202276570606e-12,1.0,0.0,5.218667870105109e-12
3.7,0.7987674118802185,0.7987674118938661,1.3647638574809662e-11,1.0,0.0,5.258407908767167e-12
3.75,0.7859209564215219,0.7859209564230251,1.5031309530399994e-12,1.0,0.0,5.2908414725152695e-12
3.8000000000000003,0.773328877799791,0.773328877813812,1.4021006577991102e-11,0.9999999999999999,0.0,5.31611433117214e-12
3.85,0.7609861390652506,0.7609861390668872,1.6365797605999433e-12,1.0000000000000002,0.0,5.334395903429228e-12
3.9000000000000004,0.7488878029096998,0.7488878029221794,1.2479572930601535e-11,1.0,0.0,5.345876424080071e-12
3.95,0.7370290298793666,0.7370290298839178,4.551248267148367e-12,1.0000000000000002,0.0,5.350764643652032e-12
4.0,0.7254050762741845,0.7254050762847679,1.058342302684423e-11,1.0000000000000002,0.0,5.3492851552884085e-12
4.05,0.714011292380507,0.7140112923883019,7.794875855893224e-12,1.0000000000000002,0.0,5.341676197789127e-12
4.1000000000000005,0.7028431205199219,0.7028431205290417,9.119816013480886e-12,1.0000000000000002,0.0,5.328187262612895e-12
4.15,0.6918960932791851,0.6918960932893334,1.0148326623493631e-11,1.0,0.0,5.309077021811206e-12
4.2,0.6811658317039521,0.6811658317123184,8.366307646667792e-12,1.0000000000000002,0.0,5.284611253750597e-12
4.25,0.6706480435389146,0.6706480435502937,1.137911986859308e-11,1.0000000000000002,0.0,5.255060947543578e-12
4.3,0.6603385215393482,0.6603385215477557,8.407496920881385e-12,1.0,0.0,5.2207005358032935e-12
4.3500000000000005,0.6502331417470155,0.650233141758441,1.1425527191022411e-11,1.0,0.0,5.181806228349336e-12
4.4,0.6403278618863713,0.6403278618956939,9.322653760079902e-12,1.0,0.0,5.138654519128323e-12
4.45,0.630618719705357,0.6306187197154971,1.0140110973111405e-11,0.9999999999999999,0.0,5.091520789392205e-12
4.5,0.6211018314203002,0.6211018314315216,1.1221468199096307e-11,0.9999999999999999,0.0,5.040678048019601e-12
4.55,0.6117733901541978,0.6117733901615602,7.362332965499263e-12,1.0000000000000002,0.0,4.98639582848708e-12
4.6000000000000005,0.6026296643905868,0.6026296644047239,1.413702488406443e-11,1.0000000000000002,0.0,4.928939121954025e-12
4.65,0.593666996545433,0.5936669965487922,3.359201805608336e-12,1.0000000000000004,0.0,4.868567573635753e-12
4.7,0.5848818013893443,0.584881801407119,1.7774670624248756e-11,1.0000000000000004,0.0,4.805534577728361e-12
4.75,0.5762705647845733,0.5762705647845099,6.339373470609644e-14,1.0000000000000002,0.0,4.740086753679318e-12
4.800000000000001,0.567829842050338,0.5678298420714977,2.1159629604028396e-11,1.0000000000000002,0.0,4.672463193800981e-12
4.8500000000000005,0.5595562568666774,0.5595562568664532,2.2426505097428162e-13,1.0,0.0,4.6028951676524476e-12
4.9,0.5514464996025922,0.5514464996249782,2.2385981957029344e-11,1.0000000000000002,0.0,4.531605541249284e-12
4.95,0.5434973263341002,0.5434973263360444,1.944222560723574e-12,1.0000000000000002,0.0,4.458808631362433e-12
5.0,0.5357055572053947,0.5357055572243462,1.8951507030351422e-11,1.0000000000000002,0.0,4.384709828408532e-12
5.050000000000001,0.5280680754707047,0.5280680754783468,7.642109167704803e-12,1.0,0.0,4.309505525153157e-12
5.1000000000000005,0.5205818259939339,0.5205818260035137,9.579781412583088e-12,1.0,0.0,4.233382956391456e-12
5.15,0.5132438141841603,0.5132438142002391,1.607880495413383e-11,1.0000000000000004,0.0,4.156520161591566e-12
5.2,0.5060511047669785,0.5060511047659599,1.0185186027911186e-12,1.0000000000000004,0.0,4.079086009177682e-12
5.25,0.4990008204979044,0.4990008205209985,2.309408220213527e-11,1.0000000000000002,0.0,4.0012402070180695e-12
5.300000000000001,0.492090141258923,0.4920901412576515,1.2714829189519605e-12,1.0,0.0,3.923133433152177e-12
5.3500000000000005,0.48531630259007236,0.4853163026120707,2.199834758798147e-11,1.0000000000000002,0.0,3.844907437865218e-12
5.4,0.4786765949526732,0.47867659495847814,5.804967617706325e-12,1.0000000000000002,0.0,3.766695207508062e-12
5.45,0.4721683623163149,0.47216836232528203,8.967104836443696e-12,1.0000000000000002,0.0,3.688621170439122e-12
5.5,0.46578900131471895,0.46578900133265155,1.7932599849501685e-11,1.0000000000000002,0.0,3.610801380490856e-12
5.550000000000001,0.4595359601547143,0.4595359601511302,3.584132990397393e-12,1.0000000000000002,0.0,3.5333437694696596e-12
5.6000000000000005,0.4534067374560901,0.45340673748087046,2.4780344443087188e-11,1.0000000000000002,0.0,3.4563484023168955e-12
5.65,0.4473988815505939,0.4473988815510802,4.863331959370498e-13,1.0000000000000002,0.0,3.3799076986270044e-12
5.7,0.4415099891245896,0.44150998913928174,1.469213639637701e-11,1.0000000000000004,0.0,3.3041067762303422e-12
5.75,0.4357377045954532,0.4357377046099906,1.4537426817895494e-11,1.0000000000000002,0.0,3.2290236572287003e-12
5.800000000000001,0.4300797189767714,0.43007971897243025,4.341138559738056e-12,1.0000000000000002,0.0,3.1547296076570413e-12
5.8500000000000005,0.42453376893171746,0.424533768956905,2.5187518737368464e-11,1.0000000000000004,0.0,3.0812894281828934e-12
5.9,0.4190976361104122,0.4190976361094616,9.50572953684059e-13,1.0000000000000002,0.0,3.008761685104914e-12
5.95,0.41376914589072555,0.4137691459044782,1.3752665672939202e-11,1.0000000000000002,0.0,2.937199108987689e-12
6.0,0.4085461668589174,0.4085461668748256,1.5908163675248943e-11,1.0000000000000004,0.0,2.8666487799837945e-12
6.050000000000001,0.4034266097656267,0.40342660975925093,6.375788785817349e-12,1.0000000000000002,0.0,2.797152477691933e-12
6.1000000000000005,0.3984084266413599,0.39840842666664655,2.528666165346749e-11,1.0000000000000002,0.0,2.7287469796004065e-12
6.15,0.39348961025516566,0.3934896102568654,1.6997514507011147e-12,1.0000000000000007,0.0,2.6614642500842988e-12
6.2,0.388668192932607,0.38866819293775834,5.151323811958264e-12,1.0000000000000002,0.0,2.59533183962599e-12
6.25,0.383942246056293,0.38394224607811156,2.1818546969143426e-11,1.0000000000000002,0.0,2.530373054786368e-12
6.300000000000001,0.3793098792429167,0.3793098792361673,6.749378833603714e-12,1.0000000000000004,0.0,2.4666072334456095e-12
6.3500000000000005,0.37476923938355744,0.37476923940342344,1.9865997735735164e-11,1.0000000000000004,0.0,2.4040500670397167e-12
6.4,0.37031851025221885,0.3703185102634042,1.1185330439644758e-11,1.0000000000000004,0.0,2.342713723158554e-12
6.45,0.3659559114734747,0.36595591146510964,8.365086401340704e-12,1.0000000000000004,0.0,2.2826071825155353e-12
6.5,0.3616796978850222,0.3616796979108515,2.5829338667904267e-11,1.0000000000000004,0.0,2.2237364418851473e-12
6.550000000000001,0.3574881590574295,0.3574881590581913,7.618350394977824e-13,1.0000000000000002,0.0,2.16610465463022e-12
6.6000000000000005,0.35337961823562847,0.3533796182357002,7.172040739078511e-14,1.0000000000000004,0.0,2.1097124624897633e-12
6.65,0.3493524319477895,0.34935243197226773,2.4478252758086683e-11,1.0000000000000004,0.0,2.054558104187918e-12
6.7,0.3454049893460723,0.34540498933969205,6.38022967791585e-12,1.0000000000000004,0.0,2.000637601330511e-12
6.75,0.34153571129803384,0.3415357113082868,1.0252965143564552e-11,1.0000000000000002,0.0,1.9479450247433155e-12
6.800000000000001,0.3377430500954838,0.3377430501152483,1.9764523351284424e-11,1.0000000000000004,0.0,1.8964725595881483e-12
6.8500000000000005,0.33402548865587495,0.33402548864553017,1.0344780587701052e-11,1.0000000000000002,0.0,1.8462107186368365e-12
6.9,0.3303815398075445,0.330381539824976,1.743150068733712e-11,1.0000000000000004,0.0,1.797148532459987e-12
6.95,0.32680974601082563,0.32680974602547114,1.4645507029342753e-11,1.0000000000000004,0.0,1.7492736007390642e-12
7.0,0.32330867849426853,0.32330867848187117,1.2397360915628042e-11,1.0000000000000004,0.0,1.7025723058643929e-12
7.050000000000001,0.3198769366990111,0.3198769367204771,2.1465995647673708e-11,1.0000000000000004,0.0,1.6570299426509207e-12
7.1000000000000005,0.3165131479881705,0.3165131479988273,1.0656808768771953e-11,1.0000000000000004,0.0,1.612630764640257e-12
7.15,0.3132159667702483,0.3132159667565819,1.3666401343925827e-11,1.0000000000000002,0.0,1.5693581804394913e-12
7.2,0.3099840740539679,0.30998407407728107,2.3313184716045043e-11,1.0000000000000002,0.0,1.5271948420721585e-12
7.25,0.30681617715234344,0.30681617716076054,8.417100350044393e-12,1.0000000000000004,0.0,1.4861226858680262e-12
7.300000000000001,0.3037110088207711,0.3037110088060146,1.4756529331805268e-11,1.0000000000000002,0.0,1.4461231036959852e-12
7.3500000000000005,0.30066732688058295,0.3006673269042984,2.371547402901797e-11,1.0000000000000004,0.0,1.4071770053613941e-12
7.4,0.2976839139341034,0.29768391394226856,8.165190745756945e-12,1.0000000000000002,0.0,1.3692648511848322e-12
7.45,0.29475957653081464,0.29475957651496065,1.5853984791647235e-11,1.0000000000000002,0.0,1.3323667962000105e-12
7.5,0.2918931448256344,0.2918931448484122,2.2777835173570793e-11,1.0000000000000002,0.0,1.2964627376615758e-12
7.550000000000001,0.28908347232169795,0.28908347233173687,1.0038914144416822e-11,1.0000000000000002,0.0,1.2615323370243763e-12
7.6000000000000005,0.2863294350752963,0.2863294350584653,1.6830981053317373e-11,1.0000000000000002,0.0,1.2275551375508386e-12
7.65,0.2836299313571055,0.2836299313769671,1.9861612354787894e-11,1.0000000000000007,0.0,1.1945106046658935e-12
7.7,0.28098388143572905,0.280983881449776,1.40469302856161e-11,1.0000000000000004,0.0,1.1623781369826757e-12
7.75,0.27839022683875403,0.2783902268216397,1.7114309969201713e-11,1.0000000000000004,0.0,1.1311371578849874e-12
7.800000000000001,0.27584792998243457,0.2758479299961246,1.3690049094350343e-11,1.0000000000000002,0.0,1.100767153948741e-12
7.8500000000000005,0.27335597400089173,0.27335597402060274,1.9711010601497492e-11,1.0000000000000002,0.0,1.071247677112917e-12
7.9,0.2709133620949197,0.27091336207945743,1.546224259740825e-11,1.0000000000000004,0.0,1.0425584100922875e-12
7.95,0.26851911709235815,0.2685191170953435,2.9853342020658147e-12,1.0000000000000004,0.0,1.0146792057210633e-12
8.0,0.26617228131293347,0.2661722813383437,2.541022947610827e-11,1.0000000000000004,0.0,9.875900845473124e-13
8.05,0.26387191605296684,0.26387191604286353,1.010330707984508e-11,1.0000000000000004,0.0,9.612712740137737e-13
8.1,0.26161710104362174,0.2616171010321131,1.1508627384415604e-11,1.0000000000000007,0.0,9.357032487932414e-13
8.15,0.25940693432231765,0.2594069343500234,2.7705726601823244e-11,1.0000000000000004,0.0,9.108667288529502e-13
8.200000000000001,0.2572405319001952,0.25724053190045215,2.569611190494925e-13,1.0000000000000004,0.0,8.86742694831812e-13
8.25,0.2551170271154682,0.255117027093534,2.1934176697158136e-11,1.0000000000000007,0.0,8.633124260025265e-13
8.3,0.2530355704775264,0.25303557049903225,2.150585265425775e-11,1.0000000000000004,0.0,8.405575022551355e-13
8.35,0.250995329492134,0.2509953295065561,1.4422130156788171e-11,1.0000000000000004,0.0,8.184598034294757e-13
8.4,0.248995488013114,0.24899548799250487,2.0609125517268012e-11,1.0000000000000004,0.0,7.970015378242049e-13
8.450000000000001,0.24703524599059146,0.24703524599360804,3.016586980209013e-12,1.0000000000000004,0.0,7.761652491873721e-13
8.5,0.24511381936045745,0.24511381938692928,2.6471824732254845e-11,1.0000000000000007,0.0,7.55933810866347e-13
8.55,0.24323043958610116,0.24323043957620644,9.89472392909363e-12,1.0000000000000004,0.0,7.362904385524175e-13
8.6,0.24138435320534543,0.24138435318440318,2.094224793580679e-11,1.0000000000000004,0.0,7.172187008136312e-13
8.65,0.23957482172666353,0.23957482175234793,2.5684399052039453e-11,1.0000000000000004,0.0,6.987025151172052e-13
8.700000000000001,0.23780112143346285,0.23780112144334054,9.877682005665633e-12,1.0000000000000007,0.0,6.807261469905173e-13
8.75,0.23606254277779296,0.23606254275360772,2.4185237146312488e-11,1.0000000000000002,0.0,6.632742184786744e-13
8.8,0.2343583902252081,0.23435839022849214,3.284039706841213e-12,1.0000000000000002,0.0,6.463317076625794e-13
8.85,0.23268798215708672,0.2326879821842616,2.7174873462598725e-11,1.0000000000000004,0.0,6.298839426667229e-13
8.9,0.23105065044499085,0.2310506504354258,9.56504320193119e-12,1.0000000000000002,0.0,6.139166034755825e-13
8.950000000000001,0.229445740053809,0.22944574002745396,2.635502927006428e-11,1.0000000000000004,0.0,5.98415721476562e-13
9.0,0.22787260895270844,0.22787260897478379,2.2075341554739225e-11,1.0000000000000004,0.0,5.833676755186132e-13
9.05,0.22633062798749826,0.22633062800401876,1.6520507184480948e-11,1.0000000000000004,0.0,5.68759188147357e-13
9.1,0.22481918032492146,0.22481918030221068,2.2710777702883433e-11,1.0000000000000004,0.0,5.545773219463024e-13
9.15,0.22333766128315374,0.22333766127012583,1.30279120824639e-11,1.0000000000000004,0.0,5.40809476933222e-13
9.200000000000001,0.22188547825137261,0.2218854782803975,2.9024893599682855e-11,1.0000000000000004,0.0,5.274433854335351e-13
9.25,0.22046205043694256,0.22046205044046724,3.5246805474287157e-12,1.0000000000000004,0.0,5.144671081249844e-13
9.3,0.21906680838946044,0.21906680836021963,2.924080422239683e-11,1.0000000000000002,0.0,5.018690261372518e-13
9.35,0.2176991939227062,0.21769919392421924,1.513039693534779e-12,1.0000000000000002,0.0,4.896378385376691e-13
9.4,0.21635866003974746,0.21635866006845644,2.8708979638025767e-11,1.0,0.0,4.777625575785727e-13
9.450000000000001,0.21504467056848983,0.21504467056151494,6.974892885480699e-12,1.0000000000000004,0.0,4.662325015346044e-13
9.5,0.21375669982214446,0.21375669979007195,3.207251131343014e-11,1.0000000000000002,0.0,4.550372864417747e-13
9.55,0.21249423253765892,0.21249423254864558,1.0986656029388087e-11,1.0,0.0,4.4416682334145693e-13
9.600000000000001,0.2112567638074047,0.21125676383350622,2.6101509842391124e-11,1.0000000000000002,0.0,4.336113145303484e-13
9.65,0.2100437986544532,0.21004379864066805,1.3785139696409487e-11,1.0000000000000002,0.0,4.2336124276977607e-13
9.700000000000001,0.20885485180144017,0.20885485176788077,3.3559405254735e-11,1.0000000000000002,0.0,4.134073643784517e-13
9.75,0.20768944760509248,0.20768944762054248,1.5450002388561757e-11,1.0000000000000002,0.0,4.037407061447401e-13
9.8,0.20654711999721076,0.2065471200214553,2.4244550811403087e-11,1.0000000000000004,0.0,3.94352562521823e-13
9.850000000000001,0.20542741204144707,0.2054274120243483,1.709876684685696e-11,1.0000000000000002,0.0,3.8523448229227193e-13
9.9,0.20432987576587225,0.20432987573109312,3.477912402516381e-11,1.0000000000000002,0.0,3.76378262963507e-13
9.950000000000001,0.20325407209672613,0.20325407211253838,1.581224040592133e-11,1.0000000000000002,0.0,3.6777594772670897e-13
10.0,0.2021995708084512,0.20219957083289242,2.4441226820215434e-11,1.0000000000000002,0.0,3.5941982322570536e-13
10.05,0.20116595009466717,0.20116595007758312,1.7084056391780678e-11,1.0,0.0,3.513024053265951e-13
10.100000000000001,0.20015279642149736,0.20015279638452663,3.6970732031349485e-11,1.0000000000000004,0.0,3.4341643388333854e-13
10.15,0.1991597044666512,0.19915970447873685,1.2085638045888913e-11,1.0000000000000002,0.0,3.3575487009165973e-13
10.200000000000001,0.19818627708354405,0.19818627711020997,2.6665919472534938e-11,1.0000000000000004,0.0,3.283108948268164e-13
10.25,0.19723212490841238,0.1972321248950195,1.3392870146233804e-11,1.0000000000000002,0.0,3.210778948865004e-13
10.3,0.19629686619821632,0.19629686615955713,3.865918696277504e-11,1.0,0.0,3.1404945701015596e-13
10.350000000000001,0.19538012678467243,0.1953801267878583,3.1858682358887336e-12,1.0000000000000002,0.0,3.072193660002432e-13
10.4,0.19448154004244902,0.19448154007195106,2.950203970009113e-11,1.0000000000000004,0.0,3.005816032606624e-13
10.450000000000001,0.19360074657055887,0.19360074656516768,5.391187496428529e-12,1.0000000000000002,0.0,2.941303353423012e-13
10.5,0.19273739397708212,0.19273739393836145,3.8720665562763656e-11,1.0000000000000004,0.0,2.8785990590703775e-13
10.55,0.19189113685106277,0.19189113683897005,1.2092715717670899e-11,1.0000000000000002,0.0,2.8176483464674495e-13
10.600000000000001,0.1910616367231863,0.19106163675287016,2.9683866475949117e-11,1.0000000000000002,0.0,2.758398156987107e-13
10.65,0.190248561862114,0.19024856186896724,6.8532401975573976e-12,1.0000000000000002,0.0,2.7007971024324387e-13
10.700000000000001,0.1894515869808636,0.18945158694646658,3.439701301566345e-11,1.0000000000000002,0.0,2.6447953557917114e-13
10.75,0.1886703932167131,0.18867039318477266,3.194045028465098e-11,1.0000000000000002,0.0,2.590344643766794e-13
10.8,0.1879046680739924,0.18790466809596473,2.1972340613629626e-11,1.0000000000000002,0.0,2.537398226298997e-13
10.850000000000001,0.18715410535898958,0.18715410537979751,2.0807938705402762e-11,1.0000000000000002,0.0,2.485910873278616e-13
10.9,0.1864184048235896,0.1864184048011769,2.241268282077158e-11,1.0,0.0,2.435838733410927e-13
10.950000000000001,0.18569727211406375,0.18569727207006195,4.4001802201876217e-11,1.0000000000000004,0.0,2.3871393153837917e-13
11.0,0.18499041872263416,0.18499041872374505,1.1108891584399316e-12,1.0000000000000002,0.0,2.3397714714479815e-13
11.05,0.18429756198185077,0.18429756201146272,2.961195177952902e-11,1.0,0.0,2.29369539723452e-13
11.100000000000001,0.1836184247833982,0.18361842478129195,2.1062596111676157e-12,1.0000000000000002,0.0,2.248872529550392e-13
11.15,0.18295273540983117,0.18295273536928533,4.05458444596718e-11,1.0000000000000002,0.0,2.2052654860755948e-13
11.200000000000001,0.1823002275215776,0.18230022749080205,3.077554877606303e-11,1.0000000000000002,0.0,2.162838061108431e-13
11.25,0.1816606401116203,0.18166064013399058,2.2370272301230898e-11,1.0000000000000002,0.0,2.1215552130433218e-13
11.3,0.18103371743519042,0.18103371745538016,2.018973876971586e-11,1.0000000000000002,0.0,2.0813830391787164e-13
11.350000000000001,0.18041920870043276,0.1804192086775403,2.289246570086334e-11,1.0,0.0,2.042288667465287e-13
11.4,0.17981686803608926,0.17981686798876637,4.7322895602164294e-11,1.0000000000000002,0.0,2.0042402454365817e-13
11.450000000000001,0.17922645445347843,0.17922645444475144,8.72699135179289e-12,1.0000000000000004,0.0,1.9672069290112247e-13
11.5,0.1786477318432542,0.17864773187220567,2.8951480102179517e-11,1.0000000000000002,0.0,1.931158884845196e-13
11.55,0.17808046876814537,0.1780804687743837,6.238315419793139e-12,1.0,0.0,1.8960672183239216e-13
11.600000000000001,0.17752443827507167,0.17752443823848263,3.6589037355483356e-11,1.0000000000000004,0.0,1.8619039112064576e-13
11.65,0.17697941789168162,0.17697941784487442,4.680719700722591e-11,1.0000000000000002,0.0,1.828641820562943e-13
11.700000000000001,0.17644518957177857,0.1764451895781345,6.355915793676559e-12,1.0000000000000002,0.0,1.7962546647671292e-13
11.75,0.17592153971199162,0.17592153973983307,2.784145136658367e-11,1.0000000000000002,0.0,1.7647170297841321e-13
11.8,0.17540825886849573,0.1754082588630527,5.443034911678524e-12,1.0,0.0,1.7340042767693202e-13
11.850000000000001,0.1749051416728584,0.17490514162859885,4.425954047704295e-11,1.0000000000000004,0.0,1.70409251575288e-13
11.9,0.17441198683264783,0.17441198678286945,4.977837586572775e-11,1.0000000000000002,0.0,1.6749586061600834e-13
11.950000000000001,0.17392859710545036,0.1739285970573507,4.8099663141343285e-11,1.0000000000000004,0.0,1.6465801537483776e-13
12.0,0.17345477913836002,0.17345477908970705,4.865297054124085e-11,1.0000000000000004,0.0,1.6189354593365002e-13
