detuning_MHz,excited_population,derived_mean_photons
-12.0,1.2219591952546203e-05,4.0
-11.99,1.2228135766202792e-05,4.0
-11.98,1.2236691871807402e-05,4.0
-11.97,1.2245260299629342e-05,4.0
-11.96,1.2253841080046243e-05,4.0
-11.95,1.226243424354458e-05,4.0
-11.94,1.2271039820720145e-05,4.0
-11.93,1.2279657842278598e-05,4.0
-11.92,1.2288288339035933e-05,4.0
-11.91,1.2296931341919007e-05,4.0
-11.9,1.230558688196611e-05,4.0
-11.89,1.2314254990327385e-05,4.0
-11.88,1.2322935698265441e-05,4.0
-11.87,1.2331629037155839e-05,4.0
-11.86,1.2340335038487612e-05,4.0
-11.85,1.2349053733863828e-05,4.0
-11.84,1.2357785155002108e-05,4.0
-11.83,1.2366529333735162e-05,4.0
-11.82,1.237528630201132e-05,4.0
-11.81,1.2384056091895132e-05,4.0
-11.8,1.2392838735567824e-05,4.0
-11.79,1.2401634265327936e-05,4.0
-11.78,1.2410442713591818e-05,4.0
-11.77,1.2419264112894228e-05,4.0
-11.76,1.2428098495888849e-05,4.0
-11.75,1.2436945895348897e-05,4.0
-11.74,1.2445806344167652e-05,4.0
-11.73,1.2454679875359053e-05,4.0
-11.72,1.2463566522058256e-05,4.0
-11.71,1.2472466317522204e-05,4.0
-11.7,1.2481379295130251e-05,4.0
-11.69,1.2490305488384678e-05,4.0
-11.68,1.2499244930911328e-05,4.0
-11.67,1.2508197656460179e-05,4.0
-11.66,1.2517163698905943e-05,4.0
-11.65,1.2526143092248665e-05,4.0
-11.64,1.253513587061431e-05,4.0
-11.63,1.2544142068255369e-05,4.0
-11.62,1.2553161719551504e-05,4.0
-11.61,1.256219485901009e-05,4.0
-11.6,1.2571241521266874e-05,4.0
-11.59,1.258030174108661e-05,4.0
-11.58,1.2589375553363628e-05,4.0
-11.57,1.2598462993122501e-05,4.0
-11.56,1.260756409551865e-05,4.0
-11.55,1.2616678895839005e-05,4.0
-11.54,1.2625807429502597e-05,4.0
-11.53,1.2634949732061248e-05,4.0
-11.52,1.2644105839200171e-05,4.0
-11.51,1.2653275786738643e-05,4.0
-11.5,1.2662459610630647e-05,4.0
-11.49,1.2671657346965553e-05,4.0
-11.48,1.2680869031968703e-05,4.0
-11.47,1.2690094702002181e-05,4.0
-11.46,1.2699334393565375e-05,4.0
-11.45,1.2708588143295733e-05,4.0
-11.44,1.271785598796938e-05,4.0
-11.43,1.2727137964501807e-05,4.0
-11.42,1.273643410994858e-05,4.0
-11.41,1.2745744461506028e-05,4.0
-11.4,1.2755069056511868e-05,4.0
-11.39,1.2764407932445978e-05,4.0
-11.38,1.2773761126931058e-05,4.0
-11.37,1.278312867773336e-05,4.0
-11.36,1.2792510622763323e-05,4.0
-11.35,1.28019070000764e-05,4.0
-11.34,1.2811317847873665e-05,4.0
-11.33,1.2820743204502607e-05,4.0
-11.32,1.2830183108457795e-05,4.0
-11.31,1.283963759838167e-05,4.0
-11.3,1.2849106713065222e-05,4.0
-11.29,1.2858590491448758e-05,4.0
-11.28,1.2868088972622646e-05,4.0
-11.27,1.2877602195828035e-05,4.0
-11.26,1.2887130200457633e-05,4.0
-11.25,1.289667302605644e-05,4.0
-11.24,1.2906230712322536e-05,4.0
-11.23,1.2915803299107809e-05,4.0
-11.22,1.2925390826418775e-05,4.0
-11.21,1.2934993334417274e-05,4.0
-11.2,1.2944610863421343e-05,4.0
-11.19,1.2954243453905903e-05,4.0
-11.18,1.2963891146503627e-05,4.0
-11.17,1.2973553982005695e-05,4.0
-11.16,1.2983232001362585e-05,4.0
-11.15,1.2992925245684892e-05,4.0
-11.14,1.3002633756244131e-05,4.0
-11.13,1.301235757447353e-05,4.0
-11.12,1.3022096741968904e-05,4.0
-11.11,1.3031851300489389e-05,4.0
-11.1,1.3041621291958342e-05,4.0
-11.09,1.3051406758464143e-05,4.0
-11.08,1.3061207742261039e-05,4.0
-11.07,1.3071024285769973e-05,4.0
-11.06,1.3080856431579451e-05,4.0
-11.05,1.3090704222446394e-05,4.0
-11.04,1.3100567701296952e-05,4.0
-11.03,1.3110446911227452e-05,4.0
-11.02,1.3120341895505173e-05,4.0
-11.01,1.313025269756928e-05,4.0
-11.0,1.3140179361031693e-05,4.0
-10.99,1.315012192967795e-05,4.0
-10.98,1.3160080447468117e-05,4.0
-10.97,1.3170054958537686e-05,4.0
-10.96,1.3180045507198445e-05,4.0
-10.95,1.3190052137939434e-05,4.0
-10.94,1.3200074895427807e-05,4.0
-10.93,1.3210113824509784e-05,4.0
-10.92,1.3220168970211572e-05,4.0
-10.91,1.3230240377740269e-05,4.0
-10.9,1.324032809248482e-05,4.0
-10.89,1.325043216001696e-05,4.0
-10.879999999999999,1.326055262609215e-05,4.0
-10.87,1.3270689536650534e-05,4.0
-10.86,1.3280842937817891e-05,4.0
-10.85,1.3291012875906618e-05,4.0
-10.84,1.330119939741669e-05,4.0
-10.83,1.3311402549036624e-05,4.0
-10.82,1.3321622377644469e-05,4.0
-10.81,1.3331858930308819e-05,4.0
-10.8,1.3342112254289779e-05,4.0
-10.79,1.3352382397039962e-05,4.0
-10.78,1.3362669406205533e-05,4.0
-10.77,1.3372973329627196e-05,4.0
-10.76,1.3383294215341201e-05,4.0
-10.75,1.3393632111580403e-05,4.0
-10.74,1.3403987066775294e-05,4.0
-10.73,1.3414359129555005e-05,4.0
-10.72,1.3424748348748408e-05,4.0
-10.71,1.3435154773385107e-05,4.0
-10.7,1.3445578452696564e-05,4.0
-10.69,1.3456019436117108e-05,4.0
-10.68,1.3466477773285039e-05,4.0
-10.67,1.347695351404371e-05,4.0
-10.66,1.3487446708442597e-05,4.0
-10.65,1.3497957406738417e-05,4.0
-10.64,1.3508485659396193e-05,4.0
-10.629999999999999,1.3519031517090404e-05,4.0
-10.62,1.3529595030706064e-05,4.0
-10.61,1.354017625133988e-05,4.0
-10.6,1.3550775230301335e-05,4.0
-10.59,1.3561392019113893e-05,4.0
-10.58,1.3572026669516059e-05,4.0
-10.57,1.3582679233462603e-05,4.0
-10.56,1.3593349763125668e-05,4.0
-10.55,1.3604038310895982e-05,4.0
-10.54,1.3614744929384002e-05,4.0
-10.53,1.3625469671421078e-05,4.0
-10.52,1.3636212590060703e-05,4.0
-10.51,1.3646973738579643e-05,4.0
-10.5,1.3657753170479182e-05,4.0
-10.49,1.3668550939486334e-05,4.0
-10.48,1.367936709955505e-05,4.0
-10.47,1.3690201704867436e-05,4.0
-10.46,1.3701054809835017e-05,4.0
-10.45,1.3711926469099961e-05,4.0
-10.44,1.3722816737536336e-05,4.0
-10.43,1.3733725670251385e-05,4.0
-10.42,1.3744653322586756e-05,4.0
-10.41,1.3755599750119847e-05,4.0
-10.4,1.3766565008665007e-05,4.0
-10.39,1.37775491542749e-05,4.0
-10.379999999999999,1.3788552243241775e-05,4.0
-10.37,1.3799574332098772e-05,4.0
-10.36,1.3810615477621261e-05,4.0
-10.35,1.3821675736828159e-05,4.0
-10.34,1.3832755166983273e-05,4.0
-10.33,1.3843853825596643e-05,4.0
-10.32,1.385497177042589e-05,4.0
-10.31,1.3866109059477575e-05,4.0
-10.3,1.387726575100862e-05,4.0
-10.29,1.3888441903527605e-05,4.0
-10.28,1.389963757579624e-05,4.0
-10.27,1.3910852826830715e-05,4.0
-10.26,1.392208771590314e-05,4.0
-10.25,1.3933342302542926e-05,4.0
-10.24,1.3944616646538259e-05,4.0
-10.23,1.3955910807937519e-05,4.0
-10.22,1.3967224847050704e-05,4.0
-10.21,1.3978558824450915e-05,4.0
-10.2,1.398991280097583e-05,4.0
-10.19,1.4001286837729149e-05,4.0
-10.18,1.4012680996082105e-05,4.0
-10.17,1.402409533767495e-05,4.0
-10.16,1.4035529924418473e-05,4.0
-10.15,1.4046984818495492e-05,4.0
-10.14,1.405846008236241e-05,4.0
-10.129999999999999,1.4069955778750748e-05,4.0
-10.12,1.4081471970668666e-05,4.0
-10.11,1.4093008721402544e-05,4.0
-10.1,1.410456609451856e-05,4.0
-10.09,1.4116144153864239e-05,4.0
-10.08,1.4127742963570071e-05,4.0
-10.07,1.4139362588051084e-05,4.0
-10.06,1.4151003092008485e-05,4.0
-10.05,1.4162664540431263e-05,4.0
-10.04,1.4174346998597835e-05,4.0
-10.03,1.4186050532077667e-05,4.0
-10.02,1.4197775206732966e-05,4.0
-10.01,1.4209521088720314e-05,4.0
-10.0,1.4221288244492361e-05,4.0
-9.99,1.4233076740799524e-05,4.0
-9.98,1.4244886644691667e-05,4.0
-9.969999999999999,1.4256718023519841e-05,4.0
-9.96,1.426857094493797e-05,4.0
-9.95,1.4280445476904633e-05,4.0
-9.94,1.429234168768478e-05,4.0
-9.93,1.4304259645851505e-05,4.0
-9.92,1.4316199420287817e-05,4.0
-9.91,1.4328161080188434e-05,4.0
-9.9,1.4340144695061571e-05,4.0
-9.89,1.4352150334730732e-05,4.0
-9.879999999999999,1.4364178069336574e-05,4.0
-9.870000000000001,1.4376227969338705e-05,4.0
-9.86,1.4388300105517561e-05,4.0
-9.85,1.4400394548976241e-05,4.0
-9.84,1.4412511371142385e-05,4.0
-9.83,1.4424650643770091e-05,4.0
-9.82,1.4436812438941752e-05,4.0
-9.81,1.444899682907003e-05,4.0
-9.8,1.446120388689978e-05,4.0
-9.79,1.447343368550993e-05,4.0
-9.78,1.4485686298315493e-05,4.0
-9.77,1.4497961799069507e-05,4.0
-9.76,1.451026026186503e-05,4.0
-9.75,1.4522581761137127e-05,4.0
-9.74,1.4534926371664869e-05,4.0
-9.73,1.4547294168573369e-05,4.0
-9.719999999999999,1.455968522733584e-05,4.0
-9.71,1.4572099623775575e-05,4.0
-9.7,1.4584537434068092e-05,4.0
-9.69,1.459699873474319e-05,4.0
-9.68,1.4609483602686993e-05,4.0
-9.67,1.4621992115144154e-05,4.0
-9.66,1.4634524349719905e-05,4.0
-9.65,1.464708038438221e-05,4.0
-9.64,1.4659660297463944e-05,4.0
-9.629999999999999,1.4672264167665056e-05,4.0
-9.620000000000001,1.4684892074054734e-05,4.0
-9.61,1.4697544096073638e-05,4.0
-9.6,1.4710220313536081e-05,4.0
-9.59,1.4722920806632297e-05,4.0
-9.58,1.4735645655930674e-05,4.0
-9.57,1.474839494238001e-05,4.0
-9.56,1.4761168747311812e-05,4.0
-9.55,1.4773967152442587e-05,4.0
-9.54,1.4786790239876144e-05,4.0
-9.53,1.479963809210595e-05,4.0
-9.52,1.4812510792017453e-05,4.0
-9.51,1.4825408422890456e-05,4.0
-9.5,1.4838331068401502e-05,4.0
-9.49,1.4851278812626272e-05,4.0
-9.48,1.4864251740041997e-05,4.0
-9.469999999999999,1.4877249935529906e-05,4.0
-9.46,1.4890273484377619e-05,4.0
-9.45,1.4903322472281723e-05,4.0
-9.44,1.4916396985350152e-05,4.0
-9.43,1.4929497110104749e-05,4.0
-9.42,1.4942622933483795e-05,4.0
-9.41,1.4955774542844509e-05,4.0
-9.4,1.4968952025965641e-05,4.0
-9.39,1.498215547105004e-05,4.0
-9.379999999999999,1.4995384966727265e-05,4.0
-9.370000000000001,1.5008640602056155e-05,4.0
-9.36,1.5021922466527553e-05,4.0
-9.35,1.5035230650066852e-05,4.0
-9.34,1.5048565243036773e-05,4.0
-9.33,1.5061926336239974e-05,4.0
-9.32,1.5075314020921815e-05,4.0
-9.31,1.5088728388773095e-05,4.0
-9.3,1.5102169531932765e-05,4.0
-9.29,1.5115637542990746e-05,4.0
-9.28,1.5129132514990689e-05,4.0
-9.27,1.5142654541432829e-05,4.0
-9.26,1.5156203716276767e-05,4.0
-9.25,1.5169780133944392e-05,4.0
-9.24,1.5183383889322718e-05,4.0
-9.23,1.5197015077766796e-05,4.0
-9.219999999999999,1.5210673795102632e-05,4.0
-9.21,1.5224360137630125e-05,4.0
-9.2,1.5238074202126059e-05,4.0
-9.19,1.5251816085847064e-05,4.0
-9.18,1.526558588653264e-05,4.0
-9.17,1.5279383702408172e-05,4.0
-9.16,1.5293209632188013e-05,4.0
-9.15,1.5307063775078535e-05,4.0
-9.14,1.5320946230781255e-05,4.0
-9.129999999999999,1.533485709949595e-05,4.0
-9.120000000000001,1.5348796481923776e-05,4.0
-9.11,1.5362764479270496e-05,4.0
-9.1,1.5376761193249637e-05,4.0
-9.09,1.539078672608573e-05,4.0
-9.08,1.5404841180517518e-05,4.0
-9.07,1.5418924659801266e-05,4.0
-9.06,1.5433037267714067e-05,4.0
-9.05,1.5447179108557084e-05,4.0
-9.04,1.5461350287159003e-05,4.0
-9.03,1.5475550908879266e-05,4.0
-9.02,1.548978107961162e-05,4.0
-9.01,1.5504040905787417e-05,4.0
-9.0,1.551833049437915e-05,4.0
-8.99,1.5532649952903807e-05,4.0
-8.98,1.5546999389426527e-05,4.0
-8.969999999999999,1.5561378912564003e-05,4.0
-8.96,1.55757886314881e-05,4.0
-8.95,1.5590228655929387e-05,4.0
-8.94,1.56046990961808e-05,4.0
-8.93,1.5619200063101252e-05,4.0
-8.92,1.563373166811928e-05,4.0
-8.91,1.5648294023236795e-05,4.0
-8.9,1.5662887241032705e-05,4.0
-8.89,1.5677511434666792e-05,4.0
-8.879999999999999,1.5692166717883376e-05,4.0
-8.870000000000001,1.570685320501519e-05,4.0
-8.86,1.5721571010987213e-05,4.0
-8.85,1.5736320251320488e-05,4.0
-8.84,1.575110104213609e-05,4.0
-8.83,1.5765913500159027e-05,4.0
-8.82,1.5780757742722153e-05,4.0
-8.81,1.5795633887770233e-05,4.0
-8.8,1.5810542053863908e-05,4.0
-8.79,1.582548236018381e-05,4.0
-8.78,1.5840454926534544e-05,4.0
-8.77,1.5855459873348908e-05,4.0
-8.76,1.5870497321691985e-05,4.0
-8.75,1.5885567393265328e-05,4.0
-8.74,1.590067021041122e-05,4.0
-8.73,1.5915805896116834e-05,4.0
-8.719999999999999,1.5930974574018615e-05,4.0
-8.71,1.5946176368406502e-05,4.0
-8.7,1.5961411404228384e-05,4.0
-8.69,1.5976679807094336e-05,4.0
-8.68,1.5991981703281177e-05,4.0
-8.67,1.600731721973684e-05,4.0
-8.66,1.6022686484084943e-05,4.0
-8.65,1.6038089624629185e-05,4.0
-8.64,1.6053526770357982e-05,4.0
-8.629999999999999,1.606899805094914e-05,4.0
-8.620000000000001,1.6084503596774315e-05,4.0
-8.61,1.6100043538903855e-05,4.0
-8.6,1.611561800911136e-05,4.0
-8.59,1.6131227139878556e-05,4.0
-8.58,1.614687106439998e-05,4.0
-8.57,1.6162549916587892e-05,4.0
-8.56,1.6178263831077024e-05,4.0
-8.55,1.6194012943229582e-05,4.0
-8.54,1.620979738914014e-05,4.0
-8.53,1.6225617305640623e-05,4.0
-8.52,1.624147283030533e-05,4.0
-8.51,1.6257364101455993e-05,4.0
-8.5,1.627329125816688e-05,4.0
-8.49,1.628925444026995e-05,4.0
-8.48,1.6305253788359998e-05,4.0
-8.469999999999999,1.6321289443799947e-05,4.0
-8.46,1.6337361548726e-05,4.0
-8.45,1.6353470246053134e-05,4.0
-8.44,1.636961567948029e-05,4.0
-8.43,1.638579799349585e-05,4.0
-8.42,1.6402017333383043e-05,4.0
-8.41,1.6418273845225505e-05,4.0
-8.4,1.6434567675912725e-05,4.0
-8.39,1.6450898973145667e-05,4.0
-8.379999999999999,1.6467267885442382e-05,4.0
-8.370000000000001,1.6483674562143714e-05,4.0
-8.36,1.650011915341897e-05,4.0
-8.35,1.6516601810271697e-05,4.0
-8.34,1.6533122684545515e-05,4.0
-8.33,1.6549681928929974e-05,4.0
-8.32,1.6566279696966427e-05,4.0
-8.31,1.6582916143054043e-05,4.0
-8.3,1.659959142245574e-05,4.0
-8.29,1.6616305691304353e-05,4.0
-8.28,1.6633059106608644e-05,4.0
-8.27,1.664985182625948e-05,4.0
-8.26,1.6666684009036087e-05,4.0
-8.25,1.6683555814612295e-05,4.0
-8.24,1.6700467403562787e-05,4.0
-8.23,1.671741893736958e-05,4.0
-8.219999999999999,1.673441057842836e-05,4.0
-8.21,1.6751442490054972e-05,4.0
-8.2,1.676851483649202e-05,4.0
-8.19,1.678562778291532e-05,4.0
-8.18,1.6802781495440656e-05,4.0
-8.17,1.6819976141130433e-05,4.0
-8.16,1.6837211888000416e-05,4.0
-8.15,1.6854488905026582e-05,4.0
-8.14,1.687180736215191e-05,4.0
-8.129999999999999,1.6889167430293422e-05,4.0
-8.120000000000001,1.6906569281349065e-05,4.0
-8.11,1.692401308820479e-05,4.0
-8.1,1.694149902474168e-05,4.0
-8.09,1.69590272658431e-05,4.0
-8.08,1.6976597987401873e-05,4.0
-8.07,1.6994211366327673e-05,4.0
-8.06,1.7011867580554256e-05,4.0
-8.05,1.7029566809047e-05,4.0
-8.04,1.7047309231810244e-05,4.0
-8.03,1.7065095029894967e-05,4.0
-8.02,1.708292438540625e-05,4.0
-8.01,1.710079748151111e-05,4.0
-8.0,1.7118714502446074e-05,4.0
-7.99,1.7136675633525126e-05,4.0
-7.9799999999999995,1.7154681061147463e-05,4.0
-7.97,1.7172730972805537e-05,4.0
-7.96,1.7190825557092956e-05,4.0
-7.95,1.7208965003712686e-05,4.0
-7.9399999999999995,1.7227149503485105e-05,4.0
-7.93,1.7245379248356225e-05,4.0
-7.92,1.7263654431406073e-05,4.0
-7.91,1.7281975246856958e-05,4.0
-7.9,1.730034189008195e-05,4.0
-7.89,1.7318754557613402e-05,4.0
-7.88,1.733721344715149e-05,4.0
-7.87,1.735571875757295e-05,4.0
-7.86,1.7374270688939725e-05,4.0
-7.85,1.739286944250785e-05,4.0
-7.84,1.74115152207363e-05,4.0
-7.83,1.743020822729602e-05,4.0
-7.82,1.744894866707888e-05,4.0
-7.81,1.7467736746206882e-05,4.0
-7.8,1.7486572672041347e-05,4.0
-7.79,1.750545665319223e-05,4.0
-7.78,1.75243888995274e-05,4.0
-7.77,1.7543369622182245e-05,4.0
-7.76,1.7562399033569092e-05,4.0
-7.75,1.7581477347386902e-05,4.0
-7.74,1.760060477863095e-05,4.0
-7.7299999999999995,1.7619781543602654e-05,4.0
-7.72,1.7639007859919416e-05,4.0
-7.71,1.765828394652465e-05,4.0
-7.7,1.7677610023697816e-05,4.0
-7.6899999999999995,1.769698631306461e-05,4.0
-7.68,1.7716413037607132e-05,4.0
-7.67,1.7735890421674363e-05,4.0
-7.66,1.7755418690992455e-05,4.0
-7.6499999999999995,1.777499807267533e-05,4.0
-7.64,1.779462879523534e-05,4.0
-7.63,1.7814311088593873e-05,4.0
-7.62,1.7834045184092296e-05,4.0
-7.61,1.78538313145028e-05,4.0
-7.6,1.787366971403939e-05,4.0
-7.59,1.7893560618369083e-05,4.0
-7.58,1.7913504264623055e-05,4.0
-7.57,1.7933500891407957e-05,4.0
-7.56,1.795355073881743e-05,4.0
-7.55,1.7973654048443482e-05,4.0
-7.54,1.7993811063388257e-05,4.0
-7.53,1.8014022028275682e-05,4.0
-7.52,1.8034287189263375e-05,4.0
-7.51,1.805460679405458e-05,4.0
-7.5,1.8074981091910183e-05,4.0
-7.49,1.8095410333660993e-05,4.0
-7.4799999999999995,1.811589477171995e-05,4.0
-7.47,1.8136434660094532e-05,4.0
-7.46,1.8157030254399327e-05,4.0
-7.45,1.8177681811868644e-05,4.0
-7.4399999999999995,1.8198389591369237e-05,4.0
-7.43,1.82191538534132e-05,4.0
-7.42,1.8239974860170978e-05,4.0
-7.41,1.8260852875484437e-05,4.0
-7.3999999999999995,1.8281788164880136e-05,4.0
-7.39,1.830278099558265e-05,4.0
-7.38,1.8323831636528133e-05,4.0
-7.37,1.834494035837781e-05,4.0
-7.36,1.836610743353181e-05,4.0
-7.35,1.8387333136143012e-05,4.0
-7.34,1.840861774213102e-05,4.0
-7.33,1.8429961529196297e-05,4.0
-7.32,1.84513647768345e-05,4.0
-7.31,1.8472827766350756e-05,4.0
-7.3,1.8494350780874335e-05,4.0
-7.29,1.8515934105373182e-05,4.0
-7.28,1.853757802666888e-05,4.0
-7.27,1.8559282833451453e-05,4.0
-7.26,1.8581048816294618e-05,4.0
-7.25,1.8602876267670918e-05,4.0
-7.24,1.862476548196709e-05,4.0
-7.2299999999999995,1.864671675549975e-05,4.0
-7.22,1.8668730386530914e-05,4.0
-7.21,1.8690806675283902e-05,4.0
-7.2,1.8712945923959332e-05,4.0
-7.1899999999999995,1.8735148436751242e-05,4.0
-7.18,1.87574145198634e-05,4.0
-7.17,1.8779744481525735e-05,4.0
-7.16,1.8802138632010972e-05,4.0
-7.1499999999999995,1.882459728365141e-05,4.0
-7.14,1.8847120750855804e-05,4.0
-7.13,1.8869709350126545e-05,4.0
-7.12,1.8892363400076898e-05,4.0
-7.11,1.8915083221448363e-05,4.0
-7.1,1.893786913712843e-05,4.0
-7.09,1.896072147216819e-05,4.0
-7.08,1.8983640553800436e-05,4.0
-7.07,1.9006626711457656e-05,4.0
-7.06,1.9029680276790466e-05,4.0
-7.05,1.905280158368595e-05,4.0
-7.04,1.9075990968286474e-05,4.0
-7.03,1.9099248769008456e-05,4.0
-7.02,1.912257532656137e-05,4.0
-7.01,1.9145970983967042e-05,4.0
-7.0,1.9169436086579024e-05,4.0
-6.99,1.9192970982102236e-05,4.0
-6.9799999999999995,1.9216576020612736e-05,4.0
-6.97,1.9240251554577684e-05,4.0
-6.96,1.926399793887559e-05,4.0
-6.95,1.928781553081676e-05,4.0
-6.9399999999999995,1.931170469016377e-05,4.0
-6.93,1.9335665779152346e-05,4.0
-6.92,1.9359699162512406e-05,4.0
-6.91,1.938380520748925e-05,4.0
-6.8999999999999995,1.940798428386499e-05,4.0
-6.89,1.9432236763980203e-05,4.0
-6.88,1.9456563022755877e-05,4.0
-6.87,1.9480963437715376e-05,4.0
-6.86,1.9505438389006924e-05,4.0
-6.85,1.9529988259425942e-05,4.0
-6.84,1.9554613434438018e-05,4.0
-6.83,1.9579314302201778e-05,4.0
-6.82,1.9604091253592177e-05,4.0
-6.81,1.962894468222396e-05,4.0
-6.8,1.9653874984475356e-05,4.0
-6.79,1.9678882559512072e-05,4.0
-6.78,1.9703967809311432e-05,4.0
-6.77,1.972913113868692e-05,4.0
-6.76,1.975437295531271e-05,4.0
-6.75,1.9779693669748816e-05,4.0
-6.74,1.9805093695466137e-05,4.0
-6.7299999999999995,1.983057344887202e-05,4.0
-6.72,1.9856133349335935e-05,4.0
-6.71,1.9881773819215487e-05,4.0
-6.7,1.99074952838827e-05,4.0
-6.6899999999999995,1.99332981717505e-05,4.0
-6.68,1.995918291429956e-05,4.0
-6.67,1.9985149946105438e-05,4.0
-6.66,2.0011199704865816e-05,4.0
-6.6499999999999995,2.003733263142831e-05,4.0
-6.64,2.0063549169818254e-05,4.0
-6.63,2.00898497672671e-05,4.0
-6.62,2.0116234874240827e-05,4.0
-6.61,2.0142704944468855e-05,4.0
-6.6,2.0169260434973083e-05,4.0
-6.59,2.0195901806097444e-05,4.0
-6.58,2.0222629521537567e-05,4.0
-6.57,2.024944404837088e-05,4.0
-6.56,2.027634585708702e-05,4.0
-6.55,2.0303335421618447e-05,4.0
-6.54,2.0330413219371562e-05,4.0
-6.53,2.0357579731258047e-05,4.0
-6.52,2.0384835441726517e-05,4.0
-6.51,2.0412180838794572e-05,4.0
-6.5,2.0439616414081208e-05,4.0
-6.49,2.0467142662839464e-05,4.0
-6.4799999999999995,2.0494760083989557e-05,4.0
-6.47,2.0522469180152223e-05,4.0
-6.46,2.0550270457682557e-05,4.0
-6.45,2.057816442670418e-05,4.0
-6.4399999999999995,2.0606151601143676e-05,4.0
-6.43,2.0634232498765533e-05,4.0
-6.42,2.0662407641207322e-05,4.0
-6.41,2.0690677554015477e-05,4.0
-6.3999999999999995,2.0719042766681184e-05,4.0
-6.39,2.0747503812676877e-05,4.0
-6.38,2.0776061229493015e-05,4.0
-6.37,2.080471555867532e-05,4.0
-6.36,2.0833467345862383e-05,4.0
-6.35,2.0862317140823698e-05,4.0
-6.34,2.0891265497498112e-05,4.0
-6.33,2.092031297403268e-05,4.0
-6.32,2.0949460132821966e-05,4.0
-6.31,2.09787075405478e-05,4.0
-6.3,2.1008055768219364e-05,4.0
-6.29,2.103750539121389e-05,4.0
-6.28,2.1067056989317633e-05,4.0
-6.27,2.1096711146767446e-05,4.0
-6.26,2.1126468452292698e-05,4.0
-6.25,2.1156329499157727e-05,4.0
-6.24,2.1186294885204735e-05,4.0
-6.2299999999999995,2.1216365212897252e-05,4.0
-6.22,2.1246541089363815e-05,4.0
-6.21,2.1276823126442516e-05,4.0
-6.2,2.1307211940725764e-05,4.0
-6.1899999999999995,2.1337708153605643e-05,4.0
-6.18,2.13683123913198e-05,4.0
-6.17,2.13990252849978e-05,4.0
-6.16,2.1429847470708035e-05,4.0
-6.1499999999999995,2.1460779589505155e-05,4.0
-6.14,2.149182228747805e-05,4.0
-6.13,2.1522976215798338e-05,4.0
-6.12,2.1554242030769403e-05,4.0
-6.11,2.158562039387607e-05,4.0
-6.1,2.1617111971834738e-05,4.0
-6.09,2.1648717436644144e-05,4.0
-6.08,2.168043746563666e-05,4.0
-6.07,2.171227274153027e-05,4.0
-6.06,2.1744223952481065e-05,4.0
-6.05,2.1776291792136294e-05,4.0
-6.04,2.1808476959688133e-05,4.0
-6.03,2.1840780159928048e-05,4.0
-6.02,2.1873202103301737e-05,4.0
-6.01,2.1905743505964682e-05,4.0
-6.0,2.1938405089838486e-05,4.0
-5.99,2.1971187582667668e-05,4.0
-5.9799999999999995,2.2004091718077318e-05,4.0
-5.97,2.2037118235631226e-05,4.0
-5.96,2.2070267880890807e-05,4.0
-5.95,2.2103541405474748e-05,4.0
-5.9399999999999995,2.2136939567119215e-05,4.0
-5.93,2.2170463129738884e-05,4.0
-5.92,2.220411286348857e-05,4.0
-5.91,2.22378895448258e-05,4.0
-5.8999999999999995,2.2271793956573813e-05,4.0
-5.89,2.2305826887985547e-05,4.0
-5.88,2.233998913480828e-05,4.0
-5.87,2.2374281499349045e-05,4.0
-5.859999999999999,2.240870479054086e-05,4.0
-5.85,2.2443259824009623e-05,4.0
-5.84,2.2477947422141975e-05,4.0
-5.83,2.2512768414153864e-05,4.0
-5.82,2.2547723636159884e-05,4.0
-5.81,2.2582813931243586e-05,4.0
-5.8,2.261804014952849e-05,4.0
-5.79,2.2653403148250004e-05,4.0
-5.78,2.2688903791828222e-05,4.0
-5.77,2.2724542951941617e-05,4.0
-5.76,2.2760321507601496e-05,4.0
-5.75,2.2796240345227495e-05,4.0
-5.74,2.2832300358723964e-05,4.0
-5.7299999999999995,2.2868502449557182e-05,4.0
-5.72,2.2904847526833595e-05,4.0
-5.71,2.2941336507378995e-05,4.0
-5.7,2.297797031581863e-05,4.0
-5.6899999999999995,2.3014749884658333e-05,4.0
-5.68,2.3051676154366577e-05,4.0
-5.67,2.3088750073457602e-05,4.0
-5.66,2.3125972598575563e-05,4.0
-5.6499999999999995,2.3163344694579606e-05,4.0
-5.64,2.3200867334630096e-05,4.0
-5.63,2.3238541500275948e-05,4.0
-5.62,2.327636818154281e-05,4.0
-5.609999999999999,2.3314348377022648e-05,4.0
-5.6,2.3352483093964218e-05,4.0
-5.59,2.3390773348364643e-05,4.0
-5.58,2.342922016506239e-05,4.0
-5.57,2.346782457783104e-05,4.0
-5.56,2.350658762947455e-05,4.0
-5.55,2.354551037192347e-05,4.0
-5.54,2.358459386633253e-05,4.0
-5.53,2.3623839183179348e-05,4.0
-5.52,2.3663247402364424e-05,4.0
-5.51,2.3702819613312367e-05,4.0
-5.5,2.3742556915074445e-05,4.0
-5.49,2.3782460416432366e-05,4.0
-5.4799999999999995,2.3822531236003412e-05,4.0
-5.47,2.3862770502346926e-05,4.0
-5.46,2.3903179354072062e-05,4.0
-5.45,2.394375893994704e-05,4.0
-5.4399999999999995,2.3984510419009663e-05,4.0
-5.43,2.402543496067936e-05,4.0
-5.42,2.4066533744870526e-05,4.0
-5.41,2.4107807962107505e-05,4.0
-5.3999999999999995,2.4149258813640833e-05,4.0
-5.39,2.4190887511565156e-05,4.0
-5.38,2.4232695278938547e-05,4.0
-5.37,2.427468334990344e-05,4.0
-5.359999999999999,2.4316852969809116e-05,4.0
-5.35,2.4359205395335704e-05,4.0
-5.34,2.4401741894619898e-05,4.0
-5.33,2.4444463747382243e-05,4.0
-5.32,2.4487372245056107e-05,4.0
-5.31,2.4530468690918325e-05,4.0
-5.3,2.457375440022153e-05,4.0
-5.29,2.4617230700328258e-05,4.0
-5.28,2.4660898930846804e-05,4.0
-5.27,2.4704760443768918e-05,4.0
-5.26,2.4748816603609102e-05,4.0
-5.25,2.4793068787546054e-05,4.0
-5.24,2.483751838556579e-05,4.0
-5.2299999999999995,2.4882166800606672e-05,4.0
-5.22,2.49270154487064e-05,4.0
-5.21,2.4972065759150997e-05,4.0
-5.2,2.5017319174625702e-05,4.0
-5.1899999999999995,2.5062777151367936e-05,4.0
-5.18,2.510844115932228e-05,4.0
-5.17,2.5154312682297535e-05,4.0
-5.16,2.5200393218125947e-05,4.0
-5.1499999999999995,2.5246684278824476e-05,4.0
-5.14,2.529318739075834e-05,4.0
-5.13,2.5339904094806685e-05,4.0
-5.12,2.5386835946530565e-05,4.0
-5.109999999999999,2.5433984516343143e-05,4.0
-5.1,2.54813513896823e-05,4.0
-5.09,2.5528938167185414e-05,4.0
-5.08,2.5576746464866756e-05,4.0
-5.07,2.5624777914297117e-05,4.0
-5.06,2.5673034162786034e-05,4.0
-5.05,2.572151687356636e-05,4.0
-5.04,2.5770227725981565e-05,4.0
-5.03,2.5819168415675467e-05,4.0
-5.02,2.586834065478466e-05,4.0
-5.01,2.5917746172133558e-05,4.0
-5.0,2.5967386713432185e-05,4.0
-4.99,2.6017264041476643e-05,4.0
-4.9799999999999995,2.606737993635247e-05,4.0
-4.97,2.6117736195640786e-05,4.0
-4.96,2.6168334634627236e-05,4.0
-4.95,2.6219177086514036e-05,4.0
-4.9399999999999995,2.627026540263481e-05,4.0
-4.93,2.632160145267257e-05,4.0
-4.92,2.6373187124880715e-05,4.0
-4.91,2.6425024326307175e-05,4.0
-4.8999999999999995,2.6477114983021664e-05,4.0
-4.89,2.6529461040346247e-05,4.0
-4.88,2.6582064463089093e-05,4.0
-4.87,2.6634927235781587e-05,4.0
-4.859999999999999,2.668805136291891e-05,4.0
-4.85,2.674143886920382e-05,4.0
-4.84,2.6795091799794203e-05,4.0
-4.83,2.6849012220553986e-05,4.0
-4.82,2.690320221830772e-05,4.0
-4.81,2.695766390109884e-05,4.0
-4.8,2.7012399398451603e-05,4.0
-4.79,2.7067410861636898e-05,4.0
-4.78,2.71227004639418e-05,4.0
-4.77,2.7178270400943145e-05,4.0
-4.76,2.7234122890784968e-05,4.0
-4.75,2.7290260174460126e-05,4.0
-4.74,2.734668451609595e-05,4.0
-4.7299999999999995,2.740339820324402e-05,4.0
-4.72,2.746040354717433e-05,4.0
-4.71,2.7517702883173734e-05,4.0
-4.7,2.7575298570848705e-05,4.0
-4.6899999999999995,2.763319299443265e-05,4.0
-4.68,2.7691388563097733e-05,4.0
-4.67,2.7749887711271392e-05,4.0
-4.66,2.7808692898957434e-05,4.0
-4.6499999999999995,2.7867806612062024e-05,4.0
-4.64,2.7927231362724456e-05,4.0
-4.63,2.7986969689652952e-05,4.0
-4.62,2.8047024158465434e-05,4.0
-4.609999999999999,2.8107397362035393e-05,4.0
-4.6,2.816809192084306e-05,4.0
-4.59,2.8229110483331763e-05,4.0
-4.58,2.829045572626972e-05,4.0
-4.57,2.8352130355117365e-05,4.0
-4.56,2.84141371044001e-05,4.0
-4.55,2.8476478738086916e-05,4.0
-4.54,2.8539158049974583e-05,4.0
-4.53,2.860217786407789e-05,4.0
-4.52,2.866554103502575e-05,4.0
-4.51,2.872925044846335e-05,4.0
-4.5,2.8793309021460656e-05,4.0
-4.49,2.8857719702927034e-05,4.0
-4.4799999999999995,2.8922485474032355e-05,4.0
-4.47,2.89876093486346e-05,4.0
-4.46,2.9053094373714116e-05,4.0
-4.45,2.911894362981465e-05,4.0
-4.4399999999999995,2.9185160231491157e-05,4.0
-4.43,2.9251747327764676e-05,4.0
-4.42,2.9318708102584377e-05,4.0
-4.41,2.93860457752967e-05,4.0
-4.3999999999999995,2.945376360112201e-05,4.0
-4.39,2.952186487163871e-05,4.0
-4.38,2.9590352915275e-05,4.0
-4.37,2.965923109780843e-05,4.0
-4.359999999999999,2.9728502822873295e-05,4.0
-4.35,2.9798171532476298e-05,4.0
-4.34,2.9868240707520196e-05,4.0
-4.33,2.9938713868335955e-05,4.0
-4.32,3.0009594575223363e-05,4.0
-4.31,3.0080886429000362e-05,4.0
-4.3,3.0152593071561142e-05,4.0
-4.29,3.0224718186443327e-05,4.0
-4.28,3.029726549940421e-05,4.0
-4.27,3.0370238779006423e-05,4.0
-4.26,3.044364183721302e-05,4.0
-4.25,3.0517478529992313e-05,4.0
-4.24,3.059175275793255e-05,4.0
-4.2299999999999995,3.066646846686657e-05,4.0
-4.22,3.074162964850676e-05,4.0
-4.21,3.0817240341090454e-05,4.0
-4.2,3.0893304630035834e-05,4.0
-4.1899999999999995,3.096982664860889e-05,4.0
-4.18,3.104681057860099e-05,4.0
-4.17,3.112426065101817e-05,4.0
-4.16,3.120218114678153e-05,4.0
-4.1499999999999995,3.128057639743938e-05,4.0
-4.14,3.135945078589129e-05,4.0
-4.13,3.143880874712427e-05,4.0
-4.12,3.15186547689612e-05,4.0
-4.109999999999999,3.1598993392822074e-05,4.0
-4.1,3.167982921449764e-05,4.0
-4.09,3.176116688493661e-05,4.0
-4.08,3.184301111104573e-05,4.0
-4.069999999999999,3.192536665650384e-05,4.0
-4.06,3.200823834258944e-05,4.0
-4.05,3.209163104902256e-05,4.0
-4.04,3.2175549714820955e-05,4.0
-4.03,3.225999933917097e-05,4.0
-4.02,3.234498498231343e-05,4.0
-4.01,3.243051176644455e-05,4.0
-4.0,3.251658487663278e-05,4.0
-3.99,3.2603209561751144e-05,4.0
-3.9800000000000004,3.269039113542588e-05,4.0
-3.9700000000000006,3.277813497700173e-05,4.0
-3.959999999999999,3.286644653252367e-05,4.0
-3.9499999999999993,3.295533131573628e-05,4.0
-3.9399999999999995,3.304479490910017e-05,4.0
-3.9299999999999997,3.3134842964826575e-05,4.0
-3.92,3.322548120592988e-05,4.0
-3.91,3.331671542729901e-05,4.0
-3.9000000000000004,3.340855149678749e-05,4.0
-3.8900000000000006,3.350099535632312e-05,4.0
-3.879999999999999,3.359405302303701e-05,4.0
-3.869999999999999,3.368773059041307e-05,4.0
-3.8599999999999994,3.3782034229458e-05,4.0
-3.8499999999999996,3.387697018989194e-05,4.0
-3.84,3.397254480136082e-05,4.0
-3.83,3.4068764474670504e-05,4.0
-3.8200000000000003,3.416563570304288e-05,4.0
-3.8100000000000005,3.4263165063395136e-05,4.0
-3.8000000000000007,3.436135921764205e-05,4.0
-3.789999999999999,3.446022491402168e-05,4.0
-3.7799999999999994,3.455976898844574e-05,4.0
-3.7699999999999996,3.465999836587433e-05,4.0
-3.76,3.476092006171584e-05,4.0
-3.75,3.48625411832529e-05,4.0
-3.74,3.4964868931094e-05,4.0
-3.7300000000000004,3.5067910600652744e-05,4.0
-3.7200000000000006,3.517167358365367e-05,4.0
-3.709999999999999,3.527616536966659e-05,4.0
-3.6999999999999993,3.5381393547669224e-05,4.0
-3.6899999999999995,3.548736580763918e-05,4.0
-3.6799999999999997,3.5594089942175545e-05,4.0
-3.67,3.570157384815094e-05,4.0
-3.66,3.580982552839475e-05,4.0
-3.6500000000000004,3.5918853093408134e-05,4.0
-3.6400000000000006,3.602866476311116e-05,4.0
-3.629999999999999,3.613926886862352e-05,4.0
-3.619999999999999,3.625067385407872e-05,4.0
-3.6099999999999994,3.636288827847299e-05,4.0
-3.5999999999999996,3.64759208175498e-05,4.0
-3.59,3.6589780265719885e-05,4.0
-3.58,3.6704475538018874e-05,4.0
-3.5700000000000003,3.682001567210205e-05,4.0
-3.5600000000000005,3.693640983027809e-05,4.0
-3.5500000000000007,3.705366730158188e-05,4.0
-3.539999999999999,3.717179750388791e-05,4.0
-3.5299999999999994,3.7290809986064444e-05,4.0
-3.5199999999999996,3.741071443017031e-05,4.0
-3.51,3.75315206536942e-05,4.0
-3.5,3.7653238611838194e-05,4.0
-3.49,3.7775878399846373e-05,4.0
-3.4800000000000004,3.789945025537909e-05,4.0
-3.4700000000000006,3.8023964560934676e-05,4.0
-3.459999999999999,3.814943184631889e-05,4.0
-3.4499999999999993,3.827586279116374e-05,4.0
-3.4399999999999995,3.840326822749657e-05,4.0
-3.4299999999999997,3.8531659142360655e-05,4.0
-3.42,3.8661046680488286e-05,4.0
-3.41,3.879144214702788e-05,4.0
-3.4000000000000004,3.8922857010325964e-05,4.0
-3.3900000000000006,3.905530290476567e-05,4.0
-3.379999999999999,3.918879163366295e-05,4.0
-3.369999999999999,3.932333517222149e-05,4.0
-3.3599999999999994,3.945894567054837e-05,4.0
-3.3499999999999996,3.9595635456731136e-05,4.0
-3.34,3.973341703997854e-05,4.0
-3.33,3.9872303113825476e-05,4.0
-3.3200000000000003,4.0012306559404634e-05,4.0
-3.3100000000000005,4.015344044878555e-05,4.0
-3.299999999999999,4.029571804838349e-05,4.0
-3.289999999999999,4.043915282243883e-05,4.0
-3.2799999999999994,4.0583758436569916e-05,4.0
-3.2699999999999996,4.0729548761399775e-05,4.0
-3.26,4.08765378762593e-05,4.0
-3.25,4.1024740072968836e-05,4.0
-3.24,4.1174169859699246e-05,4.0
-3.2300000000000004,4.1324841964915336e-05,4.0
-3.2200000000000006,4.147677134140301e-05,4.0
-3.209999999999999,4.16299731703824e-05,4.0
-3.1999999999999993,4.178446286570897e-05,4.0
-3.1899999999999995,4.1940256078164995e-05,4.0
-3.1799999999999997,4.209736869984339e-05,4.0
-3.17,4.225581686862618e-05,4.0
-3.16,4.2415616972760106e-05,4.0
-3.1500000000000004,4.2576785655531416e-05,4.0
-3.1400000000000006,4.273933982004301e-05,4.0
-3.129999999999999,4.290329663409566e-05,4.0
-3.119999999999999,4.3068673535176324e-05,4.0
-3.1099999999999994,4.323548823555638e-05,4.0
-3.0999999999999996,4.340375872750232e-05,4.0
-3.09,4.357350328860145e-05,4.0
-3.08,4.3744740487206396e-05,4.0
-3.0700000000000003,4.391748918800043e-05,4.0
-3.0600000000000005,4.409176855768724e-05,4.0
-3.049999999999999,4.426759807080839e-05,4.0
-3.039999999999999,4.4444997515691206e-05,4.0
-3.0299999999999994,4.4623987000531235e-05,4.0
-3.0199999999999996,4.4804586959612e-05,4.0
-3.01,4.4986818159665856e-05,4.0
-3.0,4.517070170637999e-05,4.0
-2.99,4.535625905105065e-05,4.0
-2.9800000000000004,4.554351199739009e-05,4.0
-2.9700000000000006,4.5732482708489684e-05,4.0
-2.959999999999999,4.592319371394392e-05,4.0
-2.9499999999999993,4.6115667917138936e-05,4.0
-2.9399999999999995,4.630992860271029e-05,4.0
-2.9299999999999997,4.650599944417437e-05,4.0
-2.92,4.670390451173797e-05,4.0
-2.91,4.6903668280291004e-05,4.0
-2.9000000000000004,4.710531563758689e-05,4.0
-2.8900000000000006,4.730887189261616e-05,4.0
-2.879999999999999,4.751436278417804e-05,4.0
-2.869999999999999,4.77218144896553e-05,4.0
-2.8599999999999994,4.7931253633998826e-05,4.0
-2.8499999999999996,4.814270729892617e-05,4.0
-2.84,4.8356203032340996e-05,4.0
-2.83,4.857176885797906e-05,4.0
-2.8200000000000003,4.8789433285287095e-05,4.0
-2.8100000000000005,4.900922531954086e-05,4.0
-2.799999999999999,4.9231174472209226e-05,4.0
-2.789999999999999,4.945531077157058e-05,4.0
-2.7799999999999994,4.968166477358956e-05,4.0
-2.7699999999999996,4.9910267573060166e-05,4.0
-2.76,5.014115081502372e-05,4.0
-2.75,5.037434670646895e-05,4.0
-2.74,5.060988802832225e-05,4.0
-2.7300000000000004,5.084780814773606e-05,4.0
-2.7200000000000006,5.1088141030684726e-05,4.0
-2.709999999999999,5.133092125487513e-05,4.0
-2.6999999999999993,5.1576184022982706e-05,4.0
-2.6899999999999995,5.1823965176221005e-05,4.0
-2.6799999999999997,5.2074301208254997e-05,4.0
-2.67,5.2327229279467817e-05,4.0
-2.66,5.258278723159136e-05,4.0
-2.6500000000000004,5.284101360271111e-05,4.0
-2.6400000000000006,5.3101947642656436e-05,4.0
-2.629999999999999,5.336562932878751e-05,4.0
-2.619999999999999,5.363209938218997e-05,4.0
-2.6099999999999994,5.390139928429087e-05,4.0
-2.5999999999999996,5.417357129390654e-05,4.0
-2.59,5.444865846473641e-05,4.0
-2.58,5.4726704663315726e-05,4.0
-2.5700000000000003,5.500775458744119e-05,4.0
-2.5600000000000005,5.5291853785083e-05,4.0
-2.549999999999999,5.5579048673798984e-05,4.0
-2.539999999999999,5.5869386560664924e-05,4.0
-2.5299999999999994,5.616291566273801e-05,4.0
-2.5199999999999996,5.6459685128068424e-05,4.0
-2.51,5.675974505727665e-05,4.0
-2.5,5.7063146525713504e-05,4.0
-2.49,5.736994160622126e-05,4.0
-2.4800000000000004,5.768018339251372e-05,4.0
-2.4700000000000006,5.7993926023195345e-05,4.0
-2.459999999999999,5.831122470643883e-05,4.0
-2.4499999999999993,5.863213574534145e-05,4.0
-2.4399999999999995,5.8956716563982564e-05,4.0
-2.4299999999999997,5.9285025734203084e-05,4.0
-2.42,5.96171230031305e-05,4.0
-2.41,5.995306932147323e-05,4.0
-2.4000000000000004,6.0292926872608204e-05,4.0
-2.3900000000000006,6.063675910248761e-05,4.0
-2.379999999999999,6.098463075039119e-05,4.0
-2.369999999999999,6.133660788055007e-05,4.0
-2.3599999999999994,6.169275791467308e-05,4.0
-2.3499999999999996,6.205314966540131e-05,4.0
-2.34,6.241785337072433e-05,4.0
-2.33,6.278694072938755e-05,4.0
-2.3200000000000003,6.316048493732407e-05,4.0
-2.3100000000000005,6.35385607251451e-05,4.0
-2.299999999999999,6.39212443967232e-05,4.0
-2.289999999999999,6.430861386890518e-05,4.0
-2.2799999999999994,6.470074871239266e-05,4.0
-2.2699999999999996,6.50977301938288e-05,4.0
-2.26,6.549964131913172e-05,4.0
-2.25,6.590656687811785e-05,4.0
-2.24,6.63185934904573e-05,4.0
-2.2300000000000004,6.6735809653008e-05,4.0
-2.2200000000000006,6.71583057885752e-05,4.0
-2.209999999999999,6.758617429614471e-05,4.0
-2.1999999999999993,6.801950960264174e-05,4.0
-2.1899999999999995,6.845840821626746e-05,4.0
-2.1799999999999997,6.890296878146791e-05,4.0
-2.17,6.93532921355929e-05,4.0
-2.16,6.980948136730357e-05,4.0
-2.1500000000000004,7.027164187678965e-05,4.0
-2.1400000000000006,7.073988143786179e-05,4.0
-2.129999999999999,7.121431026198392e-05,4.0
-2.119999999999999,7.169504106431514e-05,4.0
-2.1099999999999994,7.218218913183408e-05,4.0
-2.0999999999999996,7.267587239361846e-05,4.0
-2.09,7.31762114933592e-05,4.0
-2.08,7.368332986418919e-05,4.0
-2.0700000000000003,7.419735380591148e-05,4.0
-2.0600000000000005,7.47184125647133e-05,4.0
-2.049999999999999,7.524663841545877e-05,4.0
-2.039999999999999,7.578216674665294e-05,4.0
-2.0299999999999994,7.632513614817875e-05,4.0
-2.0199999999999996,7.687568850190725e-05,4.0
-2.01,7.743396907528965e-05,4.0
-2.0,7.80001266180423e-05,4.0
-1.9900000000000002,7.857431346204164e-05,4.0
-1.9800000000000004,7.91566856245493e-05,4.0
-1.9700000000000006,7.974740291489448e-05,4.0
-1.959999999999999,8.03466290447449e-05,4.0
-1.9499999999999993,8.095453174210372e-05,4.0
-1.9399999999999995,8.157128286917641e-05,4.0
-1.9299999999999997,8.219705854425514e-05,4.0
-1.92,8.283203926777836e-05,4.0
-1.9100000000000001,8.347641005272707e-05,4.0
-1.9000000000000004,8.413036055952745e-05,4.0
-1.8900000000000006,8.479408523563776e-05,4.0
-1.879999999999999,8.546778346000319e-05,4.0
-1.8699999999999992,8.615165969257189e-05,4.0
-1.8599999999999994,8.684592362907497e-05,4.0
-1.8499999999999996,8.755079036127908e-05,4.0
-1.8399999999999999,8.826648054293282e-05,4.0
-1.83,8.899322056163591e-05,4.0
-1.8200000000000003,8.973124271687202e-05,4.0
-1.8100000000000005,9.048078540445558e-05,4.0
-1.799999999999999,9.124209330765567e-05,4.0
-1.7899999999999991,9.201541759526989e-05,4.0
-1.7799999999999994,9.280101612693797e-05,4.0
-1.7699999999999996,9.359915366599186e-05,4.0
-1.7599999999999998,9.441010210015933e-05,4.0
-1.75,9.523414067044788e-05,4.0
-1.7400000000000002,9.607155620855387e-05,4.0
-1.7300000000000004,9.692264338315692e-05,4.0
-1.7200000000000006,9.778770495547638e-05,4.0
-1.709999999999999,9.86670520444853e-05,4.0
-1.6999999999999993,9.956100440219458e-05,4.0
-1.6899999999999995,0.00010046989069944277,4.0
-1.6799999999999997,0.00010139404882264353,4.0
-1.67,0.00010233382618196823,4.0
-1.6600000000000001,0.00010328958003146233,4.0
-1.6500000000000004,0.00010426167780161905,4.0
-1.6400000000000006,0.00010525049744495953,4.0
-1.629999999999999,0.00010625642779519501,4.0
-1.6199999999999992,0.00010727986894057414,4.0
-1.6099999999999994,0.00010832123261205292,4.0
-1.5999999999999996,0.00010938094258694831,4.0
-1.5899999999999999,0.00011045943510877757,4.0
-1.58,0.00011155715932401573,4.0
-1.5700000000000003,0.00011267457773654233,4.0
-1.5600000000000005,0.00011381216668058672,4.0
-1.549999999999999,0.00011497041681302395,4.0
-1.5399999999999991,0.00011614983362591237,4.0
-1.5299999999999994,0.00011735093798021823,4.0
-1.5199999999999996,0.00011857426666171024,4.0
-1.5099999999999998,0.00011982037296006629,4.0
-1.5,0.0001210898272722867,4.0
-1.4900000000000002,0.0001223832177315618,4.0
-1.4800000000000004,0.00012370115086280658,4.0
-1.4700000000000006,0.00012504425226613684,4.0
-1.459999999999999,0.00012641316732962718,4.0
-1.4499999999999993,0.00012780856197276385,4.0
-1.4399999999999995,0.00012923112342208453,4.0
-1.4299999999999997,0.00013068156102056554,4.0
-1.42,0.00013216060707241586,4.0
-1.4100000000000001,0.00013366901772501438,4.0
-1.4000000000000004,0.0001352075738898282,4.0
-1.3900000000000006,0.00013677708220424646,4.0
-1.379999999999999,0.00013837837603637167,4.0
-1.3699999999999992,0.00014001231653491936,4.0
-1.3599999999999994,0.00014167979372650265,4.0
-1.3499999999999996,0.00014338172766269213,4.0
-1.3399999999999999,0.00014511906961938733,4.0
-1.33,0.00014689280335116765,4.0
-1.3200000000000003,0.00014870394640344498,4.0
-1.3100000000000005,0.00015055355148539554,4.0
-1.299999999999999,0.00015244270790682054,4.0
-1.2899999999999991,0.00015437254308225536,4.0
-1.2799999999999994,0.0001563442241058481,4.0
-1.2699999999999996,0.00015835895940071322,4.0
-1.2599999999999998,0.00016041800044669128,4.0
-1.25,0.00016252264359066165,4.0
-1.2400000000000002,0.00016467423194380093,4.0
-1.2300000000000004,0.0001668741573704256,4.0
-1.2200000000000006,0.00016912386257333188,4.0
-1.209999999999999,0.0001714248432808272,4.0
-1.1999999999999993,0.0001737786505409487,4.0
-1.1899999999999995,0.00017618689312869158,4.0
-1.1799999999999997,0.00017865124007239756,4.0
-1.17,0.00018117342330582558,4.0
-1.1600000000000001,0.00018375524045280325,4.0
-1.1500000000000004,0.0001863985577517625,4.0
-1.1400000000000006,0.00018910531312789524,4.0
-1.129999999999999,0.00019187751942111841,4.0
-1.1199999999999992,0.00019471726777851652,4.0
-1.1099999999999994,0.00019762673122045312,4.0
-1.0999999999999996,0.00020060816839006598,4.0
-1.0899999999999999,0.00020366392749644995,4.0
-1.08,0.0002067964504624297,4.0
-1.0700000000000003,0.00021000827728847018,4.0
-1.0600000000000005,0.00021330205064494607,4.0
-1.049999999999999,0.0002166805207057165,4.0
-1.0399999999999991,0.00022014655023669768,4.0
-1.0299999999999994,0.00022370311995393902,4.0
-1.0199999999999996,0.00022735333416653352,4.0
-1.0099999999999998,0.00023110042672059252,4.0
-1.0,0.00023494776726144283,4.0
-0.9900000000000002,0.0002388988678321827,4.0
-0.9800000000000004,0.00024295738982776154,4.0
-0.9700000000000006,0.00024712715132482456,4.0
-0.9599999999999991,0.00025141213480868533,4.0
-0.9499999999999993,0.0002558164953199603,4.0
-0.9399999999999995,0.0002603445690446301,4.0
-0.9299999999999997,0.0002650008823725297,4.0
-0.9199999999999999,0.00026979016145060793,4.0
-0.9100000000000001,0.0002747173422586144,4.0
-0.9000000000000004,0.00027978758123626467,4.0
-0.8900000000000006,0.00028500626649233,4.0
-0.879999999999999,0.0002903790296275215,4.0
-0.8699999999999992,0.00029591175820444963,4.0
-0.8599999999999994,0.0003016106088993873,4.0
-0.8499999999999996,0.0003074820213719069,4.0
-0.8399999999999999,0.00031353273288983757,4.0
-0.8300000000000001,0.00031976979374824,4.0
-0.8200000000000003,0.0003262005835222457,4.0
-0.8100000000000005,0.00033283282819462543,4.0
-0.7999999999999989,0.00033967461819976545,4.0
-0.7899999999999991,0.0003467344274262852,4.0
-0.7799999999999994,0.00035402113322080824,4.0
-0.7699999999999996,0.0003615440374352113,4.0
-0.7599999999999998,0.0003693128885590782,4.0
-0.75,0.0003773379049778216,4.0
-0.7400000000000002,0.0003856297993949812,4.0
-0.7300000000000004,0.0003941998044543252,4.0
-0.7200000000000006,0.00040305969959346453,4.0
-0.7099999999999991,0.0004122218391554474,4.0
-0.6999999999999993,0.000421699181778028,4.0
-0.6899999999999995,0.00043150532107172416,4.0
-0.6799999999999997,0.0004416545175869173,4.0
-0.6699999999999999,0.00045216173205691034,4.0
-0.6600000000000001,0.0004630426598873605,4.0
-0.6500000000000004,0.00047431376684242075,4.0
-0.6400000000000006,0.00048599232585358276,4.0
-0.629999999999999,0.0004980964548478416,4.0
-0.6199999999999992,0.0005106451554565762,4.0
-0.6099999999999994,0.0005236583524244723,4.0
-0.5999999999999996,0.0005371569334876504,4.0
-0.5899999999999999,0.0005511627894307737,4.0
-0.5800000000000001,0.0005656988539625982,4.0
-0.5700000000000003,0.0005807891429665712,4.0
-0.5600000000000005,0.0005964587925856845,4.0
-0.5499999999999989,0.0006127340954866405,4.0
-0.5399999999999991,0.0006296425345149305,4.0
-0.5299999999999994,0.0006472128127969761,4.0
-0.5199999999999996,0.0006654748791646795,4.0
-0.5099999999999998,0.0006844599475684759,4.0
-0.5,0.0007042005089031723,4.0
-0.4900000000000002,0.0007247303333927052,4.0
-0.4800000000000004,0.0007460844613610688,4.0
-0.47000000000000064,0.0007682991798526477,4.0
-0.4599999999999991,0.0007914119821516492,4.0
-0.4499999999999993,0.0008154615067828963,4.0
-0.4399999999999995,0.0008404874520513561,4.0
-0.4299999999999997,0.0008665304615920693,4.0
-0.41999999999999993,0.0008936319757545351,4.0
-0.41000000000000014,0.0009218340429360622,4.0
-0.40000000000000036,0.0009511790842107121,4.0
-0.39000000000000057,0.0009817096037815839,4.0
-0.379999999999999,0.00101346783692714,4.0
-0.3699999999999992,0.0010464953262371726,4.0
-0.35999999999999943,0.0010808324160704393,4.0
-0.34999999999999964,0.001116517654354926,4.0
-0.33999999999999986,0.0011535870901499634,4.0
-0.33000000000000007,0.0011920734548707382,4.0
-0.3200000000000003,0.0012320052148364475,4.0
-0.3100000000000005,0.001273405482964754,4.0
-0.29999999999999893,0.0013162907781468444,4.0
-0.28999999999999915,0.001360669622280279,4.0
-0.27999999999999936,0.0014065409673236784,4.0
-0.2699999999999996,0.0014538924483100924,4.0
-0.2599999999999998,0.0015026984632826933,4.0
-0.25,0.0015529180878758812,4.0
-0.2400000000000002,0.0016044928410311689,4.0
-0.23000000000000043,0.0016573443293485194,4.0
-0.22000000000000064,0.0017113718109930075,4.0
-0.20999999999999908,0.0017664497359375108,4.0
-0.1999999999999993,0.0018224253374624223,4.0
-0.1899999999999995,0.001879116369817892,4.0
-0.17999999999999972,0.0019363091079892178,4.0
-0.16999999999999993,0.0019937567463640883,4.0
-0.16000000000000014,0.002051178352054168,4.0
-0.15000000000000036,0.002108258543431051,4.0
-0.14000000000000057,0.0021646480723816813,4.0
-0.129999999999999,0.002219965486820135,4.0
-0.11999999999999922,0.002273800034976912,4.0
-0.10999999999999943,0.002325715942089078,4.0
-0.09999999999999964,0.0023752581412990357,4.0
-0.08999999999999986,0.002421959473185449,4.0
-0.08000000000000007,0.002465349283712717,4.0
-0.07000000000000028,0.002504963252258819,4.0
-0.0600000000000005,0.002540354176201483,4.0
-0.049999999999998934,0.0025711033352602618,4.0
-0.03999999999999915,0.0025968319682230147,4.0
-0.02999999999999936,0.002617212328351504,4.0
-0.019999999999999574,0.002631977752313848,4.0
-0.009999999999999787,0.002640931188941908,4.0
0.0,0.002643951692183392,4.0
0.009999999999999787,0.002640998485603525,4.0
0.019999999999999574,0.0026321123462104234,4.0
0.030000000000001137,0.0026174142206297347,4.0
0.040000000000000924,0.002597101160602997,4.0
0.05000000000000071,0.0025714398300355247,4.0
0.0600000000000005,0.002540757976239065,4.0
0.07000000000000028,0.002505434360999328,4.0
0.08000000000000007,0.0024658877051704463,4.0
0.08999999999999986,0.0024225652119484807,4.0
0.09999999999999964,0.0023759312025293695,4.0
0.10999999999999943,0.002326456331522772,4.0
0.120000000000001,0.0022746077589242413,4.0
0.13000000000000078,0.0022208405521657883,4.0
0.14000000000000057,0.0021655904865849358,4.0
0.15000000000000036,0.00210926831452596,4.0
0.16000000000000014,0.002052255488649816,4.0
0.16999999999999993,0.0019949012576448238,4.0
0.17999999999999972,0.0019375210037149036,4.0
0.1899999999999995,0.0018803956603241777,4.0
0.20000000000000107,0.0018237720336610266,4.0
0.21000000000000085,0.0017678638493165532,4.0
0.22000000000000064,0.0017128533536173113,4.0
0.23000000000000043,0.0016588933138599238,4.0
0.2400000000000002,0.0016061092806489159,4.0
0.25,0.0015546019963969724,4.0
0.2599999999999998,0.0015044498550822768,4.0
0.2699999999999996,0.0014557113383418638,4.0
0.28000000000000114,0.00140842737112029,4.0
0.2900000000000009,0.001362623555953796,4.0
0.3000000000000007,0.0013183122583891752,4.0
0.3100000000000005,0.0012754945270481296,4.0
0.3200000000000003,0.0012341618406138803,4.0
0.33000000000000007,0.0011942976807765486,4.0
0.33999999999999986,0.0011558789352002848,4.0
0.34999999999999964,0.0011188771381482364,4.0
0.35999999999999943,0.0010832595587881137,4.0
0.370000000000001,0.0010489901486440364,4.0
0.3800000000000008,0.0010160303603720736,4.0
0.39000000000000057,0.0009843398501981047,4.0
0.40000000000000036,0.0009538770761175838,4.0
0.41000000000000014,0.000924599803437936,4.0
0.41999999999999993,0.0008964655285425978,4.0
0.4299999999999997,0.0008694318309447053,4.0
0.4399999999999995,0.0008434566628348296,4.0
0.45000000000000107,0.0008184985844520448,4.0
0.46000000000000085,0.0007945169527506128,4.0
0.47000000000000064,0.0007714720700155906,4.0
0.4800000000000004,0.0007493252983129206,4.0
0.4900000000000002,0.0007280391449499394,4.0
0.5,0.0007075773234745836,4.0
0.5099999999999998,0.0006879047941559816,4.0
0.5199999999999996,0.0006689877873641356,4.0
0.5300000000000011,0.0006507938127990069,4.0
0.5400000000000009,0.0006332916571057907,4.0
0.5500000000000007,0.0006164513720490728,4.0
0.5600000000000005,0.000600244255099812,4.0
0.5700000000000003,0.0005846428240107901,4.0
0.5800000000000001,0.0005696207867145085,4.0
0.5899999999999999,0.0005551530076681112,4.0
0.5999999999999996,0.0005412154715892444,4.0
0.6099999999999994,0.0005277852453712161,4.0
0.620000000000001,0.0005148404388324153,4.0
0.6300000000000008,0.0005023601648407889,4.0
0.6400000000000006,0.000490324499256738,4.0
0.6500000000000004,0.00047871444105501015,4.0
0.6600000000000001,0.0004675118729158031,4.0
0.6699999999999999,0.00045669952251589543,4.0
0.6799999999999997,0.00044626092470049995,4.0
0.6899999999999995,0.0004361803846744406,4.0
0.7000000000000011,0.0004264429423160263,4.0
0.7100000000000009,0.0004170343376876427,4.0
0.7200000000000006,0.00040794097779270474,4.0
0.7300000000000004,0.00039914990460857404,4.0
0.7400000000000002,0.00039064876440852926,4.0
0.75,0.0003824257783725081,4.0
0.7599999999999998,0.00037446971447553244,4.0
0.7699999999999996,0.0003667698606341144,4.0
0.7800000000000011,0.00035931599908416937,4.0
0.7900000000000009,0.0003520983819587449,4.0
0.8000000000000007,0.0003451077080299071,4.0
0.8100000000000005,0.00033833510057631273,4.0
0.8200000000000003,0.00033177208633597383,4.0
0.8300000000000001,0.00032541057550251293,4.0
0.8399999999999999,0.000319242842722557,4.0
0.8499999999999996,0.0003132615090517855,4.0
0.8599999999999994,0.00030745952482737806,4.0
0.870000000000001,0.0003018301534151937,4.0
0.8800000000000008,0.0002963669557908217,4.0
0.8900000000000006,0.0002910637759146364,4.0
0.9000000000000004,0.0002859147268621799,4.0
0.9100000000000001,0.0002809141776724256,4.0
0.9199999999999999,0.00027605674087783147,4.0
0.9299999999999997,0.000271337260681479,4.0
0.9399999999999995,0.0002667508017480017,4.0
0.9500000000000011,0.0002622926385764409,4.0
0.9600000000000009,0.00025795824542457967,4.0
0.9700000000000006,0.0002537432867557019,4.0
0.9800000000000004,0.00024964360818012076,4.0
0.9900000000000002,0.00024565522786514175,4.0
1.0,0.00024177432838844674,4.0
1.0099999999999998,0.0002379972490111413,4.0
1.0199999999999996,0.00023432047834793143,4.0
1.0300000000000011,0.0002307406474130638,4.0
1.040000000000001,0.00022725452302179282,4.0
1.0500000000000007,0.00022385900152820126,4.0
1.0600000000000005,0.000220551102881249,4.0
1.0700000000000003,0.00021732796498188163,4.0
1.08,0.00021418683832497815,4.0
1.0899999999999999,0.00021112508091079783,4.0
1.0999999999999996,0.000208140153411428,4.0
1.1099999999999994,0.00020522961457853506,4.0
1.120000000000001,0.00020239111687947624,4.0
1.1300000000000008,0.00019962240234955067,4.0
1.1400000000000006,0.0001969212986488348,4.0
1.1500000000000004,0.00019428571531271074,4.0
1.1600000000000001,0.00019171364018577872,4.0
1.17,0.0001892031360294343,4.0
1.1799999999999997,0.00018675233729392756,4.0
1.1899999999999995,0.00018435944704622907,4.0
1.200000000000001,0.00018202273404551654,4.0
1.2100000000000009,0.000179740529958548,4.0
1.2200000000000006,0.00017751122670761174,4.0
1.2300000000000004,0.0001753332739441613,4.0
1.2400000000000002,0.00017320517664161215,4.0
1.25,0.00017112549280114454,4.0
1.2599999999999998,0.00016909283126469616,4.0
1.2699999999999996,0.00016710584962964623,4.0
1.2800000000000011,0.00016516325225999516,4.0
1.290000000000001,0.00016326378838913284,4.0
1.3000000000000007,0.00016140625030954661,4.0
1.3100000000000005,0.00015958947164508775,4.0
1.3200000000000003,0.00015781232570164067,4.0
1.33,0.00015607372389227073,4.0
1.3399999999999999,0.0001543726142331377,4.0
1.3499999999999996,0.00015270797990666143,4.0
1.3599999999999994,0.0001510788378886136,4.0
1.370000000000001,0.00014948423763599033,4.0
1.3800000000000008,0.00014792325983268775,4.0
1.3900000000000006,0.00014639501519015437,4.0
1.4000000000000004,0.00014489864330035642,4.0
1.4100000000000001,0.0001434333115385204,4.0
1.42,0.00014199821401325892,4.0
1.4299999999999997,0.00014059257056180395,4.0
1.4399999999999995,0.00013921562578820095,4.0
1.450000000000001,0.0001378666481424157,4.0
1.4600000000000009,0.00013654492903842423,4.0
1.4700000000000006,0.00013524978200944498,4.0
1.4800000000000004,0.00013398054189857808,4.0
1.4900000000000002,0.00013273656408319327,4.0
1.5,0.00013151722373150445,4.0
1.5099999999999998,0.00013032191508983797,4.0
1.5199999999999996,0.00012915005079918498,4.0
1.5300000000000011,0.0001280010612396938,4.0
1.540000000000001,0.00012687439390183107,4.0
1.5500000000000007,0.00012576951278299545,4.0
1.5600000000000005,0.0001246858978084402,4.0
1.5700000000000003,0.00012362304427540613,4.0
1.58,0.0001225804623194268,4.0
1.5899999999999999,0.00012155767640181877,4.0
1.5999999999999996,0.00012055422481741512,4.0
1.6099999999999994,0.00011956965922164967,4.0
1.620000000000001,0.00011860354417613895,4.0
1.6300000000000008,0.00011765545671195536,4.0
1.6400000000000006,0.000116724985909817,4.0
1.6500000000000004,0.00011581173249646357,4.0
1.6600000000000001,0.00011491530845651828,4.0
1.67,0.0001140353366591697,4.0
1.6799999999999997,0.00011317145049904076,4.0
1.6899999999999995,0.00011232329355063943,4.0
1.700000000000001,0.0001114905192358161,4.0
1.7100000000000009,0.00011067279050367902,4.0
1.7200000000000006,0.00010986977952244245,4.0
1.7300000000000004,0.00010908116738271136,4.0
1.7400000000000002,0.00010830664381172404,4.0
1.75,0.00010754590689809983,4.0
1.7599999999999998,0.00010679866282665758,4.0
1.7699999999999996,0.0001060646256228921,4.0
1.7800000000000011,0.00010534351690671249,4.0
1.790000000000001,0.00010463506565506681,4.0
1.8000000000000007,0.00010393900797309085,4.0
1.8100000000000005,0.00010325508687343874,4.0
1.8200000000000003,0.00010258305206346625,4.0
1.83,0.00010192265973995211,4.0
1.8399999999999999,0.00010127367239105827,4.0
1.8499999999999996,0.00010063585860524052,4.0
1.8599999999999994,0.0001000089928868368,4.0
1.870000000000001,9.939285547806969e-05,4.0
1.8800000000000008,9.87872321872129e-05,4.0
1.8900000000000006,9.81919142226799e-05,4.0
1.9000000000000004,9.760669803280812e-05,4.0
1.9100000000000001,9.70313851511148e-05,4.0
1.92,9.646578204681818e-05,4.0
1.9299999999999997,9.59096999804185e-05,4.0
1.9399999999999995,9.536295486414919e-05,4.0
1.950000000000001,9.482536712711107e-05,4.0
1.9600000000000009,9.429676158491431e-05,4.0
1.9700000000000006,9.377696731365645e-05,4.0
1.9800000000000004,9.326581752807624e-05,4.0
1.9900000000000002,9.276314946372565e-05,4.0
2.0,9.22688042630121e-05,4.0
2.01,9.178262686496606e-05,4.0
2.0199999999999996,9.13044658985988e-05,4.0
2.030000000000001,9.083417357971652e-05,4.0
2.040000000000001,9.037160561106627e-05,4.0
2.0500000000000007,8.991662108569085e-05,4.0
2.0600000000000005,8.946908239337788e-05,4.0
2.0700000000000003,8.902885513009009e-05,4.0
2.08,8.859580801027086e-05,4.0
2.09,8.816981278192094e-05,4.0
2.0999999999999996,8.77507441443484e-05,4.0
2.1099999999999994,8.733847966849679e-05,4.0
2.120000000000001,8.69328997197599e-05,4.0
2.130000000000001,8.653388738319612e-05,4.0
2.1400000000000006,8.614132839105782e-05,4.0
2.1500000000000004,8.575511105255518e-05,4.0
2.16,8.53751261857766e-05,4.0
2.17,8.500126705169121e-05,4.0
2.1799999999999997,8.46334292901612e-05,4.0
2.1899999999999995,8.427151085789503e-05,4.0
2.200000000000001,8.39154119682758e-05,4.0
2.210000000000001,8.356503503299947e-05,4.0
2.2200000000000006,8.322028460546267e-05,4.0
2.2300000000000004,8.288106732584033e-05,4.0
2.24,8.254729186779653e-05,4.0
2.25,8.221886888677327e-05,4.0
2.26,8.189571096980485e-05,4.0
2.2699999999999996,8.157773258680708e-05,4.0
2.280000000000001,8.126485004329195e-05,4.0
2.290000000000001,8.095698143446111e-05,4.0
2.3000000000000007,8.065404660063259e-05,4.0
2.3100000000000005,8.035596708395708e-05,4.0
2.3200000000000003,8.006266608638152e-05,4.0
2.33,7.977406842881996e-05,4.0
2.34,7.949010051149152e-05,4.0
2.3499999999999996,7.921069027538893e-05,4.0
2.3599999999999994,7.893576716484057e-05,4.0
2.370000000000001,7.866526209113107e-05,4.0
2.380000000000001,7.839910739714691e-05,4.0
2.3900000000000006,7.813723682301428e-05,4.0
2.4000000000000004,7.787958547269748e-05,4.0
2.41,7.762608978152841e-05,4.0
2.42,7.737668748463666e-05,4.0
2.4299999999999997,7.71313175862531e-05,4.0
2.4399999999999995,7.688992032985898e-05,4.0
2.450000000000001,7.66524371691546e-05,4.0
2.460000000000001,7.641881073982205e-05,4.0
2.4700000000000006,7.618898483205753e-05,4.0
2.4800000000000004,7.596290436384941e-05,4.0
2.49,7.574051535497967e-05,4.0
2.5,7.552176490172618e-05,4.0
2.51,7.530660115224447e-05,4.0
2.5199999999999996,7.50949732826088e-05,4.0
2.530000000000001,7.488683147349226e-05,4.0
2.540000000000001,7.468212688746713e-05,4.0
2.5500000000000007,7.448081164690585e-05,4.0
2.5600000000000005,7.428283881246631e-05,4.0
2.5700000000000003,7.408816236214265e-05,4.0
2.58,7.389673717086505e-05,4.0
2.59,7.370851899063352e-05,4.0
2.5999999999999996,7.352346443116774e-05,4.0
2.6099999999999994,7.334153094106e-05,4.0
2.620000000000001,7.316267678941554e-05,4.0
2.630000000000001,7.298686104796548e-05,4.0
2.6400000000000006,7.281404357364008e-05,4.0
2.6500000000000004,7.264418499158759e-05,4.0
2.66,7.247724667862732e-05,4.0
2.67,7.231319074712239e-05,4.0
2.6799999999999997,7.215198002926292e-05,4.0
2.6899999999999995,7.199357806174501e-05,4.0
2.700000000000001,7.18379490708366e-05,4.0
2.710000000000001,7.168505795781803e-05,4.0
2.7200000000000006,7.153487028478675e-05,4.0
2.7300000000000004,7.138735226081703e-05,4.0
2.74,7.124247072846274e-05,4.0
2.75,7.110019315059588e-05,4.0
2.76,7.096048759756986e-05,4.0
2.7699999999999996,7.082332273469911e-05,4.0
2.780000000000001,7.068866781004629e-05,4.0
2.790000000000001,7.055649264250893e-05,4.0
2.8000000000000007,7.042676761019618e-05,4.0
2.8100000000000005,7.029946363908932e-05,4.0
2.8200000000000003,7.017455219197698e-05,4.0
2.83,7.005200525765828e-05,4.0
2.84,6.99317953404062e-05,4.0
2.8499999999999996,6.981389544968478e-05,4.0
2.8599999999999994,6.969827909011271e-05,4.0
2.870000000000001,6.958492025166697e-05,4.0
2.880000000000001,6.947379340012033e-05,4.0
2.8900000000000006,6.936487346770558e-05,4.0
2.9000000000000004,6.925813584400211e-05,4.0
2.91,6.915355636703718e-05,4.0
2.92,6.90511113145974e-05,4.0
2.9299999999999997,6.895077739574445e-05,4.0
2.9399999999999995,6.885253174252987e-05,4.0
2.950000000000001,6.875635190190355e-05,4.0
2.960000000000001,6.86622158278108e-05,4.0
2.9700000000000006,6.857010187347392e-05,4.0
2.9800000000000004,6.847998878385188e-05,4.0
2.99,6.839185568827556e-05,4.0
3.0,6.830568209325222e-05,4.0
3.01,6.822144787543626e-05,4.0
3.0199999999999996,6.813913327476092e-05,4.0
3.030000000000001,6.805871888772778e-05,4.0
3.040000000000001,6.798018566084947e-05,4.0
3.0500000000000007,6.790351488424184e-05,4.0
3.0600000000000005,6.782868818536221e-05,4.0
3.0700000000000003,6.775568752288914e-05,4.0
3.08,6.768449518074156e-05,4.0
3.09,6.761509376223238e-05,4.0
3.0999999999999996,6.754746618435424e-05,4.0
3.1099999999999994,6.748159567219383e-05,4.0
3.120000000000001,6.741746575347097e-05,4.0
3.130000000000001,6.735506025320106e-05,4.0
3.1400000000000006,6.729436328847581e-05,4.0
3.1500000000000004,6.723535926336088e-05,4.0
3.16,6.717803286390706e-05,4.0
3.17,6.712236905327234e-05,4.0
3.1799999999999997,6.706835306695156e-05,4.0
3.1899999999999995,6.701597040811284e-05,4.0
3.200000000000001,6.696520684303554e-05,4.0
3.210000000000001,6.691604839665e-05,4.0
3.2200000000000006,6.686848134817497e-05,4.0
3.2300000000000004,6.68224922268508e-05,4.0
3.24,6.677806780776651e-05,4.0
3.25,6.673519510777814e-05,4.0
3.26,6.669386138151646e-05,4.0
3.2699999999999996,6.66540541174816e-05,4.0
3.280000000000001,6.661576103422315e-05,4.0
3.290000000000001,6.657897007660323e-05,4.0
3.3000000000000007,6.6543669412141e-05,4.0
3.3100000000000005,6.650984742743649e-05,4.0
3.3200000000000003,6.64774927246717e-05,4.0
3.33,6.644659411818826e-05,4.0
3.34,6.641714063113836e-05,4.0
3.3499999999999996,6.638912149220846e-05,4.0
3.3599999999999994,6.636252613241402e-05,4.0
3.370000000000001,6.633734418196294e-05,4.0
3.380000000000001,6.631356546718681e-05,4.0
3.3900000000000006,6.629118000753852e-05,4.0
3.4000000000000004,6.627017801265412e-05,4.0
3.41,6.625054987947828e-05,4.0
3.42,6.623228618945141e-05,4.0
3.4299999999999997,6.621537770575722e-05,4.0
3.4399999999999995,6.61998153706297e-05,4.0
3.450000000000001,6.61855903027175e-05,4.0
3.460000000000001,6.617269379450549e-05,4.0
3.4700000000000006,6.616111730979127e-05,4.0
3.4800000000000004,6.615085248121617e-05,4.0
3.49,6.614189110784917e-05,4.0
3.5,6.613422515282279e-05,4.0
3.51,6.612784674101968e-05,4.0
3.5199999999999996,6.61227481568093e-05,4.0
3.530000000000001,6.611892184183295e-05,4.0
3.540000000000001,6.611636039283645e-05,4.0
3.5500000000000007,6.611505655954996e-05,4.0
3.5600000000000005,6.611500324261306e-05,4.0
3.5700000000000003,6.611619349154496e-05,4.0
3.58,6.611862050275819e-05,4.0
3.59,6.61222776176158e-05,4.0
3.5999999999999996,6.612715832053005e-05,4.0
3.610000000000001,6.613325623710293e-05,4.0
3.620000000000001,6.614056513230665e-05,4.0
3.630000000000001,6.614907890870411e-05,4.0
3.6400000000000006,6.615879160470774e-05,4.0
3.6500000000000004,6.6169697392877e-05,4.0
3.66,6.618179057825275e-05,4.0
3.67,6.619506559672814e-05,4.0
3.6799999999999997,6.620951701345584e-05,4.0
3.6899999999999995,6.622513952128996e-05,4.0
3.700000000000001,6.624192793926286e-05,4.0
3.710000000000001,6.625987721109543e-05,4.0
3.7200000000000006,6.627898240374098e-05,4.0
3.7300000000000004,6.629923870596123e-05,4.0
3.74,6.632064142693484e-05,4.0
3.75,6.634318599489665e-05,4.0
3.76,6.636686795580847e-05,4.0
3.7699999999999996,6.63916829720594e-05,4.0
3.780000000000001,6.641762682119605e-05,4.0
3.790000000000001,6.644469539468219e-05,4.0
3.8000000000000007,6.647288469668685e-05,4.0
3.8100000000000005,6.650219084290019e-05,4.0
3.8200000000000003,6.65326100593773e-05,4.0
3.83,6.65641386814094e-05,4.0
3.84,6.659677315242081e-05,4.0
3.8499999999999996,6.663051002289325e-05,4.0
3.860000000000001,6.666534594931473e-05,4.0
3.870000000000001,6.670127769315486e-05,4.0
3.880000000000001,6.673830211986389e-05,4.0
3.8900000000000006,6.677641619789733e-05,4.0
3.9000000000000004,6.681561699776378e-05,4.0
3.91,6.685590169109678e-05,4.0
3.92,6.689726754974998e-05,4.0
3.9299999999999997,6.693971194491508e-05,4.0
3.9399999999999995,6.698323234626216e-05,4.0
3.950000000000001,6.702782632110282e-05,4.0
3.960000000000001,6.707349153357422e-05,4.0
3.9700000000000006,6.712022574384549e-05,4.0
3.9800000000000004,6.716802680734481e-05,4.0
3.99,6.721689267400743e-05,4.0
4.0,6.726682138754422e-05,4.0
4.010000000000002,6.731781108473072e-05,4.0
4.02,6.736985999471578e-05,4.0
4.030000000000001,6.742296643835012e-05,4.0
4.039999999999999,6.747712882753385e-05,4.0
4.050000000000001,6.753234566458394e-05,4.0
4.059999999999999,6.758861554161943e-05,4.0
4.07,6.764593713996618e-05,4.0
4.080000000000002,6.770430922957948e-05,4.0
4.09,6.77637306684849e-05,4.0
4.100000000000001,6.782420040223671e-05,4.0
4.109999999999999,6.788571746339464e-05,4.0
4.120000000000001,6.79482809710172e-05,4.0
4.129999999999999,6.801189013017265e-05,4.0
4.140000000000001,6.807654423146731e-05,4.0
4.149999999999999,6.81422426505896e-05,4.0
4.16,6.820898484787188e-05,4.0
4.170000000000002,6.827677036786785e-05,4.0
4.18,6.834559883894639e-05,4.0
4.190000000000001,6.841546997290188e-05,4.0
4.199999999999999,6.848638356457928e-05,4.0
4.210000000000001,6.855833949151645e-05,4.0
4.219999999999999,6.863133771360052e-05,4.0
4.23,6.870537827274059e-05,4.0
4.240000000000002,6.878046129255515e-05,4.0
4.25,6.885658697807501e-05,4.0
4.260000000000002,6.893375561546077e-05,4.0
4.27,6.901196757173518e-05,4.0
4.280000000000001,6.90912232945305e-05,4.0
4.289999999999999,6.917152331184975e-05,4.0
4.300000000000001,6.925286823184305e-05,4.0
4.309999999999999,6.933525874259796e-05,4.0
4.32,6.941869561194396e-05,4.0
4.330000000000002,6.9503179687271e-05,4.0
4.34,6.958871189536243e-05,4.0
4.350000000000001,6.967529324224116e-05,4.0
4.359999999999999,6.976292481303014e-05,4.0
4.370000000000001,6.985160777182635e-05,4.0
4.379999999999999,6.994134336158832e-05,4.0
4.390000000000001,7.003213290403749e-05,4.0
4.399999999999999,7.012397779957249e-05,4.0
4.41,7.021687952719753e-05,4.0
4.420000000000002,7.031083964446325e-05,4.0
4.43,7.04058597874217e-05,4.0
4.440000000000001,7.050194167059393e-05,4.0
4.449999999999999,7.059908708695075e-05,4.0
4.460000000000001,7.069729790790695e-05,4.0
4.469999999999999,7.07965760833282e-05,4.0
4.48,7.089692364155104e-05,4.0
4.490000000000002,7.099834268941572e-05,4.0
4.5,7.110083541231237e-05,4.0
4.510000000000002,7.12044040742395e-05,4.0
4.52,7.130905101787568e-05,4.0
4.530000000000001,7.141477866466397e-05,4.0
4.539999999999999,7.152158951490908e-05,4.0
4.550000000000001,7.162948614788759e-05,4.0
4.559999999999999,7.17384712219705e-05,4.0
4.57,7.184854747475891e-05,4.0
4.580000000000002,7.195971772323221e-05,4.0
4.59,7.207198486390939e-05,4.0
4.600000000000001,7.218535187302257e-05,4.0
4.609999999999999,7.229982180670357e-05,4.0
4.620000000000001,7.241539780118359e-05,4.0
4.629999999999999,7.253208307300478e-05,4.0
4.640000000000001,7.264988091924547e-05,4.0
4.649999999999999,7.276879471775777e-05,4.0
4.66,7.288882792741803e-05,4.0
4.670000000000002,7.300998408839025e-05,4.0
4.68,7.313226682240231e-05,4.0
4.690000000000001,7.325567983303512e-05,4.0
4.699999999999999,7.338022690602479e-05,4.0
4.710000000000001,7.350591190957741e-05,4.0
4.719999999999999,7.363273879469769e-05,4.0
4.73,7.376071159552977e-05,4.0
4.740000000000002,7.388983442971154e-05,4.0
4.75,7.402011149874229e-05,4.0
4.760000000000002,7.415154708836345e-05,4.0
4.77,7.428414556895254e-05,4.0
4.780000000000001,7.441791139593061e-05,4.0
4.789999999999999,7.455284911018292e-05,4.0
4.800000000000001,7.468896333849361e-05,4.0
4.809999999999999,7.482625879399328e-05,4.0
4.82,7.496474027662077e-05,4.0
4.830000000000002,7.510441267359825e-05,4.0
4.84,7.524528095992049e-05,4.0
4.850000000000001,7.538735019885809e-05,4.0
4.859999999999999,7.553062554247397e-05,4.0
4.870000000000001,7.567511223215529e-05,4.0
4.879999999999999,7.582081559915812e-05,4.0
4.890000000000001,7.596774106516777e-05,4.0
4.899999999999999,7.611589414287221e-05,4.0
4.91,7.626528043655147e-05,4.0
4.920000000000002,7.641590564268028e-05,4.0
4.93,7.656777555054662e-05,4.0
4.940000000000001,7.67208960428846e-05,4.0
4.949999999999999,7.687527309652223e-05,4.0
4.960000000000001,7.703091278304498e-05,4.0
4.969999999999999,7.718782126947408e-05,4.0
4.98,7.734600481896047e-05,4.0
4.990000000000002,7.750546979149445e-05,4.0
5.0,7.766622264463061e-05,4.0
5.010000000000002,7.782826993422959e-05,4.0
5.02,7.799161831521468e-05,4.0
5.030000000000001,7.81562745423458e-05,4.0
5.039999999999999,7.83222454710089e-05,4.0
5.050000000000001,7.848953805802287e-05,4.0
5.059999999999999,7.86581593624621e-05,4.0
5.07,7.882811654649717e-05,4.0
5.080000000000002,7.899941687625152e-05,4.0
5.09,7.917206772267611e-05,4.0
5.100000000000001,7.934607656244164e-05,4.0
5.109999999999999,7.952145097884785e-05,4.0
5.120000000000001,7.969819866275154e-05,4.0
5.129999999999999,7.987632741351175e-05,4.0
5.140000000000001,8.005584513995455e-05,4.0
5.150000000000002,8.023675986135494e-05,4.0
5.16,8.04190797084386e-05,4.0
5.170000000000002,8.060281292440245e-05,4.0
5.18,8.078796786595405e-05,4.0
5.190000000000001,8.097455300437104e-05,4.0
5.199999999999999,8.116257692658002e-05,4.0
5.210000000000001,8.135204833625552e-05,4.0
5.219999999999999,8.154297605493906e-05,4.0
5.23,8.17353690231796e-05,4.0
5.240000000000002,8.192923630169323e-05,4.0
5.25,8.212458707254549e-05,4.0
5.260000000000002,8.232143064035453e-05,4.0
5.27,8.251977643351546e-05,4.0
5.280000000000001,8.271963400544757e-05,4.0
5.289999999999999,8.292101303586286e-05,4.0
5.300000000000001,8.31239233320584e-05,4.0
5.309999999999999,8.332837483023e-05,4.0
5.32,8.353437759681097e-05,4.0
5.330000000000002,8.374194182983273e-05,4.0
5.34,8.395107786031056e-05,4.0
5.350000000000001,8.416179615365315e-05,4.0
5.359999999999999,8.43741073110967e-05,4.0
5.370000000000001,8.458802207116415e-05,4.0
5.379999999999999,8.480355131114982e-05,4.0
5.390000000000001,8.502070604862988e-05,4.0
5.400000000000002,8.523949744299851e-05,4.0
5.41,8.545993679703102e-05,4.0
5.420000000000002,8.5682035558474e-05,4.0
5.43,8.59058053216623e-05,4.0
5.440000000000001,8.613125782916432e-05,4.0
5.449999999999999,8.635840497345505e-05,4.0
5.460000000000001,8.658725879861847e-05,4.0
5.469999999999999,8.681783150207778e-05,4.0
5.48,8.705013543635685e-05,4.0
5.490000000000002,8.728418311087028e-05,4.0
5.5,8.751998719374453e-05,4.0
5.510000000000002,8.77575605136706e-05,4.0
5.52,8.799691606178675e-05,4.0
5.530000000000001,8.823806699359498e-05,4.0
5.539999999999999,8.848102663090871e-05,4.0
5.550000000000001,8.872580846383421e-05,4.0
5.559999999999999,8.897242615278522e-05,4.0
5.57,8.922089353053235e-05,4.0
5.580000000000002,8.947122460428647e-05,4.0
5.59,8.972343355781776e-05,4.0
5.600000000000001,8.997753475361117e-05,4.0
5.609999999999999,9.023354273505704e-05,4.0
5.620000000000001,9.049147222868069e-05,4.0
5.629999999999999,9.07513381464077e-05,4.0
5.640000000000001,9.101315558786973e-05,4.0
5.650000000000002,9.127693984274745e-05,4.0
5.66,9.154270639315432e-05,4.0
5.670000000000002,9.181047091606114e-05,4.0
5.68,9.208024928576e-05,4.0
5.690000000000001,9.235205757637227e-05,4.0
5.699999999999999,9.262591206439699e-05,4.0
5.710000000000001,9.290182923130471e-05,4.0
5.719999999999999,9.317982576617303e-05,4.0
5.73,9.345991856836953e-05,4.0
5.740000000000002,9.374212475027809e-05,4.0
5.75,9.402646164007283e-05,4.0
5.760000000000002,9.431294678453951e-05,4.0
5.77,9.460159795194392e-05,4.0
5.780000000000001,9.489243313495076e-05,4.0
5.789999999999999,9.51854705535908e-05,4.0
5.800000000000001,9.548072865828035e-05,4.0
5.809999999999999,9.577822613289078e-05,4.0
5.82,9.607798189787262e-05,4.0
5.830000000000002,9.638001511343116e-05,4.0
5.84,9.668434518275828e-05,4.0
5.850000000000001,9.699099175531904e-05,4.0
5.859999999999999,9.729997473019486e-05,4.0
5.870000000000001,9.761131425948505e-05,4.0
5.879999999999999,9.79250307517656e-05,4.0
5.890000000000001,9.824114487560988e-05,4.0
5.900000000000002,9.855967756316813e-05,4.0
5.91,9.888065001381037e-05,4.0
5.920000000000002,9.920408369783245e-05,4.0
5.93,9.953000036022551e-05,4.0
5.940000000000001,9.985842202451271e-05,4.0
5.949999999999999,0.0001001893709966511,4.0
5.960000000000001,0.00010052286986900319,4.0
5.969999999999999,0.0001008589415243767,4.0
5.98,0.0001011976091401365,4.0
5.990000000000002,0.0001015388961923868,4.0
6.0,0.00010188282646022888,4.0
6.010000000000002,0.00010222942403009282,4.0
6.02,0.00010257871330014506,4.0
6.030000000000001,0.00010293071898477529,4.0
6.039999999999999,0.00010328546611916127,4.0
6.050000000000001,0.00010364298006391609,4.0
6.059999999999999,0.0001040032865098162,4.0
6.07,0.00010436641148261576,4.0
6.080000000000002,0.0001047323813479446,4.0
6.09,0.0001051012228162955,4.0
6.100000000000001,0.00010547296294809998,4.0
6.109999999999999,0.00010584762915889464,4.0
6.120000000000001,0.00010622524922458156,4.0
6.129999999999999,0.0001066058512867821,4.0
6.140000000000001,0.00010698946385828868,4.0
6.150000000000002,0.00010737611582861354,4.0
6.16,0.00010776583646963911,4.0
6.170000000000002,0.00010815865544137152,4.0
6.18,0.00010855460279779646,4.0
6.190000000000001,0.00010895370899284456,4.0
6.199999999999999,0.00010935600488646363,4.0
6.210000000000001,0.00010976152175080363,4.0
6.219999999999999,0.0001101702912765133,4.0
6.23,0.00011058234557915488,4.0
6.240000000000002,0.0001109977172057348,4.0
6.25,0.00011141643914135599,4.0
6.260000000000002,0.00011183854481599433,4.0
6.27,0.00011226406811139788,4.0
6.280000000000001,0.00011269304336811833,4.0
6.289999999999999,0.0001131255053926693,4.0
6.300000000000001,0.00011356148946482202,4.0
6.309999999999999,0.00011400103134503461,4.0
6.32,0.00011444416728202332,4.0
6.330000000000002,0.00011489093402047368,4.0
6.34,0.00011534136880889867,4.0
6.350000000000001,0.0001157955094076456,4.0
6.359999999999999,0.00011625339409705235,4.0
6.370000000000001,0.00011671506168576181,4.0
6.379999999999999,0.00011718055151919097,4.0
6.390000000000001,0.00011764990348816495,4.0
6.400000000000002,0.00011812315803771316,4.0
6.41,0.00011860035617603574,4.0
6.420000000000002,0.00011908153948364295,4.0
6.43,0.00011956675012266776,4.0
6.440000000000001,0.00012005603084636193,4.0
6.449999999999999,0.00012054942500877237,4.0
6.460000000000001,0.00012104697657460861,4.0
6.469999999999999,0.00012154873012929902,4.0
6.48,0.00012205473088924631,4.0
6.490000000000002,0.00012256502471228052,4.0
6.5,0.00012307965810831923,4.0
6.510000000000002,0.0001235986782502368,4.0
6.52,0.000124122132984946,4.0
6.530000000000001,0.00012465007084470193,4.0
6.539999999999999,0.0001251825410586259,4.0
6.550000000000001,0.0001257195935644617,4.0
6.559999999999999,0.00012626127902056307,4.0
6.57,0.00012680764881812325,4.0
6.580000000000002,0.00012735875509364603,4.0
6.59,0.00012791465074166994,4.0
6.600000000000001,0.00012847538942774753,4.0
6.609999999999999,0.00012904102560168517,4.0
6.620000000000001,0.00012961161451105344,4.0
6.629999999999999,0.0001301872122149682,4.0
6.640000000000001,0.00013076787559815516,4.0
6.650000000000002,0.00013135366238529897,4.0
6.66,0.00013194463115568647,4.0
6.670000000000002,0.0001325408413581516,4.0
6.68,0.0001331423533263242,4.0
6.690000000000001,0.00013374922829419714,4.0
6.699999999999999,0.00013436152841201233,4.0
6.710000000000001,0.00013497931676247817,4.0
6.719999999999999,0.0001356026573773221,4.0
6.73,0.0001362316152541904,4.0
6.740000000000002,0.0001368662563738996,4.0
6.75,0.00013750664771804998,4.0
6.760000000000002,0.00013815285728701127,4.0
6.77,0.00013880495411828334,4.0
6.780000000000001,0.00013946300830525074,4.0
6.789999999999999,0.00014012709101632881,4.0
6.800000000000001,0.00014079727451452324,4.0
6.809999999999999,0.0001414736321774005,4.0
6.82,0.0001421562385174913,4.0
6.830000000000002,0.0001428451692031266,4.0
6.84,0.00014354050107972564,4.0
6.850000000000001,0.00014424231219154176,4.0
6.859999999999999,0.00014495068180387762,4.0
6.870000000000001,0.0001456656904257856,4.0
6.879999999999999,0.00014638741983325835,4.0
6.890000000000001,0.00014711595309292985,4.0
6.900000000000002,0.0001478513745862912,4.0
6.91,0.00014859377003444144,4.0
6.920000000000002,0.00014934322652338284,4.0
6.93,0.00015009983252987246,4.0
6.940000000000001,0.00015086367794785128,4.0
6.949999999999999,0.00015163485411545508,4.0
6.960000000000001,0.00015241345384263308,4.0
6.969999999999999,0.00015319957143937924,4.0
6.98,0.0001539933027446006,4.0
6.990000000000002,0.00015479474515563203,4.0
7.0,0.00015560399765841823,4.0
7.010000000000002,0.00015642116085838066,4.0
7.02,0.00015724633701198114,4.0
7.030000000000001,0.000158079630059009,4.0
7.039999999999999,0.00015892114565560077,4.0
7.050000000000001,0.0001597709912080224,4.0
7.059999999999999,0.0001606292759072218,4.0
7.07,0.0001614961107641841,4.0
7.080000000000002,0.00016237160864609952,4.0
7.09,0.00016325588431337365,4.0
7.100000000000001,0.00016414905445749953,4.0
7.109999999999999,0.00016505123773981087,4.0
7.120000000000001,0.00016596255483114763,4.0
7.129999999999999,0.0001668831284524488,4.0
7.140000000000001,0.00016781308341630715,4.0
7.150000000000002,0.00016875254666950246,4.0
7.16,0.0001697016473365465,4.0
7.170000000000002,0.00017066051676426533,4.0
7.18,0.00017162928856744183,4.0
7.190000000000001,0.00017260809867555827,4.0
7.199999999999999,0.00017359708538065545,4.0
7.210000000000001,0.00017459638938635306,4.0
7.219999999999999,0.00017560615385804886,4.0
7.23,0.0001766265244743432,4.0
7.240000000000002,0.00017765764947971026,4.0
7.25,0.0001786996797384593,4.0
7.260000000000002,0.00017975276879002037,4.0
7.27,0.00018081707290558367,4.0
7.280000000000001,0.00018189275114614522,4.0
7.289999999999999,0.00018297996542198156,4.0
7.300000000000001,0.00018407888055360934,4.0
7.309999999999999,0.0001851896643342582,4.0
7.32,0.00018631248759391216,4.0
7.330000000000002,0.00018744752426495316,4.0
7.34,0.0001885949514494606,4.0
7.350000000000001,0.00018975494948821284,4.0
7.359999999999999,0.00019092770203143317,4.0
7.370000000000001,0.00019211339611134234,4.0
7.379999999999999,0.00019331222221655642,4.0
7.390000000000001,0.00019452437436839803,4.0
7.400000000000002,0.00019575005019916236,4.0
7.41,0.00019698945103240642,4.0
7.420000000000002,0.0001982427819653172,4.0
7.43,0.0001995102519532148,4.0
7.440000000000001,0.0002007920738962653,4.0
7.449999999999999,0.00020208846472845405,4.0
7.460000000000001,0.0002033996455089033,4.0
7.469999999999999,0.000204725841515587,4.0
7.48,0.00020606728234153157,4.0
7.490000000000002,0.00020742420199356142,4.0
7.5,0.00020879683899367979,4.0
7.510000000000002,0.00021018543648315636,4.0
7.52,0.00021159024232940462,4.0
7.530000000000001,0.0002130115092357407,4.0
7.539999999999999,0.0002144494948541007,4.0
7.550000000000001,0.00021590446190082106,4.0
7.559999999999999,0.00021737667827556175,4.0
7.57,0.00021886641718348469,4.0
7.580000000000002,0.000220373957260774,4.0
7.59,0.00022189958270361348,4.0
7.600000000000001,0.0002234435834007256,4.0
7.609999999999999,0.00022500625506957886,4.0
7.620000000000001,0.00022658789939639063,4.0
7.629999999999999,0.000228188824180031,4.0
7.640000000000001,0.00022980934347996732,4.0
7.650000000000002,0.00023144977776836227,4.0
7.66,0.00023311045408647103,4.0
7.670000000000002,0.00023479170620547144,4.0
7.68,0.00023649387479186254,4.0
7.690000000000001,0.00023821730757759543,4.0
7.699999999999999,0.00023996235953506955,4.0
7.710000000000001,0.00024172939305717564,4.0
7.719999999999999,0.0002435187781425263,4.0
7.73,0.0002453308925860685,4.0
7.740000000000002,0.00024716612217523293,4.0
7.75,0.0002490248608918207,4.0
7.760000000000002,0.00025090751111981035,4.0
7.77,0.00025281448385927743,4.0
7.780000000000001,0.0002547461989466468,4.0
7.789999999999999,0.0002567030852814667,4.0
7.800000000000001,0.00025868558105995295,4.0
7.809999999999999,0.00026069413401550237,4.0
7.82,0.00026272920166644,4.0
7.830000000000002,0.00026479125157122176,4.0
7.84,0.00026688076159136787,4.0
7.850000000000001,0.0002689982201623822,4.0
7.859999999999999,0.0002711441265729293,4.0
7.870000000000001,0.0002733189912525702,4.0
7.879999999999999,0.0002755233360683332,4.0
7.890000000000001,0.0002777576946304513,4.0
7.900000000000002,0.00028002261260756374,4.0
7.91,0.0002823186480517324,4.0
7.920000000000002,0.00028464637173361497,4.0
7.93,0.00028700636748814264,4.0
7.940000000000001,0.00028939923257109994,4.0
7.949999999999999,0.00029182557802696647,4.0
7.960000000000001,0.00029428602906845554,4.0
7.969999999999999,0.0002967812254681403,4.0
7.98,0.0002993118219626322,4.0
7.990000000000002,0.000301878488669742,4.0
8.0,0.0003044819115191146,4.0
8.010000000000002,0.0003071227926968274,4.0
8.02,0.0003098018511044478,4.0
8.030000000000001,0.00031251982283311244,4.0
8.04,0.00031527746165315433,4.0
8.05,0.0003180755395198789,4.0
8.059999999999999,0.0003209148470960726,4.0
8.07,0.00032379619429189226,4.0
8.080000000000002,0.00032672041082275945,4.0
8.09,0.00032968834678597154,4.0
8.100000000000001,0.0003327008732567192,4.0
8.11,0.0003357588829042465,4.0
8.120000000000001,0.0003388632906289462,4.0
8.129999999999999,0.0003420150342211591,4.0
8.14,0.0003452150750425536,4.0
8.150000000000002,0.0003484643987309179,4.0
8.16,0.000351764015929309,4.0
8.170000000000002,0.000355114963040492,4.0
8.18,0.000358518303007651,4.0
8.190000000000001,0.0003619751261224352,4.0
8.2,0.0003654865508613773,4.0
8.21,0.00036905372475185547,4.0
8.219999999999999,0.00037267782526872773,4.0
8.23,0.00037636006076291055,4.0
8.240000000000002,0.0003801016714231408,4.0
8.25,0.0003839039302722914,4.0
8.260000000000002,0.000387768144199627,4.0
8.27,0.00039169565503044477,4.0
8.280000000000001,0.00039568784063465865,4.0
8.29,0.00039974611607588234,4.0
8.3,0.0004038719348027179,4.0
8.309999999999999,0.0004080667898839502,4.0
8.32,0.00041233221528951176,4.0
8.330000000000002,0.0004166697872190786,4.0
8.34,0.0004210811254803267,4.0
8.350000000000001,0.00042556789491891595,4.0
8.36,0.00043013180690236637,4.0
8.370000000000001,0.00043477462086014907,4.0
8.379999999999999,0.00043949814588232415,4.0
8.39,0.0004443042423792828,4.0
8.400000000000002,0.00044919482380515016,4.0
8.41,0.0004541718584476356,4.0
8.420000000000002,0.000459237371287177,4.0
8.43,0.0004643934459283653,4.0
8.440000000000001,0.00046964222660683897,4.0
8.45,0.0004749859202748882,4.0
8.46,0.00048042679876927983,4.0
8.469999999999999,0.00048596720106485955,4.0
8.48,0.0004916095356177872,4.0
8.490000000000002,0.000497356282802316,4.0
8.5,0.000503209997445334,4.0
8.510000000000002,0.0005091733114630147,4.0
8.52,0.0005152489366041398,4.0
8.530000000000001,0.0005214396673049444,4.0
8.54,0.0005277483836604668,4.0
8.55,0.0005341780545177489,4.0
8.559999999999999,0.0005407317406963677,4.0
8.57,0.0005474125983421865,4.0
8.580000000000002,0.0005542238824203582,4.0
8.59,0.0005611689503540525,4.0
8.600000000000001,0.0005682512658156013,4.0
8.61,0.0005754744026770975,4.0
8.620000000000001,0.0005828420491279271,4.0
8.629999999999999,0.0005903580119669227,4.0
8.64,0.0005980262210773993,4.0
8.650000000000002,0.0006058507340935559,4.0
8.66,0.0006138357412673219,4.0
8.670000000000002,0.0006219855705450696,4.0
8.68,0.0006303046928640985,4.0
8.690000000000001,0.0006387977276793792,4.0
8.7,0.0006474694487314274,4.0
8.71,0.0006563247900668861,4.0
8.719999999999999,0.0006653688523238051,4.0
8.73,0.0006746069092943888,4.0
8.740000000000002,0.0006840444147784209,4.0
8.75,0.0006936870097414413,4.0
8.760000000000002,0.0007035405297922987,4.0
8.77,0.0007136110129954677,4.0
8.780000000000001,0.0007239047080343775,4.0
8.79,0.0007344280827426218,4.0
8.8,0.0007451878330209732,4.0
8.809999999999999,0.0007561908921587779,4.0
8.82,0.0007674444405794358,4.0
8.830000000000002,0.0007789559160304218,4.0
8.84,0.0007907330242394815,4.0
8.850000000000001,0.0008027837500595456,4.0
8.86,0.0008151163691259883,4.0
8.870000000000001,0.0008277394600511016,4.0
8.879999999999999,0.0008406619171815893,4.0
8.89,0.0008538929639463497,4.0
8.900000000000002,0.0008674421668227714,4.0
8.91,0.0008813194499512932,4.0
8.920000000000002,0.0008955351104291309,4.0
8.93,0.0009100998343153935,4.0
8.940000000000001,0.0009250247133813707,4.0
8.95,0.0009403212626408575,4.0
8.96,0.0009560014386971234,4.0
8.969999999999999,0.0009720776589442032,4.0
8.98,0.0009885628216619324,4.0
8.990000000000002,0.001005470327045206,4.0
9.0,0.0010228140992096135,4.0
9.010000000000002,0.001040608609216753,4.0
9.02,0.0010588688991637295,4.0
9.030000000000001,0.0010776106073828063,4.0
9.04,0.0010968499947978374,4.0
9.05,0.001116603972485449,4.0
9.059999999999999,0.0011368901304892722,4.0
9.07,0.0011577267679364518,4.0
9.080000000000002,0.0011791329245055002,4.0
9.09,0.001201128413294837,4.0
9.100000000000001,0.0012237338551406608,4.0
9.11,0.0012469707144318201,4.0
9.120000000000001,0.0012708613364681145,4.0
9.129999999999999,0.0012954289864058296,4.0
9.14,0.0013206978898318788,4.0
9.150000000000002,0.001346693275003488,4.0
9.16,0.0013734414167859217,4.0
9.170000000000002,0.0014009696823142168,4.0
9.18,0.0014293065783972422,4.0
9.190000000000001,0.0014584818006733813,4.0
9.2,0.0014885262845152811,4.0
9.21,0.0015194722576681926,4.0
9.219999999999999,0.0015513532945895798,4.0
9.23,0.0015842043724391735,4.0
9.240000000000002,0.0016180619286453343,4.0
9.25,0.0016529639199476024,4.0
9.260000000000002,0.001688949882783771,4.0
9.27,0.001726060994853445,4.0
9.280000000000001,0.0017643401376481872,4.0
9.29,0.0018038319596885577,4.0
9.3,0.0018445829401523392,4.0
9.309999999999999,0.001886641452511774,4.0
9.32,0.0019300578277229254,4.0
9.330000000000002,0.001974884416422473,4.0
9.34,0.0020211756494883533,4.0
9.350000000000001,0.002068988096205974,4.0
9.36,0.0021183805191513226,4.0
9.370000000000001,0.002169413924754098,4.0
9.379999999999999,0.002222151608333943,4.0
9.39,0.002276659192211792,4.0
9.400000000000002,0.0023330046552797164,4.0
9.41,0.0023912583521678438,4.0
9.420000000000002,0.002451493019869218,4.0
9.43,0.00251378376937212,4.0
9.440000000000001,0.002578208059501177,4.0
9.45,0.0026448456497778377,4.0
9.46,0.0027137785286786595,4.0
9.469999999999999,0.002785090813188,4.0
9.48,0.0028588686150134517,4.0
9.490000000000002,0.0029351998682494067,4.0
9.5,0.003014174112641605,4.0
9.510000000000002,0.0030958822259179136,4.0
9.52,0.003180416097913085,4.0
9.530000000000001,0.0032678682384316322,4.0
9.54,0.0033583313099667528,4.0
9.55,0.003451897575540889,4.0
9.559999999999999,0.0035486582510630303,4.0
9.57,0.0036487027507383103,4.0
9.580000000000002,0.003752117813236974,4.0
9.59,0.0038589864955774766,4.0
9.600000000000001,0.003969387021042905,4.0
9.61,0.004083391466994838,4.0
9.620000000000001,0.004201064278248402,4.0
9.629999999999999,0.004322460591811557,4.0
9.64,0.00444762435938643,4.0
9.650000000000002,0.004576586255197743,4.0
9.66,0.00470936135860958,4.0
9.670000000000002,0.004845946603774195,4.0
9.68,0.004986317992413826,4.0
9.690000000000001,0.005130427570966103,4.0
9.7,0.005278200179922903,4.0
9.71,0.005429529991472272,4.0
9.719999999999999,0.005584276861681725,4.0
9.73,0.005742262535595728,4.0
9.740000000000002,0.005903266757825243,4.0
9.75,0.006067023357478235,4.0
9.760000000000002,0.0062332163944542555,4.0
9.77,0.006401476473882025,4.0
9.780000000000001,0.006571377356267262,4.0
9.79,0.00674243301191819,4.0
9.8,0.006914095288326724,4.0
9.809999999999999,0.0070857523769549385,4.0
9.82,0.007256728279570546,4.0
9.830000000000002,0.007426283481842315,4.0
9.84,0.00759361704112759,4.0
9.850000000000001,0.007757870283952141,4.0
9.86,0.007918132284442759,4.0
9.870000000000001,0.008073447256150916,4.0
9.879999999999999,0.008222823935204114,4.0
9.89,0.008365246962468069,4.0
9.900000000000002,0.008499690187612175,4.0
9.91,0.008625131721435812,4.0
9.920000000000002,0.00874057045898034,4.0
9.93,0.00884504369090835,4.0
9.940000000000001,0.008937645321809464,4.0
9.95,0.009017544129762344,4.0
9.96,0.009084001440040842,4.0
9.969999999999999,0.00913638755489176,4.0
9.98,0.009174196286699656,4.0
9.990000000000002,0.009197056986811523,4.0
10.0,0.009204743546752478,4.0
10.010000000000002,0.009197179968820092,4.0
10.02,0.009174442251898103,4.0
10.030000000000001,0.009136756505642735,4.0
10.04,0.009084493379888396,4.0
10.05,0.009018159063432046,4.0
10.059999999999999,0.00893838325520851,4.0
10.07,0.008845904631125742,4.0
10.080000000000002,0.008741554414287074,4.0
10.09,0.008626238701285236,4.0
10.100000000000001,0.008500920202639988,4.0
10.11,0.008366600024492963,4.0
10.120000000000001,0.008224300057227818,4.0
10.129999999999999,0.008075046452358708,4.0
10.14,0.007919854570203838,4.0
10.150000000000002,0.0077597156758200374,4.0
10.16,0.007595585556840828,4.0
10.170000000000002,0.007428375140324531,4.0
10.18,0.0072589431009314935,4.0
10.190000000000001,0.007088090382490639,4.0
10.2,0.006916556500520323,4.0
10.21,0.0067450174544405285,4.0
10.219999999999999,0.0065740850539775615,4.0
10.23,0.006404307452828571,4.0
10.240000000000002,0.006236170681875112,4.0
10.25,0.0060701009818022395,4.0
10.260000000000002,0.0059064677486724065,4.0
10.27,0.005745586923778548,4.0
10.280000000000001,0.005587724679205658,4.0
10.29,0.005433101271536881,4.0
10.3,0.00528189495692274,4.0
10.309999999999999,0.005134245880491691,4.0
10.32,0.004990259871252691,4.0
10.330000000000002,0.004850012089911845,4.0
10.34,0.0047135504912308,4.0
10.350000000000001,0.004580899074687366,4.0
10.36,0.004452060907330876,4.0
10.370000000000001,0.004327020910999696,4.0
10.379999999999999,0.0042057484126729675,4.0
10.39,0.004088199461853621,4.0
10.400000000000002,0.003974318922740028,4.0
10.41,0.003864042351724873,4.0
10.420000000000002,0.0037572976726554727,4.0
10.43,0.003654006663459343,4.0
10.440000000000001,0.0035540862683298086,4.0
10.45,0.003457449749810012,4.0
10.46,0.0033640076949096793,4.0
10.469999999999999,0.003273668888936223,4.0
10.48,0.003186341070085172,4.0
10.490000000000002,0.0031019315770828854,4.0
10.5,0.0030203479013461683,4.0
10.510000000000002,0.0029414981542630714,4.0
10.52,0.0028652914593304646,4.0
10.530000000000001,0.0027916382780289162,4.0
10.54,0.0027204506774922347,4.0
10.55,0.0026516425472428327,4.0
10.559999999999999,0.0025851297715282127,4.0
10.57,0.002520830363105589,4.0
10.580000000000002,0.002458664563689185,4.0
10.59,0.0023985549156921126,4.0
10.600000000000001,0.0023404263093656885,4.0
10.61,0.0022842060089586723,4.0
10.620000000000001,0.002229823661084689,4.0
10.629999999999999,0.002177211288097615,4.0
10.64,0.0021263032689246,4.0
10.650000000000002,0.0020770363094962667,4.0
10.66,0.0020293494046354768,4.0
10.670000000000002,0.0019831837930209544,4.0
10.68,0.0019384829066244466,4.0
10.690000000000001,0.001895192315827399,4.0
10.7,0.0018532596712549628,4.0
10.71,0.0018126346432153077,4.0
10.719999999999999,0.0017732688595028863,4.0
10.73,0.0017351158422091069,4.0
10.740000000000002,0.0016981309440851197,4.0
10.75,0.001662271284913703,4.0
10.760000000000002,0.0016274956882721132,4.0
10.77,0.0015937646190021723,4.0
10.780000000000001,0.00156104012164656,4.0
10.79,0.001529285760061913,4.0
10.8,0.0014984665583762551,4.0
10.809999999999999,0.0014685489434226888,4.0
10.82,0.001439500688749376,4.0
10.830000000000002,0.0014112908602799616,4.0
10.84,0.0013838897636753236,4.0
10.850000000000001,0.001357268893428753,4.0
10.86,0.0013314008837104583,4.0
10.870000000000001,0.0013062594609634076,4.0
10.879999999999999,0.001281819398241731,4.0
10.89,0.0012580564712729979,4.0
10.900000000000002,0.0012349474162185652,4.0
10.91,0.001212469889099523,4.0
10.920000000000002,0.001190602426851113,4.0
10.93,0.0011693244099645857,4.0
10.940000000000001,0.0011486160266722537,4.0
10.95,0.00112845823862975,4.0
10.96,0.0011088327480474856,4.0
10.969999999999999,0.001089721966222857,4.0
10.98,0.0010711089834237679,4.0
10.990000000000002,0.0010529775400744408,4.0
11.0,0.0010353119991943051,4.0
11.010000000000002,0.0010180973200415429,4.0
11.02,0.0010013190329135734,4.0
11.030000000000001,0.0009849632150575026,4.0
11.04,0.000969016467644925,4.0
11.05,0.000953465893766299,4.0
11.059999999999999,0.00093829907740174,4.0
11.07,0.0009235040633260284,4.0
11.080000000000002,0.0009090693379073582,4.0
11.09,0.0008949838107604417,4.0
11.100000000000001,0.0008812367972161681,4.0
11.11,0.0008678180015714424,4.0
11.120000000000001,0.0008547175010840388,4.0
11.129999999999999,0.0008419257306789717,4.0
11.14,0.0008294334683339607,4.0
11.150000000000002,0.0008172318211131798,4.0
11.16,0.0008053122118195434,4.0
11.170000000000002,0.0007936663662372116,4.0
11.18,0.0007822863009372275,4.0
11.190000000000001,0.0007711643116202436,4.0
11.2,0.0007602929619716998,4.0
11.21,0.0007496650730056542,4.0
11.219999999999999,0.0007392737128748179,4.0
11.23,0.0007291121871251192,4.0
11.240000000000002,0.0007191740293743558,4.0
11.25,0.0007094529923952471,4.0
11.260000000000002,0.0006999430395842362,4.0
11.27,0.0006906383367982601,4.0
11.280000000000001,0.0006815332445424346,4.0
11.29,0.0006726223104925851,4.0
11.3,0.0006639002623371075,4.0
11.309999999999999,0.0006553620009235966,4.0
11.32,0.0006470025936961452,4.0
11.330000000000002,0.0006388172684101197,4.0
11.34,0.0006308014071116394,4.0
11.350000000000001,0.0006229505403697256,4.0
11.36,0.0006152603417496505,4.0
11.370000000000001,0.0006077266225164641,4.0
11.379999999999999,0.0006003453265583666,4.0
11.39,0.0005931125255199021,4.0
11.400000000000002,0.0005860244141356059,4.0
11.41,0.0005790773057550419,4.0
11.420000000000002,0.0005722676280506703,4.0
11.43,0.0005655919189004118,4.0
11.440000000000001,0.0005590468224370652,4.0
11.45,0.0005526290852572417,4.0
11.46,0.0005463355527826865,4.0
11.469999999999999,0.0005401631657673285,4.0
11.48,0.0005341089569435914,4.0
11.490000000000002,0.0005281700478019111,4.0
11.5,0.0005223436454976062,4.0
11.510000000000002,0.0005166270398795632,4.0
11.52,0.0005110176006354784,4.0
11.530000000000001,0.0005055127745485646,4.0
11.54,0.0005001100828609787,4.0
11.55,0.0004948071187393337,4.0
11.559999999999999,0.0004896015448379774,4.0
11.57,0.00048449109095581724,4.0
11.580000000000002,0.00047947355178277844,4.0
11.59,0.0004745467847320477,4.0
11.600000000000001,0.0004697087078545108,4.0
11.61,0.0004649572978319453,4.0
11.620000000000001,0.000460290588045633,4.0
11.629999999999999,0.00045570666671729623,4.0
11.64,0.00045120367511930276,4.0
11.650000000000002,0.00044677980585132476,4.0
11.66,0.0004424333011806704,4.0
11.670000000000002,0.00043816245144369045,4.0
11.68,0.00043396559350577764,4.0
11.690000000000001,0.00042984110927753085,4.0
11.7,0.0004257874242848537,4.0
11.71,0.00042180300629075747,4.0
11.719999999999999,0.0004178863639668315,4.0
11.73,0.0004140360456123473,4.0
11.740000000000002,0.0004102506379191283,4.0
11.75,0.00040652876478033685,4.0
11.760000000000002,0.0004028690861414459,4.0
11.77,0.0003992702968917407,4.0
11.780000000000001,0.0003957311257947309,4.0
11.79,0.00039225033445597677,4.0
11.8,0.00038882671632683904,4.0
11.809999999999999,0.000385459095742788,4.0
11.82,0.00038214632699489734,4.0
11.830000000000002,0.0003788872934332797,4.0
11.84,0.0003756809066012038,4.0
11.850000000000001,0.00037252610539873616,4.0
11.86,0.00036942185527478484,4.0
11.870000000000001,0.00036636714744644837,4.0
11.879999999999999,0.0003633609981446595,4.0
11.89,0.0003604024478851098,4.0
11.900000000000002,0.0003574905607635312,4.0
11.91,0.00035462442377439876,4.0
11.920000000000002,0.0003518031461521964,4.0
11.93,0.0003490258587344149,4.0
11.940000000000001,0.00034629171334545615,4.0
11.95,0.00034359988220070234,4.0
11.96,0.00034094955732998317,4.0
11.969999999999999,0.0003383399500197592,4.0
11.98,0.00033577029027331444,4.0
11.990000000000002,0.00033323982628832914,4.0
12.0,0.000330747823951189,4.0
