artifact_state,parameter_match,length,dimension,beta,boundary,time,observable,display_offset,mixed_exact,representative,lower_68,upper_68,lower_95,upper_95
scaled_down_reproduction,paper_exact_reconstructed_metadata,6,64,0.5,periodic,0.0,sigma_x,0.0,-1.3097162243624894e-16,-0.042535656209951166,-0.07816887833262953,0.10966485358548718,-0.14306016720608347,0.12865668686965517
scaled_down_reproduction,paper_exact_reconstructed_metadata,6,64,0.5,periodic,0.0,sigma_y,0.4,2.0816681711721685e-17,-0.05959221253551984,-0.05515049928450935,0.143342133927293,-0.058913634472799424,0.23673930139629534
scaled_down_reproduction,paper_exact_reconstructed_metadata,6,64,0.5,periodic,0.0,sigma_z,-0.2,-0.5704712896913182,-0.634192328602387,-0.7127020383531016,-0.4395202970503479,-0.822530240395783,-0.405749866641214
scaled_down_reproduction,paper_exact_reconstructed_metadata,6,64,0.5,periodic,0.0,sigma_x_sigma_x,1.0,-0.35796951059306104,-0.26654577405797797,-0.38867932488275314,-0.15928358425196026,-0.6224473273231782,-0.15023330438034033
scaled_down_reproduction,paper_exact_reconstructed_metadata,6,64,0.5,periodic,0.125,sigma_x,0.0,-0.08473880970409112,-0.11564779047026794,-0.1568896795856581,-0.0035334064993808043,-0.20326686573704467,0.018161545722507024
scaled_down_reproduction,paper_exact_reconstructed_metadata,6,64,0.5,periodic,0.125,sigma_y,0.4,0.08965635600454999,0.00836400919676996,0.009397842024548707,0.24130561985407867,0.0004680105264154497,0.4315952688120345
scaled_down_reproduction,paper_exact_reconstructed_metadata,6,64,0.5,periodic,0.125,sigma_z,-0.2,-0.5459882993513233,-0.6221827560354697,-0.6669312268665947,-0.4341431861401482,-0.7913244893276994,-0.38025452427324924
scaled_down_reproduction,paper_exact_reconstructed_metadata,6,64,0.5,periodic,0.125,sigma_x_sigma_x,1.0,-0.3509506430834013,-0.2536892857589172,-0.37463075656630107,-0.17487257330493522,-0.6107306824655793,-0.14465723257128843
scaled_down_reproduction,paper_exact_reconstructed_metadata,6,64,0.5,periodic,0.25,sigma_x,0.0,-0.17683841002777384,-0.19567920674520098,-0.27135015561628767,-0.1220648797983177,-0.2760063785009962,-0.04893568110823242
scaled_down_reproduction,paper_exact_reconstructed_metadata,6,64,0.5,periodic,0.25,sigma_y,0.4,0.08690680719850426,0.008921185205158494,0.009919362514306841,0.25447228485862794,0.007549150076163976,0.44138895440508863
scaled_down_reproduction,paper_exact_reconstructed_metadata,6,64,0.5,periodic,0.25,sigma_z,-0.2,-0.4969787025627299,-0.5934589578241968,-0.5920412677002167,-0.40498974546072614,-0.7312688568830803,-0.33562461743417976
scaled_down_reproduction,paper_exact_reconstructed_metadata,6,64,0.5,periodic,0.25,sigma_x_sigma_x,1.0,-0.31471688377328805,-0.22004129702612152,-0.3242828786567092,-0.1635135114343509,-0.5635767293826166,-0.06904313164603708
scaled_down_reproduction,paper_exact_reconstructed_metadata,6,64,0.5,periodic,0.375,sigma_x,0.0,-0.25035621796670965,-0.2635567397527207,-0.33680129122351155,-0.2067101531086913,-0.4358102229471813,-0.1076749864329088
scaled_down_reproduction,paper_exact_reconstructed_metadata,6,64,0.5,periodic,0.375,sigma_y,0.4,0.004947771191744589,-0.04848622813461293,-0.08537514474451376,0.19548045001032344,-0.10025473887460147,0.29155123202389915
scaled_down_reproduction,paper_exact_reconstructed_metadata,6,64,0.5,periodic,0.375,sigma_z,-0.2,-0.45329218979965824,-0.5643162957655059,-0.5568006750570893,-0.35405235675887015,-0.6872573435597727,-0.29403475177592375
scaled_down_reproduction,paper_exact_reconstructed_metadata,6,64,0.5,periodic,0.375,sigma_x_sigma_x,1.0,-0.24910582009878202,-0.17173508094361742,-0.23925465806587934,-0.14176996304892123,-0.4810513313281316,0.06572748858066321
scaled_down_reproduction,paper_exact_reconstructed_metadata,6,64,0.5,periodic,0.5,sigma_x,0.0,-0.2898900961516609,-0.30668812804250467,-0.38162445824311014,-0.22442232869386283,-0.5330037573761024,-0.14417636036188017
scaled_down_reproduction,paper_exact_reconstructed_metadata,6,64,0.5,periodic,0.5,sigma_y,0.4,-0.11576571111642894,-0.13786738522411174,-0.22211535220185405,0.03381720736729238,-0.26317353026268825,0.09676339952150687
scaled_down_reproduction,paper_exact_reconstructed_metadata,6,64,0.5,periodic,0.5,sigma_z,-0.2,-0.42276723804424937,-0.5350284431148529,-0.5249743345550418,-0.3211329044926562,-0.6573031704409311,-0.26576277474855337
scaled_down_reproduction,paper_exact_reconstructed_metadata,6,64,0.5,periodic,0.5,sigma_x_sigma_x,1.0,-0.18286431373075748,-0.13279292957681355,-0.15896692494230233,-0.07878460207121105,-0.40021008168663336,0.20706574542390166
scaled_down_reproduction,paper_exact_reconstructed_metadata,6,64,0.5,periodic,0.625,sigma_x,0.0,-0.2918825854307227,-0.31933222279115747,-0.3937505232621422,-0.2055282140286923,-0.5532028930042993,-0.1631970554969664
scaled_down_reproduction,paper_exact_reconstructed_metadata,6,64,0.5,periodic,0.625,sigma_y,0.4,-0.23368090303988154,-0.23428085629153825,-0.32019197716709913,-0.06404529969328587,-0.421177557550625,-0.027127135008762363
scaled_down_reproduction,paper_exact_reconstructed_metadata,6,64,0.5,periodic,0.625,sigma_z,-0.2,-0.39819626546136433,-0.49944885238906284,-0.49442752690807973,-0.2775698595396041,-0.6325046585351543,-0.23284248495036425
scaled_down_reproduction,paper_exact_reconstructed_metadata,6,64,0.5,periodic,0.625,sigma_x_sigma_x,1.0,-0.15000776964985246,-0.1247756136430661,-0.14188313395777216,-0.023938551824626085,-0.37123387627902366,0.2816680197819683
scaled_down_reproduction,paper_exact_reconstructed_metadata,6,64,0.5,periodic,0.75,sigma_x,0.0,-0.2617973388228229,-0.3015392706072882,-0.3703326527711363,-0.18612164014236054,-0.49724894646358375,-0.15207339148396634
scaled_down_reproduction,paper_exact_reconstructed_metadata,6,64,0.5,periodic,0.75,sigma_y,0.4,-0.3204716311612702,-0.3184961498801031,-0.4651593716214312,-0.16367687324375793,-0.5456835498387054,-0.09262822766753069
scaled_down_reproduction,paper_exact_reconstructed_metadata,6,64,0.5,periodic,0.75,sigma_z,-0.2,-0.3751314985735529,-0.4596739359009952,-0.45903834291900275,-0.23502153641558826,-0.6099803458303643,-0.19025492829170385
scaled_down_reproduction,paper_exact_reconstructed_metadata,6,64,0.5,periodic,0.75,sigma_x_sigma_x,1.0,-0.1643441267140004,-0.1508916886488794,-0.16083238810701136,-0.007985058979178752,-0.4048824003579132,0.2642266573790204
scaled_down_reproduction,paper_exact_reconstructed_metadata,6,64,0.5,periodic,0.875,sigma_x,0.0,-0.21109162600142817,-0.25909012687903016,-0.31278126568351927,-0.17623220434329698,-0.3844605004689807,-0.11472494691236813
scaled_down_reproduction,paper_exact_reconstructed_metadata,6,64,0.5,periodic,0.875,sigma_y,0.4,-0.3616368575870028,-0.37521128238419976,-0.5775062409155798,-0.2654137443775047,-0.6138260606025662,-0.13606842281563897
scaled_down_reproduction,paper_exact_reconstructed_metadata,6,64,0.5,periodic,0.875,sigma_z,-0.2,-0.35920392592585537,-0.42710439950594864,-0.43706177872588947,-0.20689219615436436,-0.6009414274549814,-0.14131745386953418
scaled_down_reproduction,paper_exact_reconstructed_metadata,6,64,0.5,periodic,0.875,sigma_x_sigma_x,1.0,-0.21399401413118113,-0.19806200421460135,-0.19769815006950087,-0.032407409625507116,-0.48098807040472413,0.17723211399530528
scaled_down_reproduction,paper_exact_reconstructed_metadata,6,64,0.5,periodic,1.0,sigma_x,0.0,-0.1547353903816887,-0.20271907672903564,-0.2501037967665162,-0.1337714213557589,-0.26218888172651417,-0.07686426153048462
scaled_down_reproduction,paper_exact_reconstructed_metadata,6,64,0.5,periodic,1.0,sigma_y,0.4,-0.3532829421543655,-0.396119570450729,-0.5455895588619232,-0.27061422596545814,-0.6108036905391387,-0.15689108447246936
scaled_down_reproduction,paper_exact_reconstructed_metadata,6,64,0.5,periodic,1.0,sigma_z,-0.2,-0.3586107694828122,-0.41291458511272205,-0.42017399380022713,-0.20728950521883813,-0.6102079423859447,-0.09701166734762762
scaled_down_reproduction,paper_exact_reconstructed_metadata,6,64,0.5,periodic,1.0,sigma_x_sigma_x,1.0,-0.2750467875558918,-0.24754297855430782,-0.2712422649370003,-0.09030187608829168,-0.5683190732975465,0.05943404433643601
