model,alpha,energy_over_J,ipr,localized,response_abs,diagonal_overlap,eta_c_over_J
GAA,0,-2.6824966600588582,0.7333172791200951,1,0.04827770165300849,0.2693898461072203,0.0
GAA,1,-2.6824327875625116,0.7332597908954395,1,0.048649898841160444,0.27010472115716044,0.0
GAA,2,-2.682162295475996,0.7330153970511408,1,0.17727684107330882,0.8708081242541967,0.0
GAA,3,-2.6818919269999393,0.7327695660695174,1,0.17857679394740444,0.8706228646597685,0.0
GAA,4,-2.6812878147593624,0.7322144457129399,1,0.04711699278283874,0.2648761615136225,0.0
GAA,5,-2.68081170036865,0.731770958679501,1,0.04710040612873219,0.26404911583176,0.0
GAA,6,-2.6804782996033447,0.731457050249139,1,0.05239303615003793,0.27393276301191616,0.0
GAA,7,-2.6798756671891706,0.730881853361064,1,0.053536964019935324,0.274518807625749,0.0
GAA,8,-2.6787357962075284,0.7297654400338492,1,0.1987608839231325,0.8683509911485296,0.0
GAA,9,-2.67792996895941,0.7289483219753838,1,0.20765168483547045,0.8677286134060976,0.0
GAA,10,-2.67739342681137,0.7283868577989994,1,0.14789206011954512,-0.6965714092834469,0.0
GAA,11,-2.676463279483213,0.7273614633179312,1,0.1731113985554031,-0.695488635903032,0.0
GAA,12,-2.674797711062775,0.7239908895057887,1,0.0674029419711612,0.27737451582687384,0.0
GAA,13,-2.6736664098922978,0.7227495197873807,1,0.07327665086058334,0.27774174632885534,0.0
GAA,14,-2.6716829808222764,0.7216456827567079,1,0.2741695223255082,0.8620587270401125,0.0
GAA,15,-2.6703604741404243,0.7197231797652479,1,0.35836946720396795,0.8605281385194403,0.0
GAA,16,-2.6695069961523594,0.7182955436558613,1,0.22603668853269857,-0.6874770110754657,0.0
GAA,17,-2.6680688712053735,0.7153827629518094,1,0.30589073715518234,-0.6852710332158624,0.0
GAA,18,-2.665600334334679,0.706657148935226,1,0.654760916317688,0.27447494371008924,0.0
GAA,19,-2.6640035536713276,0.6906394090639663,1,2.4532021202209804,0.26551062871978165,0.0
GAA,20,-2.6631264014477387,0.5631780732801827,1,0.26013760359685184,-0.6965465315677923,0.0
GAA,21,-2.660857780025808,0.5668156500617124,1,0.14823586730829846,-0.7063937607713299,0.0
GAA,22,-2.658059551879196,0.6846927820508676,1,2.2144680809363004,-0.6630025544822148,0.0
GAA,23,-2.656177195046583,0.6943719837632867,1,0.41160167712253254,-0.6701480547573411,0.0
GAA,24,-2.652964489752778,0.693045351690653,1,0.07984357215107175,0.2780157873287073,0.0
GAA,25,-2.6508951345697906,0.689204212361065,1,0.0020195500224627037,0.2785479058469132,0.0
GAA,26,-2.649587679612669,0.6860675888306902,1,0.1076718265855931,-0.690991698622084,0.0
GAA,27,-2.6474304294796878,0.6796637114821223,1,0.18216875054252119,-0.6893002370379078,0.0
GAA,28,-2.6438496861932763,0.6643669645410804,1,0.2166623589089718,-0.6601462782331239,0.0
GAA,29,-2.641601407397612,0.6496628990453074,1,0.23574725351819864,-0.6567822960856414,0.0
GAA,30,-2.637986993392911,0.6066797202114976,1,0.11887055686516361,0.273035265344478,0.0
GAA,31,-2.635870003702432,0.5537800330782184,1,0.13692575894022624,0.26934168229089245,0.0
GAA,32,-2.6346859155441344,0.5017535689731312,1,0.4246043972700385,-0.6634192456672738,0.0
GAA,33,-2.633218311447017,0.3847944315194482,1,0.4364030605502531,-0.6527250254163347,0.0
GAA,34,-2.622459432676828,0.39870803694142243,1,0.28647399844106175,-0.6671480839505308,0.0
GAA,35,-2.620872365070449,0.5024985073770155,1,0.2865157634658083,-0.6552706516294577,0.0
GAA,36,-2.6195692336812693,0.5457991799713561,1,0.03509314126167269,0.23355611254728917,0.0
GAA,37,-2.617187592394467,0.5851611460771495,1,0.043279220060702256,0.22884091235861828,0.0
GAA,38,-2.612961952485418,0.6073943326823024,1,0.7213806396098976,-0.6529933212668001,0.0
GAA,39,-2.6102281540940866,0.6093980706858256,1,0.8186366832569528,-0.644407211592485,0.0
GAA,40,-2.605701568042814,0.6034886356170691,1,0.5606179371280675,-0.6047703671299587,0.0
GAA,41,-2.6028710016546577,0.5956154714864561,1,0.7900485215091404,-0.5946537103222748,0.0
GAA,42,-2.601115520055894,0.589939920937547,1,0.10270541203515313,0.21198150088676107,0.0
GAA,43,-2.5982820807061837,0.5794888176488523,1,0.058388194789793305,0.20971715609543293,0.0
GAA,44,-2.5937438370177017,0.5574496038519134,1,1.867978739362017,-0.5650085351216646,0.0
GAA,45,-2.5909967213785903,0.5410315899296667,1,2.1857328346803935,-0.5431460270140356,0.0
GAA,46,-2.5867099590259053,0.5097088981176136,1,1.352176977390474,-0.5065727938277494,0.0
GAA,47,-2.584199886577777,0.4873877528348014,1,1.5554430202414726,-0.48290479325174185,0.0
GAA,48,-2.58271869679106,0.47253329070635275,1,0.06521668270697906,0.19319045874617496,0.0
GAA,49,-2.5804606955149105,0.4470136179452276,1,0.0652420411693793,0.19023484045128347,0.0
GAA,50,-2.57726405786683,0.40363754187484596,1,5.514927194950706,-0.3116273724884772,0.0
GAA,51,-2.5756415841234035,0.3775836908678581,1,6.282122362360663,-0.247162758819713,0.0
GAA,52,-2.574798770733124,0.3627641461327816,1,6.925880829542588,0.3155168739273358,0.0
GAA,53,-2.5737249711324552,0.34244750907943317,1,7.530984997595017,0.23709092840444776,0.0
GAA,54,-2.572828225812645,0.32412019324690394,1,0.06126886223022176,0.17835682939701794,0.0
GAA,55,-2.498013645034274,0.34996057997520646,1,0.03424899500338176,0.2483865722423768,0.0
GAA,56,-2.4969758223178418,0.36413927591471396,1,7.056226251407844,-0.09276584738187893,0.0
GAA,57,-2.4957281296429215,0.37961368164437764,1,6.445678205468363,-0.1652408423613315,0.0
GAA,58,-2.494745030076398,0.39072012076248136,1,5.793772535406204,0.35674885488050584,0.0
GAA,59,-2.49284305208053,0.4098195122845492,1,5.01625262721955,0.41499793079015945,0.0
GAA,60,-2.489059155169495,0.44011699344216565,1,0.030819939926611615,0.2357691371452604,0.0
GAA,61,-2.4863569154065797,0.45679401790738666,1,0.03098227992221895,0.23256604051141352,0.0
GAA,62,-2.4845708947741327,0.4659963801305412,1,1.2928287032825745,0.10792885871426824,0.0
GAA,63,-2.481520533889782,0.47891971206212586,1,1.0819116218816476,0.12742419522354873,0.0
GAA,64,-2.4762408389302384,0.49454505682041144,1,1.5672272746811124,0.6052149134552587,0.0
GAA,65,-2.4728118068981138,0.5009019530312278,1,1.2154865907735037,0.6186853502275951,0.0
GAA,66,-2.4670805977127275,0.5034273296172154,1,0.03845591158741142,0.21371234534911257,0.0
GAA,67,-2.463572292965707,0.44165501113282235,1,0.04944565484964323,0.20793272711299482,0.0
GAA,68,-2.460910880999345,0.44392814234934336,1,0.2981517122252137,0.18964787626570284,0.0
GAA,69,-2.4573333330673996,0.5049635164163102,1,0.2004111036050225,0.19010316500536273,0.0
GAA,70,-2.4513026741275765,0.5042278965487823,1,0.09842214150297224,0.6382889484351346,0.0
GAA,71,-2.4475640617438903,0.5000375945147112,1,0.26935739196610564,0.6331587778613886,0.0
GAA,72,-2.4415541865452535,0.4900940426632195,1,0.05532382142642582,0.1953815944197608,0.0
GAA,73,-2.4378900067624896,0.4820743852530302,1,0.07317749854566316,0.19257798924230674,0.0
GAA,74,-2.4356543004054596,0.4761679626349018,1,0.26378198456853924,0.18179432970873655,0.0
GAA,75,-2.432106424834215,0.4613407594983805,1,0.5829169355808655,0.1785553526666271,0.0
GAA,76,-2.426422867049132,0.4437497941439319,1,0.9666648059899016,0.5579269149617034,0.0
GAA,77,-2.4231238483902526,0.4371060291280689,1,1.4030913640794191,0.5409357066164562,0.0
GAA,78,-2.4211380318504476,0.42984236273407445,1,0.6559370621463894,-0.4384546330550852,0.0
GAA,79,-2.418036276783027,0.41686662036828326,1,0.7476639360038355,-0.4225877618993186,0.0
GAA,80,-2.4133621308817323,0.39423593875878327,1,0.7691348963896377,0.10677769086258147,0.0
GAA,81,-2.4107214932104815,0.3797681170605327,1,0.8611097675538711,0.08894094808918353,0.0
GAA,82,-2.406917944508505,0.35654025399884487,1,2.6983208478970053,0.3696256549310742,0.0
GAA,83,-2.4048928641930267,0.3428937830543926,1,2.916230762171974,0.3299685523104322,0.0
GAA,84,-2.4037776033467493,0.3349623957196046,1,1.2283665403634338,-0.29328378161925095,0.0
GAA,85,-2.402208321614702,0.3232676536087641,1,1.2968722452007542,-0.2653044352554994,0.0
GAA,86,-2.400327409313465,0.30837055247210887,1,1.3440512537598803,-0.05487788004478543,0.0
GAA,87,-2.3995959375840967,0.30230146835114424,1,1.3911178939834539,-0.08499759976965193,0.0
GAA,88,-2.3967269383808043,0.29841932912559443,1,0.1571502767953986,0.7999062248448815,0.0
GAA,89,-2.2393771747342033,0.3223839856915204,1,1.3910634209155808,-0.11105500379299606,0.0
GAA,90,-2.2386866744483145,0.32678362640340275,1,1.3466148987357063,-0.14098832451156415,0.0
GAA,91,-2.2375163272022625,0.3189224094836164,1,0.013957682350573632,0.8265063366324134,0.0
GAA,92,-2.236913190212726,0.33746730665228647,1,1.2907103199408259,0.0701803794077159,0.0
GAA,93,-2.2354358575559137,0.3457296668828137,1,1.2226845605550014,0.09875502097902544,0.0
GAA,94,-2.2343872486002034,0.3512649300988876,1,3.143607420599896,-0.2562638648706365,0.0
GAA,95,-2.2324860218269995,0.3606463749307955,1,2.9344106404675663,-0.2965004713184014,0.0
GAA,96,-2.2289253595232013,0.37608407654390535,1,0.8905966076256122,-0.28241976057417173,0.0
GAA,97,-2.226460919598877,0.3853825664255528,1,0.805697709432348,-0.2996909201546168,0.0
GAA,98,-2.2221166303360933,0.3992767402716353,1,0.7616911427026392,0.23555268277880093,0.0
GAA,99,-2.219246026488414,0.4067542629062933,1,0.6888875894019542,0.2538296053206776,0.0
GAA,100,-2.2174129034356342,0.4108397493410567,1,1.769324978021642,-0.4760526152923557,0.0
GAA,101,-2.2143677701058198,0.41603098036971964,1,1.6034593925870275,-0.49811225186051467,0.0
GAA,102,-2.2092649238044992,0.42246161822085915,1,0.3870895934124584,-0.36336341763877805,0.0
GAA,103,-2.2060545106057807,0.4246780515139649,1,0.31548518236621004,-0.36812501762591077,0.0
GAA,104,-2.2040581058362365,0.42452476385977156,1,0.1812399959253529,0.02565820841785856,0.0
GAA,105,-2.2008312557834686,0.421494683917814,1,0.23358714148564091,0.01776026033968932,0.0
GAA,106,-2.195723201605745,0.40457062235697133,1,0.9078263180262603,-0.5950415360695093,0.0
GAA,107,-2.1927591935981803,0.37987857524279345,1,0.8217248714303828,-0.6079206603619354,0.0
GAA,108,-2.1888315426446625,0.29548123214965444,1,1.4962466446942477,-0.30143239790743276,0.0
GAA,109,-2.187612563970478,0.2382320428018064,1,2.5548745812276636,-0.22534439614712076,0.0
GAA,110,-2.1724560988709913,0.2380883763469144,1,2.591905983549735,-0.16154084685615813,0.0
GAA,111,-2.1712634261720947,0.2970426967901398,1,1.558659145236329,-0.08973168968734893,0.0
GAA,112,-2.1674447743623166,0.38606079297576584,1,0.544755080581296,-0.6326138327231763,0.0
GAA,113,-2.164585830126751,0.4139209247047093,1,0.4842663952695439,-0.6398941902153917,0.0
GAA,114,-2.15969850543012,0.4363239057982675,1,0.1295077133553711,-0.3705950190675463,0.0
GAA,115,-2.1566320521609503,0.44299001332253385,1,0.04220850641706041,-0.3712448045001192,0.0
GAA,116,-2.1547409122956283,0.44549408647150973,1,0.04832114052254538,-0.03477808054058457,0.0
GAA,117,-2.1517052463476203,0.44757159554005727,1,0.06691785548740989,-0.038663663913897986,0.0
GAA,118,-2.146902786719936,0.4461521475460186,1,0.4260970581624439,-0.658447304548603,0.0
GAA,119,-2.144035065883,0.4411312064375126,1,1.2178695714738588,-0.6530945036273574,0.0
GAA,120,-2.1423172476375365,0.43497004707124515,1,2.424540027101689,0.6113260851280462,0.0
GAA,121,-2.139671560503872,0.4135780172689013,1,6.945367745828798,0.576316938397994,0.0
GAA,122,-2.1363354064403017,0.27376047894863,1,0.10476495065754313,-0.07100589599884066,0.0
GAA,123,-2.1301733599591186,0.26701978584507874,1,0.0997598673854529,-0.06978005706195292,0.0
GAA,124,-2.127189187454394,0.40816323989097403,1,7.475952287220952,-0.6234006355525112,0.0
GAA,125,-2.124976687821973,0.4294817705934588,1,2.9630325624553007,-0.6603551715601065,0.0
GAA,126,-2.1236077380795257,0.43557401837330767,1,1.7507752007947703,0.6154055136864595,0.0
GAA,127,-2.1214332572577907,0.44070552827245485,1,0.9666917873533712,0.6224444052332943,0.0
GAA,128,-2.118077302019505,0.4435554642152148,1,0.13563525736235327,-0.10744511185775776,0.0
GAA,129,-2.1161241228956134,0.44346401727707896,1,0.22123686577186888,-0.11331032247922662,0.0
GAA,130,-2.114977392815439,0.4348532370001625,1,0.1579395918538909,0.5051546462996758,0.0
GAA,131,-2.113146206036634,0.43425309284977975,1,0.1326866442186878,0.510561628018695,0.0
GAA,132,-2.1104888949944387,0.4423826009101449,1,0.3081992076531754,0.6192450938960606,0.0
GAA,133,-2.1089850246450768,0.4424014861902221,1,0.19980757868321555,0.6172554087137863,0.0
GAA,134,-2.106791423010499,0.44159991635169626,1,0.10831842529055838,-0.15201482193778587,0.0
GAA,135,-2.105588077710592,0.4408405155363442,1,0.26605495207854823,-0.15848590220329553,0.0
GAA,136,-2.104903186523875,0.4404730818306514,1,0.2471283296810098,0.5383151667112862,0.0
GAA,137,-2.1038924624184805,0.44009630991545556,1,0.08737237445423066,0.5430590320945632,0.0
GAA,138,-2.102513503861611,0.4392929207609269,1,0.10671762041745501,0.5991228042415164,0.0
GAA,139,-2.1018215916077767,0.43886824144311876,1,0.10074718587075403,0.5955358368110061,0.0
GAA,140,-2.100964123640807,0.43832638945676616,1,0.11005847094432737,-0.19742724010268067,0.0
GAA,141,-2.1005971982013834,0.4380896843364212,1,0.10934400476564018,-0.20404458475290504,0.0
GAA,142,-2.1004329607876455,0.4379828433965677,1,0.07988709604184496,0.568616807678505,0.0
GAA,143,-2.100268634914745,0.4378754063244693,1,0.08122394805142442,0.5727615736590622,0.0
GAA,144,0.04826335465090868,0.24602378849856438,1,1.2782304235067246,0.41245460170564563,0.0
GAA,145,0.0484000288461133,0.2445199639482272,1,1.854599138087053,0.41424629285419273,0.0
GAA,146,0.04853524779612903,0.24096431991299672,1,0.5289395439531921,-0.16724726647231955,0.0
GAA,147,0.04883784992349707,0.2371711243080873,1,1.5149658505061485,-0.1701348011885238,0.0
GAA,148,0.049490241981069154,0.19597022925528707,1,1.5322288390049885,0.3759617745442959,0.0
GAA,149,0.05014306093676411,0.19248641467187866,1,1.0034888430281148,0.37817156039614547,0.0
GAA,150,0.05106480866225517,0.18374929772632595,1,14.544533239856632,0.34454911871787297,0.0
GAA,151,0.05150422896997392,0.11745201901157966,1,47.56001333382876,0.18898455701951555,0.0
GAA,152,0.05329256301685809,0.12433308510653304,1,43.66435221990408,0.031228455680359805,0.0
GAA,153,0.05380654452623409,0.16990918763395985,1,11.176374142186532,-0.10798606161730737,0.0
GAA,154,0.05501085383131629,0.16474257648990506,1,4.91384222442067,0.2744078393518632,0.0
GAA,155,0.055673290769540876,0.1401298247307763,1,7.703241270912666,0.21315484874360693,0.0
GAA,156,0.056620301340181714,0.11268752888949776,1,0.15976231138151245,0.44594744918666057,0.0
GAA,157,0.06455810496916534,0.13951828547405276,1,7.118337296853186,-0.1245965319192226,0.0
GAA,158,0.06476064366775945,0.12012896853685268,1,1.0023966943245057,0.46300828263057925,0.0
GAA,159,0.06537006219624811,0.15013105206489027,1,3.8944024962185577,-0.17647675835692833,0.0
GAA,160,0.06702914260652018,0.1532855350332592,1,0.931081547768029,0.16750511004048302,0.0
GAA,161,0.06800728184014018,0.13910626228849027,1,13.383757952364338,0.12908748845517423,0.0
GAA,162,0.06861996640244461,0.1318491972298518,1,8.06103202929787,-0.2584253166682263,0.0
GAA,163,0.06938203587548776,0.1283561896914237,1,4.2924890242824825,-0.22638070155907822,0.0
GAA,164,0.07007999515967803,0.11359114255913913,1,0.827927723393258,-0.2647823173010199,0.0
GAA,165,0.09154223806922741,0.12266557724028275,1,0.27112654042191964,-0.24686210892953425,0.0
GAA,166,0.0922870076384994,0.13176941764509584,1,6.3788785502127165,0.07514686752861643,0.0
GAA,167,0.09310926817443452,0.135780852606611,1,2.8731815069431756,0.12573057272636132,0.0
GAA,168,0.09371131309194987,0.13599828700659458,1,6.550838289336095,-0.3048591790392796,0.0
GAA,169,0.09467077914536054,0.11790630010551126,1,2.614805153589822,-0.33115179134115813,0.0
GAA,170,0.09747339772489094,0.12123920282585651,1,0.592771395483531,-0.2459148282583577,0.0
GAA,171,0.09850168392057324,0.1428808939438411,1,0.5083263760635506,-0.23118290144904144,0.0
GAA,172,0.09902434547108084,0.11372044720773221,1,0.030286713788057806,-0.0359757634130526,0.0
GAA,173,0.10062458000764622,0.11134145705713439,1,0.2950909882651335,-0.03212841373481654,0.0
GAA,174,0.10197072369756566,0.1422248815548098,1,1.5061488476630633,-0.41186477266691146,0.0
GAA,175,0.10267702663454703,0.14353067263637626,1,1.1623437082941692,-0.4180071249773875,0.0
GAA,176,0.10341660906969682,0.14325803676587434,1,0.49226260342387484,-0.15145655827734653,0.0
GAA,177,0.10359702680936676,0.14264862098989,1,0.4894540492513142,-0.13571576272893765,0.0
GAA,178,0.20677021349755365,0.14352220871063343,1,0.29365806053137855,-0.13216450408095218,0.0
GAA,179,0.20697222676949956,0.14347742446613668,1,0.3070314272551397,-0.10722954385954066,0.0
GAA,180,0.20779058100381728,0.13653828007949406,1,2.1081022171318846,-0.4358362568698958,0.0
GAA,181,0.2086143163494575,0.1348917654640527,1,2.651323806614234,-0.42615054581276,0.0
GAA,182,0.21006630889544545,0.10885597075036153,1,2.720840173708418,-0.22163096507984828,0.0
GAA,183,0.21151631847358043,0.10280670318404687,1,5.5290360652568,-0.2075220142697241,0.0
GAA,184,0.2120740575286647,0.11574230339378584,1,1.6083106928365072,-0.03555853182492203,0.0
GAA,185,0.21285627594009296,0.09431385517495484,1,5.938583159591376,-0.08224834873977094,0.0
GAA,186,0.22066139262003256,0.0974094738823775,1,4.284178996633959,-0.23081173878668593,0.0
GAA,187,0.22155947959796643,0.11593581999694338,1,4.428149277442496,-0.2732530977246642,0.0
GAA,188,0.2222764026196526,0.12173188940815204,1,6.036659793569042,0.3281727529655909,0.0
GAA,189,0.22352265897174067,0.12103639355305752,1,4.191125405283689,0.3206591793375414,0.0
GAA,190,0.22496417238571365,0.09181124049898062,1,1.3072616862632922,0.17236493460530525,0.0
GAA,191,0.23180265691204233,0.0883214496477994,1,0.3881859188809058,0.18402189643490635,0.0
GAA,192,0.23297121042961694,0.12013654188686539,1,2.583267104890046,-0.17883070822206767,0.0
GAA,193,0.23383300716265012,0.09355296828485171,1,51.69418259177531,-0.08822744416498267,0.0
GAA,194,0.23493909343849242,0.08617962430305806,1,50.790172912365435,0.25578423351659874,0.0
GAA,195,0.23520764417987583,0.11771024824546278,1,7.304833595376311,0.17965121122266156,0.0
GAA,196,0.23572584475712113,0.13741697655866736,1,6.3145212242018225,0.3646954720902009,0.0
GAA,197,0.23689632530319293,0.14539279760285315,1,0.6351264452590575,0.2964971836263235,0.0
GAA,198,0.23735675866978906,0.14900883186929229,1,0.6088123923194252,0.3148244094108229,0.0
GAA,199,0.3787392910797066,0.14387468616718008,1,0.40845717762197215,0.18792225584525654,0.0
GAA,200,0.3805651884511761,0.13424477949261732,1,1.1400563846925398,0.36066130154319426,0.0
GAA,201,0.3809144650352596,0.12704002518740926,1,1.4647384537604509,0.36413822745803076,0.0
GAA,202,0.3817748990530829,0.11112422207543889,1,4.909243829044687,0.27105731856731147,0.0
GAA,203,0.3821939880746905,0.07471081021663242,1,15.833555870281934,0.1685896422815092,0.0
GAA,204,0.38390594099721387,0.07796455511779343,1,13.755573084278115,0.07894448030707388,0.0
GAA,205,0.3844265983655418,0.10516720189409727,1,2.8233023387248193,0.019886831619237745,0.0
GAA,206,0.3853869006688348,0.07851009948525794,1,1.6447528343694566,0.36099952522044465,0.0
GAA,207,0.3886076025324324,0.0792547409855355,1,1.8149974879736313,0.36898868022557496,0.0
GAA,208,0.38949658726498826,0.10436905722889421,1,4.612616926034286,0.11992215399470962,0.0
GAA,209,0.39017669212543155,0.10253133458738574,1,5.495041704419027,0.08416794744604453,0.0
GAA,210,0.3905215198398307,0.10690131453734898,1,1.7119085729920058,0.13081801147809913,0.0
GAA,211,0.39086032631701273,0.1097797628362058,1,2.3663950019905506,0.1690667950236382,0.0
GAA,212,0.41520574224206336,0.10085275272869698,1,0.8689686844997904,0.23476005977150904,0.0
GAA,213,0.41553275807741363,0.10039288972245249,1,14.862248126338702,0.2503694903682198,0.0
GAA,214,0.415798825700235,0.08438119483212662,1,13.152957535948541,-0.1812928055041927,0.0
GAA,215,0.41668147971112524,0.09321290746534854,1,0.3188993843973484,-0.2349855082758963,0.0
GAA,216,0.41776939297381,0.09014385937345194,1,1.0475341930233237,0.04687203573186897,0.0
GAA,217,0.4189284712280613,0.087916435550547,1,2.2335448356353145,0.06724375343317547,0.0
GAA,218,0.41973157615643597,0.10991579625339523,1,14.829698602586602,0.12685048500231186,0.0
GAA,219,0.41997295996395845,0.10731563220293826,1,17.31596274491395,0.03821785465339505,0.0
GAA,220,0.4320171075332733,0.09990499127392291,1,18.963559901011024,-0.06716893475463172,0.0
GAA,221,0.43220751431029725,0.105757986332,1,16.713194089438197,-0.1706412270276717,0.0
GAA,222,0.4328841459474778,0.11205206098003243,1,3.956342863247677,-0.14321812127208064,0.0
GAA,223,0.43341777377985935,0.11020358807272093,1,5.005179429792451,-0.16897719876627637,0.0
GAA,224,0.43415285633803075,0.10627944815044191,1,5.9374906610193126,0.3611100355097524,0.0
GAA,225,0.4370590706065635,0.08390349898893651,1,788.5694411444516,0.3226912070150059,0.0
GAA,226,0.43710108369765577,0.11111998339062906,1,790.5615621047192,-0.32133094912506466,0.0
GAA,227,0.43746012488954683,0.12345221446226277,1,2.572791366686822,-0.37650548084245566,0.0
GAA,228,0.4386391730746411,0.13130639398585903,1,11.622156923446717,-0.17319525070414873,0.0
GAA,229,0.43889884587233946,0.13147928006560156,1,3.4672190614810106,-0.14438819542977194,0.0
GAA,230,0.4391712097874313,0.13091443921617466,1,4.249373268185478,-0.1408340558349178,0.0
GAA,231,0.4393786140401677,0.18912932464661353,1,4.374447373845724,-0.145038595578538,0.0
GAA,232,0.4395689296183764,0.20684348526237012,1,5.082669054504465,-0.474537221762466,0.0
GAA,233,1.7277392701732197,0.011401018507734846,0,2.7459215763264693,-0.09628025379492727,0.10048691475171402
GAA,234,1.727756910572979,0.011085730517072775,0,4.218408878624939,-0.0221746405008153,0.08107355948982888
GAA,235,1.7284258855733614,0.01213734481522692,0,0.684117482656175,-0.0673620060413815,0.20132060766660903
GAA,236,1.7284681880664359,0.011151591419492395,0,0.12779221180926445,-0.05140141145776891,0.46580203723803315
GAA,237,1.7296697722192254,0.013491231676408014,0,0.942797669711798,-0.0751923186505524,0.17149218227951524
GAA,238,1.7299630044815761,0.010894582520511542,0,1.571383125443122,-0.0501196867945641,0.13283500442135307
GAA,239,1.731660381008661,0.01523467309892918,0,104.64717879653875,-0.024971512690510327,0.0162775791126735
GAA,240,1.7316647446036504,0.015325972245722234,0,104.90584628027855,-0.12143309042763048,0.016257498825247088
GAA,241,1.7348227300327648,0.01271434102395709,0,2.804312868549902,-0.01686267284716192,0.09943524420031481
GAA,242,1.734887707884219,0.01238566651944591,0,1.7675810130620442,-0.09109107903120058,0.12524601400052712
GAA,243,1.737389344895534,0.014342176035041312,0,3.6798458744850957,-0.06611933524467967,0.08680380496522269
GAA,244,1.7374293120908,0.013878698754487818,0,1.2745167749618989,-0.08670373446232633,0.14749618898034128
GAA,245,1.7389897780366452,0.012287918333957886,0,1.0263875952996433,-0.09489880670484951,0.16436066123426393
GAA,246,1.7454974387176105,0.010497769632297226,0,0.6437632985018426,-0.02220707073200254,0.2075345799340884
GAA,247,1.747200767048978,0.013355328867476118,0,0.5525085992879738,-0.015213928370681034,0.2240185883438984
GAA,248,1.7473038956045595,0.013281415389771886,0,0.6789440163565141,-0.07262708705519885,0.20208617066229378
GAA,249,1.7502785908151612,0.011577646826235011,0,1.1423435393023162,-0.055882845943576114,0.1557956086375695
GAA,250,1.7503463775108747,0.011609885269443518,0,0.5595595981703368,-0.07592637882085874,0.222602686976259
GAA,251,1.7527891560120064,0.014430585247737531,0,5.9229438486841985,-0.05525713155880086,0.06842026775048615
GAA,252,1.7528500021960203,0.014488526748446286,0,0.37799537833932134,-0.09824742096489687,0.2708384577885
GAA,253,1.7538091893158159,0.010157697722319657,0,8.214813734236698,-0.09293977971697025,0.058097135092928576
GAA,254,1.7896172369636865,0.008687401085425216,0,1.2479764552071595,0.05791866953390498,0.14905631529238347
GAA,255,1.7907908155808547,0.012541297980740405,0,0.19690265337922322,0.05365196685239625,0.37525612777395934
GAA,256,1.7908729242421035,0.012477578917157638,0,1.7583308548686776,0.039993887512404194,0.12557502652014266
GAA,257,1.7939380140017571,0.011852495092152813,0,0.23019527079841928,0.028908501013031357,0.34706065217036064
GAA,258,1.7939799048024887,0.011745539817390835,0,0.8715510997562717,0.040502368811279235,0.17836397789641983
GAA,259,1.7983445608036326,0.01202546987303101,0,0.5668063811293882,0.05873327621385019,0.22117508947787679
GAA,260,1.7985357230439314,0.011617961252558201,0,0.1719660128092225,-0.006057890637213628,0.4015431912078261
GAA,261,1.80218877435086,0.011492737889362784,0,0.4429110940001849,0.013573577514892491,0.250204604541542
GAA,262,1.8034864221370834,0.011857306930453344,0,0.6407760348021257,0.007661137721978721,0.2080177750031068
GAA,263,1.8064921059398775,0.012114434771756718,0,0.4511793780886084,0.009476822163845199,0.24790138689809404
GAA,264,1.8067079894440787,0.012420124199607948,0,0.41299198984737007,-0.008630364374694414,0.2591091579097322
GAA,265,1.8086624497865484,0.012656620612951218,0,0.40827150815576757,0.006917092054736667,0.2606027777687937
GAA,266,1.8088776110222056,0.014813031866237374,0,1.0604784113188797,-0.02727627797918202,0.1616972601693221
GAA,267,1.8583481382364304,0.015013167576935105,0,1.7929727953659285,0.15635961767961704,0.12435599508754204
GAA,268,1.8584502738044324,0.014062778852547165,0,4.712430929901824,0.026541298772776247,0.07670630769009647
GAA,269,1.8603685870808937,0.01426603224278966,0,2.233042621333125,0.09504895208404575,0.11143075443767331
GAA,270,1.8604048833970024,0.014137803351773798,0,3.5469101347300955,0.06640164807443448,0.0884155157207899
GAA,271,1.8636066950183248,0.013766146180773514,0,0.5941872181875699,0.06451026146988054,0.21601898664775174
GAA,272,1.8637982213661304,0.01331753997092107,0,0.049144582714055016,0.09402702783019028,0.7511311124533212
GAA,273,1.8671229249513588,0.015047269064107135,0,0.11273648113845887,0.15812704726744145,0.49593109509503913
GAA,274,1.8671716483788856,0.015201290721240816,0,2.859454680281449,0.007249000826367415,0.09847182076899925
GAA,275,1.8746320016456723,0.017011146498256427,0,0.9535499210199357,0.008436193812698002,0.17052256623926107
GAA,276,1.8747195003755615,0.01659675744768538,0,0.3044628118935611,0.07255766687909894,0.30177721765237925
GAA,277,1.8780103491012123,0.012740037383307319,0,0.05274734181881949,0.045437476930167815,0.7250255106750181
GAA,278,1.8780818882644346,0.01289805173153281,0,0.38539050712881917,0.05572773192690361,0.2682273572076226
GAA,279,1.8807085826788421,0.010271347882736169,0,0.20676510933186368,0.06258497386409587,0.36619714106147366
GAA,280,1.8829830004172687,0.013994517496838074,0,0.05297363783924716,0.026176742362745132,0.7234752491561584
GAA,281,1.8850984397705515,0.013054709654659963,0,0.09733100065020543,0.03464722661049747,0.5337378267150132
GAA,282,1.8851129002196665,0.013138363292212374,0,0.2780506796878196,0.043304381371243296,0.31578507248982823
GAA,283,1.88734805427578,0.0109654134823875,0,1.0744872739901448,0.04773182087694944,0.16063972019841843
GAA,284,1.8873550463089714,0.01091679999866101,0,0.45609014204358084,0.030728826453385732,0.24656318665218555
GAA,285,1.888749457413602,0.011885591166787883,0,0.3275329237305119,0.04824897314882615,0.2909551817304455
GAA,286,1.8887601423662297,0.011828468357280013,0,2.8085913865779544,0.0332652857569373,0.09935947710329422
GAA,287,1.8892329586569554,0.007831480259913901,0,3.7771197948024136,0.03864067139994229,0.08567876494738161
GAA,288,2.3624043803261254,0.007581683406997428,0,2.601909399719169,0.00129046226507211,0.10323037192957121
GAA,289,2.362870861626681,0.011348570317678736,0,2.2177377001829113,0.0006991383516792906,0.1118145930338244
GAA,290,2.362909353104732,0.01120436649682462,0,2.330913150562385,0.007748019640322735,0.10906628764739071
GAA,291,2.3643016918153643,0.010766619932142271,0,2.442347184944696,0.005265594657423701,0.10654912244406475
GAA,292,2.3643375676074285,0.010770785033052585,0,2.656040209179456,0.009838162390068416,0.10217302566052056
GAA,293,2.3666226397488512,0.011383253414533695,0,2.4875607378126303,0.004668396438247463,0.10557637112132821
GAA,294,2.3666604092401897,0.011412869356942409,0,3.6842551520592908,0.024612222260406314,0.08675184647717314
GAA,295,2.3693656429968977,0.012018225793794603,0,2.7267669656595785,0.0594440542609529,0.10083924029497383
GAA,296,2.3701855908887817,0.01083781524290908,0,3.979525446750811,-0.020286148845706294,0.08347144543593063
GAA,297,2.3734361801026136,0.012156536788411465,0,4.04164310508417,0.012129528041444541,0.08282750830823937
GAA,298,2.3735071964804395,0.012090038269738174,0,3.575913388165214,0.06633016281089774,0.08805622871002963
GAA,299,2.376876779099935,0.015059841562281781,0,5.513264928900955,0.09495608459634026,0.07091680252404252
GAA,300,2.3769589676394234,0.015354821517285348,0,4.181084884330737,0.10052626869683536,0.081434621986638
GAA,301,2.3864917309057905,0.013662307440336523,0,1.7256722137123863,0.017873217441949536,0.12675772147543504
GAA,302,2.3865297625421302,0.013655156457614103,0,0.018486661686867453,-0.3173019828107788,1.2246848074285404
GAA,303,2.390703991264863,0.011384298684002292,0,58.827082896932005,-0.09173101217818959,0.02171025479723661
GAA,304,2.390714152956383,0.011386914383734473,0,70.97779948418531,-0.10105147737090002,0.019764794884534365
GAA,305,2.3956196217004027,0.011439501751588532,0,3.0821908497200017,-0.058244252904604096,0.09484704694168102
GAA,306,2.395660916136347,0.011658301200302638,0,3.50946785712375,-0.08480387780980066,0.08888591399647747
GAA,307,2.3995342839663767,0.01322475175794663,0,3.5638289745313267,-0.021448326334755546,0.08820539514964251
GAA,308,2.399646879945407,0.013660205148771223,0,2.697498566838029,-0.10086963677098178,0.10138482731578996
GAA,309,2.413382007760033,0.016049278054956748,0,0.58113966486453,-0.05835030635723048,0.21843051905911373
GAA,310,2.413453001813174,0.015672580276988146,0,0.705314004454623,-0.07818682434418649,0.19827242737797154
GAA,311,2.4170275145094418,0.012806454916421493,0,0.5555381752877622,-0.07580655545943565,0.22340692097156925
GAA,312,2.417061259944385,0.012781001492602927,0,0.8898514977724438,-0.05172168690228645,0.17652036191950152
GAA,313,2.421026899688412,0.011065125916913974,0,0.7917642932368893,-0.06634463505157344,0.1871352583167877
GAA,314,2.421864904526695,0.0126129320194207,0,0.25446592115719835,-0.05512651375266468,0.3300948607313115
GAA,315,2.425441705721015,0.011592384889223224,0,0.516412952818064,-0.06850557204286262,0.23171546154664338
GAA,316,2.4254657872684797,0.01169707730180258,0,0.6159400461585656,-0.0496638163647926,0.21217018569031645
GAA,317,2.428582505452637,0.011336432374841754,0,37.71976700942168,-0.04920338327739095,0.027112469492810015
GAA,318,2.428583315485923,0.011339539410012395,0,38.64519273155777,-0.06636767494929928,0.02678587503132698
GAA,319,2.430573393247831,0.011575812966534258,0,7.405888436009231,-0.055125183754093275,0.061187821964353004
GAA,320,2.430574458972151,0.011579161849737219,0,7.700599612086681,-0.0615048676463644,0.06000553407978969
GAA,321,2.431258216622444,0.007724338179136239,0,1.7339949094015845,-0.05828754259980349,0.12645315458495396
GAA,322,2.5748041911973982,0.009438456769929798,0,4.639848996423998,0.03434437234708999,0.07730394432423758
GAA,323,2.575394392334784,0.013909315779700192,0,1.231728258439576,0.043597296844790676,0.15003622361798746
GAA,324,2.575439160313893,0.01377081689722858,0,0.7674722939296731,0.011591171146172594,0.19007378541027842
GAA,325,2.5771699580926777,0.013019041084797806,0,1.151534828458863,0.04086292230774755,0.15517260040831063
GAA,326,2.577214675718489,0.01298392237856208,0,1.168598446435373,0.011482558238138842,0.15403553623072572
GAA,327,2.5799413379701996,0.013357484470088185,0,1.3062550467023004,0.05918540166687315,0.14569330204530248
GAA,328,2.579998667394259,0.013287068355475037,0,4.298188876860322,-0.018646651895817375,0.08031761968615603
GAA,329,2.5829067097824834,0.012679543927075878,0,0.12501525609703876,-0.02235926287306894,0.470947037876136
GAA,330,2.584403111374312,0.01287759355635102,0,3.7369838657539014,0.06911514307363745,0.08613763938623144
GAA,331,2.5878510357515854,0.012623866549045,0,0.6187226839239235,0.0346097629155948,0.21169254191676562
GAA,332,2.5878959646264317,0.012752702908026135,0,0.6800033945416175,0.0211113755194635,0.20192869414928374
GAA,333,2.5920686348199795,0.013226091973293271,0,1.2667209827112387,0.0384109983973741,0.147949361365295
GAA,334,2.5921494181678355,0.01332952068198009,0,0.597551207371316,-0.03893766823819986,0.21541007551483227
GAA,335,2.597147170923657,0.013639730573963721,0,57.433834193422555,0.21268999590542098,0.021972004133828427
GAA,336,2.5971649212817667,0.013597690984918809,0,57.0228621753556,-0.06342870142147072,0.022051039690727275
GAA,337,2.6009462768528526,0.01222105711850441,0,3.9617300221130574,0.016030884845800265,0.08365870523044729
GAA,338,2.6010199168286356,0.012601851672731996,0,3.8117769923446234,0.08741317105982638,0.08528837402698272
GAA,339,2.6040946059713095,0.012611766641566057,0,2.1951543867548486,0.02304634390646447,0.11238828449357789
GAA,340,2.604119093004215,0.012664843499691117,0,2.6546406814339325,0.07311687448286264,0.10219995494394472
GAA,341,2.6058627400538894,0.01279001234139675,0,6.793975545100135,-0.007044958004848319,0.06388392445580787
GAA,342,2.6058844076282606,0.012983217022742691,0,4.01756674279999,0.10469783401409594,0.08307532078643609
GAA,343,2.648832727132811,0.017791850131555934,0,3.3773675453848377,0.004872905329118713,0.09060755560180876
GAA,344,2.648848416943611,0.017581635229977792,0,2.4755734793776782,0.04278531179245209,0.10583167416765181
GAA,345,2.6503462148486334,0.016512224191329448,0,2.6817247409438774,0.022894375836272393,0.10168256142509334
GAA,346,2.6503612283502944,0.016494278196374536,0,2.4866086331745567,0.0316377810653889,0.10559658140513463
GAA,347,2.652927914297768,0.014721643527827847,0,2.533828695411063,0.03990908263633216,0.10460801279021892
GAA,348,2.6530663697456074,0.015356791855997035,0,3.075267690065354,0.025919191892528472,0.09495374856351561
GAA,349,2.6562442499596597,0.013826629816581362,0,1.3448854648599762,0.023803832289160737,0.14358561317631888
GAA,350,2.6562656090267347,0.013817607360826939,0,4.72549432973,0.061402534962103544,0.07660020887990555
GAA,351,2.6596558589184016,0.013031428804252215,0,3.9644329144549366,0.06067178876333875,0.08363018172744818
GAA,352,2.6596656955950615,0.013035479340322086,0,3.5582602734291435,0.05117086628200324,0.08827438918253877
GAA,353,2.662552865389758,0.013467079660979927,0,3.7795441470800126,0.08280573570253505,0.08565128162917918
GAA,354,2.662579177193735,0.013538833576823613,0,6.694913670441155,0.07776252585789686,0.06435482096979189
GAA,355,2.663866052165104,0.009717275711338654,0,1.5222036916451829,0.09515052092114153,0.13496376707389224
GAA,356,2.6746998593996922,0.01438047973287855,0,16.27473379702184,-0.09349509708759435,0.04127590747749743
GAA,357,2.675791929056469,0.01840585674140431,0,0.9948928440277922,-0.10499017381897512,0.1669419275014888
GAA,358,2.675844632445199,0.018222921299366486,0,6.014126197310689,-0.019040174116105653,0.06789961451218902
GAA,359,2.6781838326260408,0.015730228048595977,0,2.724579351007086,-0.06749718736948652,0.10087971500841518
GAA,360,2.6782268961138618,0.01569393706185565,0,2.34405754512114,0.0015790148672824825,0.10876006100800707
GAA,361,2.6807665168617163,0.013243811976521105,0,11.222610918643147,-0.048928143656023555,0.04970574916544511
GAA,362,2.6808029904809003,0.013268361140340787,0,8.761011377145316,0.050121529321898554,0.056256985230355105
GAA,363,2.682471751127427,0.01044540442492535,0,10.606263129284779,0.0770850433246423,0.05112959803607617
GAA,364,2.6848020167801963,0.015255900039511962,0,14.046345451073744,-0.14363665083200372,0.044429548975458144
GAA,365,2.6862181788165205,0.014813753791075605,0,9.482416320893506,-0.05898192698527549,0.05407469364311269
GAA,366,2.6862344385001826,0.014682954282827253,0,9.601136516857084,-0.09436817406770111,0.05373933088144149
GAA,367,2.688085425764068,0.012873533705393053,0,2.197361872360334,-0.024842931997088633,0.11233181726705456
GAA,368,2.6880938605406572,0.01275488107405336,0,10.626694021862077,-0.0717303083178127,0.05108042348072732
GAA,369,2.6897009891294332,0.012971957538831836,0,8.68729455950285,-0.09534245843185116,0.05649516786622903
GAA,370,2.689735975772837,0.012918252538530862,0,2.763903447103145,-0.011614191818745918,0.10015949895583298
GAA,371,2.690899352990254,0.011693698989960283,0,5.12985633847672,-0.04271908493527292,0.07351923437043162
GAA,372,2.690952512250085,0.012542564574234534,0,6.30657025060338,-0.04222490774337362,0.06630663038217192
GAA,373,2.6917345982564296,0.011804944091208264,0,4.827476277548938,-0.041505260134725996,0.07578678830987397
GAA,374,2.6917601033229914,0.012039408731087164,0,4.066734162177278,-0.03818649633315367,0.08257159715632287
GAA,375,2.6921487861654065,0.011707946496056882,0,5.5979810910679815,-0.061595928385744826,0.07037815275046269
GAA,376,2.692175915085144,0.01297717719317934,0,7.067555824473573,-0.009406781634992758,0.0626352699225519
AA,0,-2.6649519368606884,0.4752387692913047,1,1.1002379397987199,0.19950893526163646,0.0
AA,1,-2.6649118180093483,0.4732793036481035,1,1.0729895589398457,0.19995761034402884,0.0
AA,2,-2.664744440317507,0.4582459399660384,1,7.204875833056625,0.6359986586990285,0.0
AA,3,-2.664578489679635,0.44505016494553,1,10.094283876757139,0.6276207809467967,0.0
AA,4,-2.664240181524395,0.3583606778947862,1,5.874729546953335,0.17065067515810473,0.0
AA,5,-2.6639048308868305,0.3445191045199086,1,9.045383645933425,0.16911267934567714,0.0
AA,6,-2.6637521290967396,0.37536606307741194,1,1.4513345314975374,0.2206516280481565,0.0
AA,7,-2.6635000871771695,0.2834481175501657,1,20.558973359324682,0.26162647909094844,0.0
AA,8,-2.6623777815029017,0.28116914607060006,1,6.391097926293999,0.5027078909992682,0.0
AA,9,-2.6620662346393207,0.3264646094292872,1,27.612835368929964,0.5082628481466019,0.0
AA,10,-2.661841393779319,0.3220849019540031,1,7.631783554490525,-0.35168642114393106,0.0
AA,11,-2.661490194825438,0.2875627936869095,1,40.34972417988439,-0.2850848041126388,0.0
AA,12,-2.66111641156634,0.20877682998862626,1,1.2308094707892545,0.18296983364612388,0.0
AA,13,-2.6575263742883988,0.2266299699169549,1,1.8187540450837199,0.15245993300862237,0.0
AA,14,-2.657081609069701,0.26915386957651605,1,30.987514992740444,0.32272326031128135,0.0
AA,15,-2.656662452687308,0.242850425955763,1,87.54256885020062,0.3104017079174265,0.0
AA,16,-2.6563079505531553,0.24502118250379337,1,115.39860284758333,-0.2518804605803812,0.0
AA,17,-2.655850132420784,0.2708029305170377,1,7.866968050396682,-0.3040878254355039,0.0
AA,18,-2.6551624747039724,0.23952930585482965,1,5.230774812742924,0.010516125457460007,0.0
AA,19,-2.6550699830714826,0.20698714970621532,1,2.521055703718719,-0.4453086164967968,0.0
AA,20,-2.6548638999119474,0.22106566369710032,1,6.778025717355047,-0.03932882660436207,0.0
AA,21,-2.642217740456358,0.2327042755591908,1,0.7473437057195594,-0.5586940521110473,0.0
AA,22,-2.6414196979401514,0.23493556588627443,1,8.463989336935335,-0.2534302278877774,0.0
AA,23,-2.6410560202715083,0.24242711957797222,1,7.032567265693479,-0.3000236354999514,0.0
AA,24,-2.640239469272586,0.2341456860617609,1,1.007336527976643,0.012167481718220746,0.0
AA,25,-2.6397851085082613,0.15460736500759567,1,23.0860187083865,-0.053294792886442094,0.0
AA,26,-2.638712592982201,0.16010009032130848,1,35.85808320205453,-0.19753981698172954,0.0
AA,27,-2.6382130082670776,0.23534418743798133,1,10.284409579822505,-0.3110983265241097,0.0
AA,28,-2.637257546851037,0.18896010632957763,1,1.9180875696141366,-0.4122467355144459,0.0
AA,29,-2.6363579581961316,0.179344197414154,1,2.368860961285985,-0.39855947791068635,0.0
AA,30,-2.6356140723411405,0.22063765557755177,1,2.615530667551572,0.12896894630079694,0.0
AA,31,-2.635233097714723,0.21479036582759545,1,1.1389697957569391,0.1373116406850599,0.0
AA,32,-2.63505622507159,0.21249293079398923,1,3.1724208869859996,-0.3932538662700034,0.0
AA,33,-2.6348759731212428,0.2084514103360469,1,2.211334854711175,-0.39768482004534744,0.0
AA,34,-2.595231637638159,0.23211066508905118,1,1.5405603004457107,-0.4741248966245028,0.0
AA,35,-2.5950219450144534,0.2330672512393219,1,2.11307112469234,-0.4712799927478698,0.0
AA,36,-2.5948176612985363,0.23017428653567315,1,0.6045177456861971,0.18221494525461168,0.0
AA,37,-2.5943657601365984,0.23145909748941543,1,1.4211381419146094,0.17993594103975571,0.0
AA,38,-2.5934423486853886,0.20898429626877213,1,1.7533059049497364,-0.42768411464257083,0.0
AA,39,-2.592676638788674,0.2011555288965676,1,1.4039242122760396,-0.41982935219974693,0.0
AA,40,-2.591678868639709,0.1759363560433407,1,14.990052333499424,-0.30074436488098594,0.0
AA,41,-2.591329676131261,0.13903466538467713,1,23.939587115362585,-0.16726044962651218,0.0
AA,42,-2.5872526272617837,0.14283389877958386,1,22.445908944902776,-0.06284327829318911,0.0
AA,43,-2.5868708986725766,0.17727493641053282,1,13.764715666585472,0.05338589490104279,0.0
AA,44,-2.5857304944601305,0.20935286099319722,1,4.380421589695776,-0.278923662262137,0.0
AA,45,-2.5849874675089217,0.19461597140556391,1,7.9350471145086265,-0.22466719128348756,0.0
AA,46,-2.5838902877038037,0.1450389512987245,1,0.24249357909239883,-0.3049502860010607,0.0
AA,47,-2.581264392989934,0.13790886089332702,1,0.755319252382609,-0.33839501250429127,0.0
AA,48,-2.5811392443834036,0.1909309654338409,1,6.777277830660846,0.11779848728400667,0.0
AA,49,-2.5805623788840224,0.2042072917446085,1,1.440493035123992,0.14215891871532524,0.0
AA,50,-2.5795747980017247,0.212679152182104,1,0.16734195644668415,-0.09725982465800281,0.0
AA,51,-2.579124293436326,0.2177042623611296,1,6.586317045367749,-0.06781561509164377,0.0
AA,52,-2.578874416767256,0.2180012755465835,1,2.915920279798376,0.15281233614599918,0.0
AA,53,-2.5785739936490257,0.2270750394634174,1,1.985277497125186,0.1256182694159626,0.0
AA,54,-2.5783230609511087,0.22722365172408038,1,0.8539833631567326,0.17353518413136282,0.0
AA,55,-2.4307266941893877,0.24298785662329195,1,0.3515735565062174,0.25013201891391484,0.0
AA,56,-2.4304149598985814,0.24121625947511988,1,1.9269488241024995,0.02964613500686532,0.0
AA,57,-2.4300405778134873,0.23231905751729992,1,0.888548206845636,0.009293404360794174,0.0
AA,58,-2.429735987609145,0.22914609692190752,1,2.7088725335439063,0.1560196651669662,0.0
AA,59,-2.4291850611555272,0.210862436309516,1,1.4278694631414297,0.17889631928327418,0.0
AA,60,-2.4278338636172103,0.20507768670114274,1,0.20827289576939823,0.23411490122283757,0.0
AA,61,-2.427064161414245,0.20469057852498776,1,0.42110898049843914,0.230861239526912,0.0
AA,62,-2.4267072728289363,0.14346924808111866,1,0.5937485462598528,-0.05120691043216861,0.0
AA,63,-2.4247253153716777,0.14388671176590845,1,0.47640547119569576,-0.08896559529636748,0.0
AA,64,-2.4234357466357817,0.18158880605294148,1,0.757703704617603,0.24831858460146672,0.0
AA,65,-2.422606583710226,0.1765956264126148,1,0.652253284437085,0.2529750357697056,0.0
AA,66,-2.421567007230262,0.14970693611416963,1,1.441473456215245,0.12766961452611325,0.0
AA,67,-2.4212827829815327,0.1386546683585468,1,1.4908703513559427,0.09073610104467995,0.0
AA,68,-2.407091913978471,0.14356952366261105,1,0.8025521700177137,0.11454818397113699,0.0
AA,69,-2.4067689284556386,0.15284217111949647,1,0.7098851084504496,0.09154531267764802,0.0
AA,70,-2.4055775469734204,0.16882052021228822,1,0.20255567415097914,0.37592592011414755,0.0
AA,71,-2.404529078455639,0.1775620098987676,1,0.00046537764702737905,0.36578838653469553,0.0
AA,72,-2.4028095961776366,0.17489440757607877,1,3.318930695955306,0.13767092623498606,0.0
AA,73,-2.4018064580377816,0.16114999214902614,1,4.704370923249859,0.09595302938646048,0.0
AA,74,-2.40133496834663,0.15556221120840458,1,2.3977217573601366,0.11665705844496556,0.0
AA,75,-2.4007914265990826,0.13887115942469927,1,3.101103965413765,0.15934904586135826,0.0
AA,76,-2.3894261845728524,0.1343839841429212,1,3.050642010371796,0.11432743208953772,0.0
AA,77,-2.3889683558966612,0.15176084764028766,1,1.9865351430732736,0.1497303492389562,0.0
AA,78,-2.3885503224462155,0.16299511283814494,1,4.251708066418764,-0.17717292951157904,0.0
AA,79,-2.3877785232518387,0.1739060740491404,1,1.355924103135296,-0.20000800201516666,0.0
AA,80,-2.386644272560661,0.13008652023580558,1,0.48296283768276527,-0.08790310035001034,0.0
AA,81,-2.3845980647292153,0.12820890678241603,1,0.4828695083997911,-0.07458188795669753,0.0
AA,82,-2.3835807424141775,0.19483660019946605,1,0.09069328029750559,0.15069799761614971,0.0
AA,83,-2.382973635588886,0.14918286309550255,1,35.29526083352708,0.07950498094979992,0.0
AA,84,-2.382312918244571,0.1459223767035991,1,36.935294984172465,-0.14827585582575556,0.0
AA,85,-2.381834717145874,0.20954073201153012,1,2.6682718918579362,-0.21132460279786325,0.0
AA,86,-2.3811617641786715,0.21936588122235642,1,0.2235962219525676,-0.15058470282409953,0.0
AA,87,-2.380896335860628,0.22158838613407464,1,0.20598524414266162,-0.1621812642474698,0.0
AA,88,-2.3782132852414093,0.22860834920654702,1,2.3195608816032904,0.6011797944662906,0.0
AA,89,-2.0439598612260914,0.24740037100652965,1,0.35970751031546544,-0.08014905724263212,0.0
AA,90,-2.0436807193445063,0.24410393357141283,1,0.3288877000024354,-0.09342265203306879,0.0
AA,91,-2.042969168456474,0.23354120711042875,1,0.12573452586597336,-0.0008756042467126945,0.0
AA,92,-2.042447493337535,0.16955156432949048,1,3.5763861814900153,-0.004852331998087338,0.0
AA,93,-2.041890358906571,0.09364319008555785,1,1478.528340587056,0.2583425851579821,0.0
AA,94,-2.0417809222515153,0.11200695334012324,1,1463.5060373212782,0.38891739312474577,0.0
AA,95,-2.041197000149185,0.20127274694829564,1,17.581135242386516,-0.0998372551085105,0.0
AA,96,-2.040252136134734,0.13233635663897292,1,0.27151863846412505,-0.15894770955325882,0.0
AA,97,-2.0372334718712204,0.1381914293433016,1,0.25138371188191866,-0.17019957765960586,0.0
AA,98,-2.0360303122489243,0.18677417093079557,1,1.5867010246787954,0.08731019613858387,0.0
AA,99,-2.035089200554131,0.1790064551208418,1,0.8309581146236846,0.10632953716329906,0.0
AA,100,-2.034563340971141,0.16460685687336835,1,1.2058641702565143,-0.22787540951517724,0.0
AA,101,-2.033903502175794,0.13122911142459462,1,0.5265178433183725,-0.23209193236200526,0.0
AA,102,-2.027504689838033,0.1324675568245386,1,0.7069908002643609,-0.2329376952628404,0.0
AA,103,-2.026852384775776,0.1580494246758394,1,0.3325649896500086,-0.21533946447153834,0.0
AA,104,-2.026328902243922,0.15255020246364231,1,0.00656692442788618,0.013912242555359866,0.0
AA,105,-2.0252577219892123,0.15971004866861763,1,0.7356163887843689,0.0061508620698242054,0.0
AA,106,-2.0238708429998047,0.1722343911507085,1,0.943903450354945,-0.3590826585642454,0.0
AA,107,-2.0231099946417115,0.1676578713740974,1,0.8989699755333261,-0.36947668639696124,0.0
AA,108,-2.0223112600389226,0.16390483068223372,1,0.3692903666878502,-0.14214578637989614,0.0
AA,109,-2.0221124058422553,0.1617307751394322,1,0.4368673108454271,-0.12428466075883754,0.0
AA,110,-1.9767082654187604,0.1562231488005154,1,0.15876790286928094,-0.09117015854442664,0.0
AA,111,-1.9764937202870818,0.15839000575261486,1,0.15331171047246653,-0.0788772573388021,0.0
AA,112,-1.975628108536436,0.1640175931811326,1,0.7440440989362174,-0.30466798512545723,0.0
AA,113,-1.9748267044605978,0.165089613668469,1,1.3764592651431706,-0.2985484246876519,0.0
AA,114,-1.9733518175999836,0.12887667236577188,1,0.7837387592940472,-0.1294303229025111,0.0
AA,115,-1.9715079183093576,0.1338668788884762,1,0.8458288145595018,-0.14068578230274179,0.0
AA,116,-1.9710115121508147,0.17492753135539627,1,0.4890682031422031,-0.05191845254302381,0.0
AA,117,-1.969935011210707,0.1545865437311782,1,1.5675993958318595,-0.06082386186976499,0.0
AA,118,-1.9674571469547375,0.1482911371637731,1,1.546824147668376,-0.22395359798416273,0.0
AA,119,-1.966546838825831,0.16612236613807682,1,5.881939284819049,-0.2039379342025419,0.0
AA,120,-1.9660026503987562,0.16529198632630193,1,2.750431219414684,0.15105048098481508,0.0
AA,121,-1.965287727299999,0.16239253103463788,1,5.744233483841898,0.10801156508189971,0.0
AA,122,-1.9646627468412479,0.15501342903228402,1,0.06845645740914555,-0.04769135356665723,0.0
AA,123,-1.9369250457013432,0.14949383833942928,1,0.7474535184771166,0.0008910828280800247,0.0
AA,124,-1.9364128761359498,0.16020399513551353,1,5.73403084950334,-0.13427584362074682,0.0
AA,125,-1.9358373121578205,0.15967706859541672,1,7.1985469775796025,-0.17233505168263097,0.0
AA,126,-1.9353654641896456,0.16613888509157124,1,16.16594538740677,0.19958410526596965,0.0
AA,127,-1.9345915932670208,0.17922186543671137,1,2.8925369603722544,0.2437962863589513,0.0
AA,128,-1.9331998646101476,0.17568379290751443,1,2.60850261500378,0.02730782034425198,0.0
AA,129,-1.9325858427270781,0.13716201149357804,1,1.5237641784967706,0.27800905295117795,0.0
AA,130,-1.9324972973439452,0.1635760950624995,1,4.9427832388830195,0.058579395651616496,0.0
AA,131,-1.9265212143437347,0.13018104429061206,1,0.6860524681591613,0.31663323198508736,0.0
AA,132,-1.925628917663656,0.16664487232533437,1,6.070670435330019,0.29028756061974853,0.0
AA,133,-1.9250070117780316,0.19541209692922773,1,3.918056773783714,0.3385199764326377,0.0
AA,134,-1.923923459551442,0.19406169938130594,1,6.1477080731957185,-0.002320165169152363,0.0
AA,135,-1.9234924028523501,0.1452049843755312,1,18.613050741411662,0.0799319903042073,0.0
AA,136,-1.9216015389740155,0.1362645638477862,1,21.10361764272828,0.1668159183066526,0.0
AA,137,-1.921244154473291,0.20563881722671717,1,8.264727565821373,0.2763832154148865,0.0
AA,138,-1.9204480861540103,0.2189526031501686,1,1.1947988237964722,0.39388929267775946,0.0
AA,139,-1.9198603135228351,0.22397676762138793,1,1.4541903077120875,0.3875356759307351,0.0
AA,140,-1.9192804629105071,0.2738298766158418,1,0.9493530042747728,-0.1201744260809087,0.0
AA,141,-1.9190080387253614,0.2783503774324107,1,0.05897853591884668,-0.12844327096533634,0.0
AA,142,-1.9188870907201137,0.2837956493354714,1,1.8464717649554119,0.3750669718811228,0.0
AA,143,-1.9187644522030272,0.2857689321976127,1,1.216122376254916,0.380607733962102,0.0
AA,144,-0.1970638344958038,0.25218031047641726,1,1.3570190201819676,0.4270739359503204,0.0
AA,145,-0.1969145407460056,0.2503968224250114,1,2.2315294305641094,0.4288261197562716,0.0
AA,146,-0.19676706965978114,0.24579791031708056,1,0.3887354077109186,-0.17307883992898346,0.0
AA,147,-0.19643590405854466,0.2415483469217273,1,1.7472609040306997,-0.1760339910059133,0.0
AA,148,-0.19573422426710002,0.19398494790284923,1,1.583301048670872,0.3871388592161618,0.0
AA,149,-0.19499470521686493,0.19083400114236174,1,0.9993758059980102,0.3911097523738577,0.0
AA,150,-0.19401009181613516,0.18521668857877374,1,14.761600076313933,0.3515729254020101,0.0
AA,151,-0.19354654166377133,0.11945805084831643,1,45.35318554326738,0.19131963525011972,0.0
AA,152,-0.1915213098338226,0.12626187363079674,1,41.28139219535474,0.0359061641917435,0.0
AA,153,-0.19098186669660813,0.17096531311795624,1,11.328832409191406,-0.10613836336163379,0.0
AA,154,-0.18970568283370795,0.16674161190783712,1,4.86367979716073,0.28005017184744685,0.0
AA,155,-0.1890094030414853,0.14285350665491583,1,7.455918637826109,0.2164996782807441,0.0
AA,156,-0.18797822564894706,0.11714059884498448,1,0.29053410257196344,0.4688755203732161,0.0
AA,157,-0.17876128892968532,0.1428194053781169,1,6.956217298358718,-0.13215940693357162,0.0
AA,158,-0.1784967397041693,0.124144719406753,1,1.013844186689336,0.4890998987363904,0.0
AA,159,-0.17789544250593065,0.1532556489349132,1,3.8752574006465426,-0.18644251831873854,0.0
AA,160,-0.17609407801137367,0.1575118247462311,1,0.7377162356825315,0.16960320335073842,0.0
AA,161,-0.17502810165552868,0.14206084460143195,1,14.795914093493149,0.12905766502810145,0.0
AA,162,-0.17434412894981102,0.1346425028853866,1,9.80065316823252,-0.26884518221487236,0.0
AA,163,-0.17350503578774565,0.13268612067063948,1,4.206096225932042,-0.2395404503084508,0.0
AA,164,-0.17272973277346482,0.11702206935868588,1,0.89303948517262,-0.2844200623534889,0.0
AA,165,-0.15061910357521568,0.12535070088475253,1,0.2415936548488346,-0.25734516428238086,0.0
AA,166,-0.1498063015855546,0.13579534812870375,1,6.6401248441076035,0.084373868340641,0.0
AA,167,-0.14891395610599428,0.14079989749517227,1,3.0332359385599394,0.13852015593604908,0.0
AA,168,-0.14826478611249427,0.1413023223949209,1,6.690258174133298,-0.32637121522315676,0.0
AA,169,-0.1472342709171551,0.12270508952283395,1,2.653547871311154,-0.3535441531181672,0.0
AA,170,-0.14422846473657835,0.12609343473701748,1,0.706254224650524,-0.25831544277587193,0.0
AA,171,-0.14313938291375433,0.1497223727492908,1,0.4865280764612584,-0.24229963731213677,0.0
AA,172,-0.14257041298218037,0.12115017241296795,1,0.026624890231020243,-0.041599130203582316,0.0
AA,173,-0.14093341547840646,0.11893466710908882,1,0.29372949081687816,-0.03876099182793032,0.0
AA,174,-0.13951329709061222,0.15080850198578818,1,1.608623926277977,-0.44056002279031536,0.0
AA,175,-0.1387742941219791,0.15230923658531528,1,1.2524119616540488,-0.44718541999131495,0.0
AA,176,-0.13800271398057282,0.15230546620586857,1,0.47511239230744806,-0.16101300651224507,0.0
AA,177,-0.1378149257110135,0.15178340216827826,1,0.4747060685449452,-0.14502062634169316,0.0
AA,178,-0.01681472716593391,0.1564498158320256,1,0.49181917050189194,-0.1359303846968988,0.0
AA,179,-0.016592216617745972,0.15676001660501057,1,0.5024171788399137,-0.1087157338208859,0.0
AA,180,-0.015677619830998073,0.15487735150648693,1,1.3673108718534674,-0.45519242049085057,0.0
AA,181,-0.01478306134376246,0.1543918754113829,1,1.7996099857384387,-0.446176003025029,0.0
AA,182,-0.013048501201196286,0.13455531240952412,1,1.8349778992909958,-0.2501804349273539,0.0
AA,183,-0.011556159352695236,0.12832894591563893,1,4.419652592958067,-0.24244785350046877,0.0
AA,184,-0.010829409761787152,0.13451384460936724,1,1.7269369940017905,-0.011141804290223732,0.0
AA,185,-0.009819339490464589,0.10594633677802044,1,6.69600146701666,-0.061698045624916716,0.0
AA,186,-0.002644220843568461,0.11030684081764174,1,5.5174582383743855,-0.2662822504952333,0.0
AA,187,-0.0014624404792970157,0.13715506180005446,1,0.8880169056604885,-0.3187743005817139,0.0
AA,188,-0.0005454871270919297,0.1446945996120474,1,2.853473950557924,0.3847614196972697,0.0
AA,189,0.0010053926645015366,0.1420593585962077,1,4.1827548856100485,0.3754868888863488,0.0
AA,190,0.0028648601734627167,0.10133596178127127,1,0.9381703351726041,0.19373111429188322,0.0
AA,191,0.009626046962109357,0.09673514196271397,1,0.42297614456307914,0.2038252572715697,0.0
AA,192,0.011200271355160616,0.13944849891590227,1,4.1645068153154,-0.22570937837039343,0.0
AA,193,0.012380823276812922,0.11962609721818246,1,48.71170198320526,-0.16192258758552303,0.0
AA,194,0.013435263858311477,0.12061979736738108,1,53.24824490065099,0.3322532302269065,0.0
AA,195,0.014447469191718786,0.11650451487808046,1,252.8723929787834,0.19397192345869357,0.0
AA,196,0.014479885441163024,0.1178229947741694,1,256.73647408238094,0.38084041516824974,0.0
AA,197,0.015900980477770582,0.15656905080133104,1,0.3512572029393377,0.32877777991464063,0.0
AA,198,0.016468801491872364,0.15687785773832927,1,0.33711480805353544,0.34859696753581904,0.0
AA,199,0.1362671297431495,0.15387381223299967,1,0.17502109141977668,0.18891349332558785,0.0
AA,200,0.13810680897273855,0.1525359620470098,1,0.426249378571402,0.3815262464287158,0.0
AA,201,0.13858561475254486,0.15303419864491105,1,0.466201243562131,0.389102851760809,0.0
AA,202,0.13976735744946617,0.14914716272909356,1,2.1492221919619694,0.3083762152099733,0.0
AA,203,0.14055842231792592,0.10266758638270443,1,18.75297546776485,0.22282397752067165,0.0
AA,204,0.14181424988881644,0.10650881000107414,1,17.637432863898727,0.037224276932309744,0.0
AA,205,0.1427878029173736,0.14965209906982765,1,0.9289743625901918,-0.015369362415052011,0.0
AA,206,0.144488899010945,0.10747462452370088,1,1.271439197288411,0.391730498480059,0.0
AA,207,0.14698231985372823,0.10550068604379356,1,1.2301949836860804,0.3949453553494105,0.0
AA,208,0.1485870862551627,0.14287382482096866,1,4.600491677532345,0.15631876133364744,0.0
AA,209,0.1495497838690924,0.13784584529382693,1,6.164832568312109,0.10548452853616257,0.0
AA,210,0.15003024467031895,0.13330454089118046,1,2.362325589707665,0.12011329300170022,0.0
AA,211,0.15053762022921205,0.12660542223570154,1,2.9314753362257187,0.16657810473531337,0.0
AA,212,0.17280756777629472,0.11883160211669098,1,1.7180529199754035,0.2693242244769193,0.0
AA,213,0.17329191593669172,0.12892596728309647,1,0.5406209975277112,0.3091420964877476,0.0
AA,214,0.17373752651898333,0.13346765034852828,1,3.722547861131708,-0.255533453961776,0.0
AA,215,0.1746917635684934,0.14644629384650765,1,1.4880608086772806,-0.29974666554905305,0.0
AA,216,0.17642655577825436,0.15296184902638005,1,0.8663971910962851,0.03091587624784374,0.0
AA,217,0.17759376452146458,0.1498685851472154,1,1.2228920728521862,0.021086370522328233,0.0
AA,218,0.17896998153227994,0.13787997126806054,1,20.117634583596104,0.18028037936682076,0.0
AA,219,0.17936924854484032,0.1254809665142923,1,25.660370226209622,0.0442902667240059,0.0
AA,220,0.1885098150039546,0.11614268772591195,1,27.09579210913499,-0.07587195392312085,0.0
AA,221,0.188839117701658,0.13483160155510712,1,21.575396026260165,-0.22446992519602807,0.0
AA,222,0.1899481507710665,0.17183958151959877,1,1.7905681216203448,-0.1056125089407749,0.0
AA,223,0.19075025646473717,0.1758425073629936,1,4.486169115626418,-0.1332013971629253,0.0
AA,224,0.19191807264408262,0.13940190840868938,1,3.5544832064029515,0.4215255810730354,0.0
AA,225,0.19399046923511198,0.13414534692784327,1,1.417990386728977,0.42823743491456084,0.0
AA,226,0.1942015067035958,0.19761570598793401,1,6.757787498038926,-0.4565234442615894,0.0
AA,227,0.19482509558872954,0.20742731843185802,1,0.8851632564183339,-0.47546546535947853,0.0
AA,228,0.1958730371379975,0.2188642950950575,1,5.243726202286263,-0.14581924409480576,0.0
AA,229,0.19631332264719512,0.23476071970916856,1,0.6291934082017051,-0.14103509785493015,0.0
AA,230,0.19655432350233848,0.23818770409575143,1,1.5424087377754225,-0.17523081048455796,0.0
AA,231,0.19684581719964295,0.24950267721189962,1,0.8094783113852486,-0.17305175337366413,0.0
AA,232,0.19708700850756317,0.2524133470720712,1,1.7627590246004368,-0.5245081171140625,0.0
AA,233,1.9187454153493937,0.28602619379219835,1,1.7589121646932768,-0.4746397926801274,0.0
AA,234,1.9189435599692926,0.2828047021509953,1,0.40752502843820504,-0.13204037921623588,0.0
AA,235,1.919182869819649,0.26940860525624666,1,0.8872813905865302,-0.12413833350751394,0.0
AA,236,1.9193815807964425,0.2658764923603652,1,0.31491868358945085,-0.16907753354818567,0.0
AA,237,1.9197445380213372,0.25050777063344265,1,3.26955434407094,-0.18282716199310378,0.0
AA,238,1.92058797255645,0.2356491499456077,1,0.06562083779730465,-0.43403089494442026,0.0
AA,239,1.9210922353546525,0.2204514569886727,1,4.549109938192916,-0.4174445805589346,0.0
AA,240,1.9212550672594138,0.15112123702053504,1,1.4229795484955594,0.31236221421552646,0.0
AA,241,1.9231401614007444,0.1585019473530066,1,2.2896923993661997,0.33292589607445683,0.0
AA,242,1.9241148972094593,0.20114182611319179,1,2.409224326442636,-0.22652551089621076,0.0
AA,243,1.9247958522649846,0.20069089317119496,1,0.9899411166032522,-0.2108816638174076,0.0
AA,244,1.9257853181878057,0.15585754599986784,1,16.73907805631078,-0.2368607041926803,0.0
AA,245,1.9260942768762621,0.12850881966279862,1,22.323623046074346,-0.10693695253453947,0.0
AA,246,1.9319778534949317,0.13803705174228695,1,19.065733593152537,-0.02505423162200158,0.0
AA,247,1.932321838629187,0.15678662905147123,1,13.548164325154968,0.07446002738684206,0.0
AA,248,1.933435339815604,0.1700205438880489,1,1.1369080181781361,-0.17239032314237054,0.0
AA,249,1.934346889115904,0.17228551554193824,1,0.8579010270945688,-0.1648482700229316,0.0
AA,250,1.935600174648577,0.17059346310466034,1,4.2257241980602105,-0.20123467361978606,0.0
AA,251,1.9362544682837362,0.16007958497013192,1,5.521865968740869,-0.15154596302527654,0.0
AA,252,1.9365554974330808,0.15754044906991796,1,1.6839084863983853,0.07172967925544443,0.0
AA,253,1.9368744433337084,0.1506816023872322,1,2.179478271948644,0.03282525262832472,0.0
AA,254,1.964724280922728,0.15586240070082333,1,2.524652354360511,0.008030294355466894,0.0
AA,255,1.965113194792903,0.16056292043242595,1,2.2597105865945,-0.027385466129916637,0.0
AA,256,1.9654905069958022,0.16371482054845465,1,5.490115444541793,0.12331308872065636,0.0
AA,257,1.9662753738067353,0.1681350324270535,1,4.213824331435242,0.16510188995612587,0.0
AA,258,1.9676978943836558,0.12721714256756625,1,0.8874222841502533,0.18941853441702847,0.0
AA,259,1.9696679155825,0.13273603521964764,1,0.9231579559723482,0.18481348592901403,0.0
AA,260,1.9713556868373432,0.17258982104197015,1,1.212829826826075,-0.11859457218711153,0.0
AA,261,1.9722901357141942,0.11735422171738295,1,22.867498613977144,-0.030682427183248387,0.0
AA,262,1.9737607979864835,0.11165511256436965,1,24.53751048528597,0.16408007540021993,0.0
AA,263,1.9745572196473988,0.163302198606636,1,3.0776880736714647,0.25816696691618646,0.0
AA,264,1.975837493083243,0.16348739103131557,1,0.18933327240387038,0.22906215050529707,0.0
AA,265,1.9763754661160706,0.1594757850592595,1,0.14610028152408902,0.2363831518628044,0.0
AA,266,1.978111343784243,0.15854926047651047,1,0.5765873546701941,-0.24869429333788623,0.0
AA,267,2.0224208139155158,0.16500646313999404,1,0.482577873402883,0.32536742662316814,0.0
AA,268,2.022917856618393,0.16854898768444065,1,0.6022344361981457,0.33044701120987896,0.0
AA,269,2.0231929860966833,0.1594341506992546,1,0.2668301739478812,-0.2425494914576494,0.0
AA,270,2.0241249590230783,0.17483142938931323,1,0.3709680393287235,0.2411966355472413,0.0
AA,271,2.0249766385639707,0.14658356480300783,1,6.814127650036058,0.1984636364602601,0.0
AA,272,2.025724996037864,0.1449149902253133,1,6.7785570058426305,0.018178839955284343,0.0
AA,273,2.026595799061825,0.1634197336986277,1,0.1734225502922469,0.018840971212887272,0.0
AA,274,2.027621021407636,0.12552890530079638,1,1.0540091769359672,0.31528917867325496,0.0
AA,275,2.0337860818278486,0.12264491179270026,1,0.8796764992435365,0.27713890207953934,0.0
AA,276,2.0348263059286253,0.17320351917181673,1,0.18648594680949404,0.1031021029050467,0.0
AA,277,2.035750433338071,0.18708957054849562,1,0.7926220273560826,0.08982445000373199,0.0
AA,278,2.036320523082896,0.18417552687217795,1,0.17737281786064465,0.06549136278464163,0.0
AA,279,2.0370830897179517,0.15284354094306085,1,1.314646499487725,0.09059639577761909,0.0
AA,280,2.040378380609636,0.15070556015720687,1,0.4248857724280963,0.1585189299144747,0.0
AA,281,2.040991077767413,0.19838764872236386,1,0.7317227930773603,0.1616967490134787,0.0
AA,282,2.0413894411448252,0.18577836610902143,1,0.581589479133634,-0.11070225084387102,0.0
AA,283,2.0422295788256988,0.1945770544811938,1,0.9008395020105358,-0.10001108787603352,0.0
AA,284,2.043124520428284,0.23538449303147216,1,0.2989103682068064,0.07081437298566351,0.0
AA,285,2.043569946374476,0.2407937083961605,1,0.26293294456415794,0.07111988539156903,0.0
AA,286,2.0440201193197405,0.24789441410712543,1,1.3022324123774334,0.05148824085823087,0.0
AA,287,2.044128418624193,0.24865141114264203,1,1.310501159139053,0.02906800649951575,0.0
AA,288,2.3807361034469725,0.22234908010574606,1,0.25621521465107455,0.06344265763134618,0.0
AA,289,2.3808390541899858,0.22190390345115693,1,0.25989388947349196,0.04604649153533215,0.0
AA,290,2.381267216957302,0.2170216556620426,1,0.8204584224044018,0.21880357072303,0.0
AA,291,2.3816878720304424,0.212059929323555,1,1.2831820712674573,0.21467104785678623,0.0
AA,292,2.382527201923002,0.16850726211954634,1,0.5844011848326853,0.15069656592540873,0.0
AA,293,2.383420834047684,0.16637679927033147,1,1.3431162973674742,0.16426619866930303,0.0
AA,294,2.383796023245703,0.19130642609980247,1,0.011845777790636912,-0.033526278578739424,0.0
AA,295,2.3844495008004296,0.15070653848894988,1,3.719921765851849,-0.020123074780155653,0.0
AA,296,2.386806030272255,0.14823363913603196,1,2.161806289260933,0.1519471222599132,0.0
AA,297,2.3875373685942147,0.17250887127355155,1,2.9957164959843556,0.16036546296852228,0.0
AA,298,2.388036001832514,0.17083927924347275,1,1.2369604825238614,-0.19572461426226287,0.0
AA,299,2.388773480606836,0.1576656211832241,1,4.808014679664934,-0.16666205739280446,0.0
AA,300,2.3895021736230837,0.13089673840355676,1,0.2855912587493406,-0.09467270281401934,0.0
AA,301,2.4007019681356647,0.1355024295748324,1,0.2016362353642427,-0.24886235830050482,0.0
AA,302,2.4015676081137487,0.16083562116167063,1,4.919775589247719,0.07831958853806811,0.0
AA,303,2.4024466595330174,0.1572681441677296,1,11.102028510157254,0.09754774342589365,0.0
AA,304,2.403172671369669,0.16387688870667638,1,16.912134453285002,-0.27383185183967845,0.0
AA,305,2.4042095466014346,0.1825775115148701,1,1.6449236407802188,-0.32035098469210854,0.0
AA,306,2.4058493657610702,0.16949285163653305,1,0.7326886977310992,-0.2784507497149601,0.0
AA,307,2.4061395703539605,0.14241052432116788,1,0.23417715284331914,0.023050150586514922,0.0
AA,308,2.406595892557096,0.15710432859545387,1,0.8549365228337444,-0.29313395774390955,0.0
AA,309,2.4205978236608265,0.14023083278391812,1,0.011837373819956708,-0.07452577091122098,0.0
AA,310,2.421718638725927,0.1548990987595928,1,0.4789724302949274,-0.24285940443110574,0.0
AA,311,2.4223690635054207,0.17241780990696956,1,0.41334149185810015,-0.26001975131823174,0.0
AA,312,2.42368889954924,0.1777923819310827,1,0.9072938368358123,-0.1218991864560973,0.0
AA,313,2.424322267588652,0.12638182730084008,1,0.9579261083966694,-0.09736333449208157,0.0
AA,314,2.4262157325675835,0.1244669718258396,1,0.3754035446324217,-0.08592287722760197,0.0
AA,315,2.426823410917241,0.19471170146872419,1,0.3584991263650259,-0.09234905398914176,0.0
AA,316,2.428038066283838,0.1846822772215952,1,0.22397817638000836,-0.27106793998503453,0.0
AA,317,2.4290169785778266,0.1845077908857247,1,0.27203126964883145,-0.26108918707813344,0.0
AA,318,2.4298904492842275,0.2351451155969742,1,1.8520390405898088,7.408160951843281e-05,0.0
AA,319,2.430312886512717,0.23844019550595458,1,1.969775144962129,0.021942506996726906,0.0
AA,320,2.4305036888198757,0.2417429047651728,1,0.4916720973265139,-0.17646262561044754,0.0
AA,321,2.4306966717288656,0.24286020955650722,1,0.5488370777860568,-0.19099409683624688,0.0
AA,322,2.5783472498762916,0.22725818971422163,1,0.3060629770392598,-0.15765175801701423,0.0
AA,323,2.578502698062109,0.2272142976144799,1,0.06293321044523399,-0.17796330423470724,0.0
AA,324,2.5786562652228935,0.22432441769629743,1,2.088058925017033,0.13572555809427372,0.0
AA,325,2.57899862272589,0.2240670562670231,1,1.462490023065312,0.16745002584338006,0.0
AA,326,2.5797198246402506,0.1943551580443553,1,0.10510163988363698,-0.026225735947535002,0.0
AA,327,2.5803948209697896,0.1914757321961741,1,0.7547705477373146,-0.015748006055283172,0.0
AA,328,2.5813051968395224,0.17900714509512802,1,18.429902916148993,-0.18781089700365347,0.0
AA,329,2.5816740876822437,0.1305410159264342,1,40.82463665852575,-0.050464132385956095,0.0
AA,330,2.584348744101872,0.13678205223632545,1,43.09238990104295,0.08789628681660953,0.0
AA,331,2.584785026533921,0.18362679842017934,1,20.847015624957443,0.26453213438667644,0.0
AA,332,2.5859671570797262,0.2082653281525067,1,2.0180685713761646,0.10731075298034923,0.0
AA,333,2.586684125224466,0.1880308234263344,1,4.298136900716654,0.15279983419406581,0.0
AA,334,2.587789489188136,0.1486721000107165,1,1.6431740473919263,-0.41830619817924614,0.0
AA,335,2.5918160918740876,0.14342770809366306,1,2.7561705587033245,-0.43538704539892853,0.0
AA,336,2.5918477792957924,0.18788042492900475,1,10.219636854084643,0.447240599810018,0.0
AA,337,2.5924794230897312,0.20893851889904458,1,2.5182972870878717,0.49066490359705645,0.0
AA,338,2.593627371061945,0.2241425978371924,1,2.935264970962691,0.1693875829750221,0.0
AA,339,2.5942012442821465,0.22367098512992167,1,0.8052741079991044,0.16755925470495017,0.0
AA,340,2.5945304249951993,0.2228238152898477,1,1.400456013668153,0.18007473091297857,0.0
AA,341,2.5949265701895023,0.23325884445234385,1,0.9065340736086652,0.1831521321725122,0.0
AA,342,2.5952644647584657,0.23190145865266593,1,2.0182114246407257,0.5851595527927762,0.0
AA,343,2.6348477353910393,0.20775468412947806,1,2.7701815650651223,0.49471465118717306,0.0
AA,344,2.6351382463958917,0.214220373951591,1,1.2993162426435716,0.14144270268240688,0.0
AA,345,2.635480115615113,0.21584456627626986,1,2.083535405595278,0.13383143106834663,0.0
AA,346,2.6357500664561804,0.21834340850753967,1,0.9870666680013388,0.17233470673426649,0.0
AA,347,2.636222480764891,0.20509342733816371,1,5.488208440255259,0.19255890954260715,0.0
AA,348,2.6374148967257827,0.21810487513387772,1,0.8128865726479348,0.4501226333324256,0.0
AA,349,2.6380219072666575,0.24005492807305295,1,7.518552625751567,0.44409669745811714,0.0
AA,350,2.638294357903398,0.1792552638294604,1,7.1111325739149365,-0.32208405050721695,0.0
AA,351,2.6395270115139664,0.17675290807453914,1,9.6011759671556,-0.3126678587291385,0.0
AA,352,2.6404054576163025,0.24027003221124132,1,1.4399908121712157,0.20928114572859952,0.0
AA,353,2.640917454249296,0.24335139984318532,1,0.6505466671107123,0.20430644620201543,0.0
AA,354,2.641501187730212,0.23262852912511953,1,23.580915751230126,0.1811395776516485,0.0
AA,355,2.6416505396684706,0.2277356893909404,1,25.303863893969098,0.09141501217655507,0.0
AA,356,2.6546727448934315,0.20584175993500792,1,23.090282627977107,0.021204761685088152,0.0
AA,357,2.654796541720032,0.21595144279749254,1,21.484774307557316,-0.07149936904738365,0.0
AA,358,2.6552746924306976,0.24167460524388892,1,4.718678798344136,0.15365341413697317,0.0
AA,359,2.6557107352546003,0.2619046152053812,1,5.40998066412225,0.14869017240637375,0.0
AA,360,2.656475085055549,0.27131885223080165,1,10.960128444480045,0.37748250042136566,0.0
AA,361,2.6569648383802984,0.26185279523927535,1,26.34088676131467,0.34172425250994404,0.0
AA,362,2.6571979030349966,0.26246997736656613,1,10.466611778272558,-0.2718372786559114,0.0
AA,363,2.6574786876067917,0.23365677683096078,1,23.0617572893004,-0.206317594496712,0.0
AA,364,2.6611570432390583,0.2200597174182493,1,26.58718872594981,-0.05010791340068137,0.0
AA,365,2.6613933174599684,0.2716192774123163,1,14.02276346171325,0.036767614700206966,0.0
AA,366,2.661596010705299,0.3009561188361073,1,33.74274146280115,-0.31186024399070844,0.0
AA,367,2.661956444782457,0.3278121760298108,1,11.437285641619917,-0.3639637321390854,0.0
AA,368,2.662442260004458,0.25205960213391915,1,5.7942954420256685,-0.49987133050043897,0.0
AA,369,2.663445316674267,0.2425905225637107,1,5.69130716051868,-0.46587904917925055,0.0
AA,370,2.663837084943865,0.3876642231571988,1,0.4270485150599681,0.14125608120841993,0.0
AA,371,2.664082154808114,0.31332909080341265,1,272.9717656259472,0.053563205990593186,0.0
AA,372,2.664326783242981,0.31055143105535027,1,286.29410311126134,-0.3747217490204291,0.0
AA,373,2.66452032825732,0.4397141682442869,1,19.01090676802244,-0.4952320279027182,0.0
AA,374,2.66478573326231,0.46461746435903073,1,3.804904857504836,-0.5181835144978184,0.0
AA,375,2.664889473832961,0.47204720309269343,1,3.6437648554929236,-0.5207449120843561,0.0
AA,376,2.665339559537707,0.4807132499760451,1,1.6899001863079524,0.284051757229049,0.0
