t_us,P00,P01,P11,phi00,phi01,phi11,omega1p_MHz,omega2p_MHz,delta1_MHz,delta2_MHz
0.0,1.0,1.0,1.0,0.0,0.0,0.0,0.0009090909090874985,-0.0009090909090879829,-7.506,-2.98
0.000625,0.999999999779853,0.9999999996648912,0.9999999995499276,7.968612436570766e-10,1.2135048521599856e-09,1.6301480165736848e-09,0.14275634585056257,0.10401953839196777,-7.503440054780188,-2.977438079804089
0.00125,0.9999999956853334,0.9999999935903727,0.999999991495409,2.5216333021660375e-08,3.8884326869492725e-08,5.2552321161414284e-08,0.567751552879186,0.4185678158376663,-7.495762980691555,-2.9697550681266542
0.001875,0.9999999713118493,0.999999958476574,0.9999999456412946,1.9056259104033302e-07,2.946935344638746e-07,3.9882447788741615e-07,1.2742580641375465,0.9420236500468104,-7.482977059663128,-2.9569592089313326
0.0025,0.9999998791668626,0.9999998287522147,0.9999997783375657,7.990632502341555e-07,1.2376562192883966e-06,1.67624919278353e-06,2.2595582004306296,1.673202686257592,-7.465096085634807,-2.9390642329360097
0.003125,0.9999996111036499,0.9999994572741758,0.9999993034447244,2.4242942622265673e-06,3.7600619045008443e-06,5.095829554768727e-06,3.519868289659482,2.6104519941386957,-7.442139350654306,-2.916089343790181
0.00375,0.9999989582385818,0.9999985618619972,0.9999981654855965,5.990531145805278e-06,9.304312728719566e-06,1.2618094316518835e-05,5.050359596178845,3.7516552137538537,-7.414131625432178,-2.8880591987424387
0.004375,0.9999975616258416,0.9999966591211985,0.9999957566174112,1.284294268755204e-05,1.997792754471206e-05,2.711291239076985e-05,6.845185017530321,5.0942391427727145,-7.381103134374232,-2.8550038838172664
0.005,0.9999948552639341,0.9999929873403122,0.9999911194202211,2.480676374760904e-05,3.865425449234294e-05,5.250174521176376e-05,8.897511390981418,6.635181743281184,-7.34308952511608,-2.8169588835257673
0.005625,0.9999900032544925,0.9999864205616537,0.9999828378816228,4.4233849099573064e-05,6.905676533852656e-05,9.387968153262705e-05,11.199557219230458,8.371021541872686,-7.300131832590079,-2.773965045140359
0.00625,0.9999818331215021,0.9999753762100762,0.9999689193402163,7.40353172048458e-05,0.00011582516766139861,0.00015761501808508882,13.742635592713498,10.29786839211297,-7.252276437660259,-2.726068537568857
0.006875,0.9999687674308323,0.9999577188782831,0.9999466704476629,0.00011769933437522084,0.00018456195004645792,0.00025142456576476846,16.5172020553671,12.411415563979075,-7.1995750203663444,-2.673320804868757
0.0075,0.9999487559297526,0.9999306629734077,0.9999125703443548,0.0001792934541247071,0.00028185837140348724,0.0003844232887812993,19.512907131640873,14.70695312049208,-7.142084507823179,-2.615778514447793
0.008125,0.9999192104504587,0.9998906769218181,0.999862144207512,0.00026345129889593366,0.0004152993288331075,0.0005671473588853004,22.718653205194794,17.179382537509625,-7.079867016827309,-2.5535035000021686
0.00875,0.9998769447823763,0.9998333915411558,0.9997898401973739,0.0003753437394231618,0.0005934469958006616,0.0008115502522088036,26.122655414217142,19.823232518526247,-7.0129897912276125,-2.4865626992490344
0.009375,0.9998181216049725,0.9997535150761305,0.9996889127223825,0.0005206350830899709,0.0008258035980395206,0.0011309721128731631,29.712506204820617,22.632675952367915,-6.941525134122147,-2.415028086514994
0.01,0.9997382083879331,0.9996447572876938,0.9995513149229824,0.0007054251238938214,0.0011227541537190966,0.001540083183331209,33.47524316264635,25.601547957866725,-6.865550334948459,-2.3389766002474612
0.010625,0.9996319439230221,0.9994997648717181,0.9993676032978864,0.0009361782296020138,0.0014954904077630893,0.0020548025856892416,37.39741972377009,28.723364955982078,-6.785147591539712,-2.2584900655208173
0.01125,0.999493316875232,0.999310070302106,0.9991268573246688,0.0012196409384555018,0.0019559175168932796,0.0026921940952528978,41.46517834935912,31.991344706402902,-6.700403927223947,-2.173655111614185
0.011875,0.9993155574486442,0.9990660558923441,0.9988166166291688,0.0015627497945693847,0.002516545303623108,0.0034703408129144186,45.66432573438903,35.39842724243416,-6.611411103048746,-2.084563084742595
0.0125,0.9990911429603182,0.998756934444438,0.9984228377252413,0.0019725313535561284,0.0031903661266481365,0.004408200899999937,49.98040960916294,38.937296634953654,-6.518265525218378,-1.9913099560281042
0.013125,0.9988118177948805,0.9983707473707367,0.9979298717214456,0.002455996429405083,0.003990721638361894,0.005525446847224114,54.39879668346765,42.6004035134269,-6.42106814783527,-1.8939962248021518
0.01375,0.9984686278640772,0.9978943807389977,0.9973204638794022,0.0030200307324976805,0.0049311609173599,0.006842291101099907,58.90475127698889,46.37998826940459,-6.319924371042318,-1.7927268173350661
0.014375,0.9980519693228986,0.9973135993714048,0.9965757756725272,0.003671284077012338,0.006025292629201928,0.008379301178047527,63.48351417613662,50.2681048656014,-6.214943934667103,-1.6876109810931847
0.015,0.9975516509201993,0.9966130989292213,0.9956754299745978,0.0044160603259739695,0.007286633934079134,0.010157207534555734,68.1203812567176,54.25664517158125,-6.106240807473536,-1.5787621746284854
0.015625,0.9969569690233309,0.9957765757284966,0.9945975800019651,0.005260210195707771,0.00872845879502071,0.012196707377482241,72.80078141393884,58.337363745255544,-5.993933072130871,-1.466297953209961
0.01625,0.9962567940781333,0.9947868137593525,0.9933190023760214,0.006209028954222262,0.010363648159622763,0.01451826732821715,77.51035334601556,62.50190297784478,-5.878142806014176,-1.3503398503101811
0.016875,0.9954396670530975,0.9936257879632644,0.9918152140558768,0.0072671609093277745,0.012204544270502549,0.017141927552838165,82.23502074516689,66.74181851867195,-5.758995957954631,-1.2310132550646504
0.0175,0.9944939042512446,0.9922747823178353,0.9900606120651368,0.00843851238774862,0.01426281116421979,0.02008710977551864,86.96106545995454,71.04860489514253,-5.636622221061891,-1.1084472858255023
0.018125,0.9934077087156811,0.9907145208467544,0.9880286342204373,0.009726174668928333,0.016549303283389438,0.023372431562009854,91.67519820570024,75.41372124253853,-5.511154901744814,-0.9827746599350052
0.01875,0.9921692863128125,0.9889253094494085,0.9856919387704071,0.011132358076939575,0.01907394402319973,0.027015529306887665,96.36462641502332,79.82861705780455,-5.382730785060467,-0.8541315598480771
0.019375,0.9907669644350614,0.9868871864691473,0.9830226010355944,0.012658338175424166,0.02184561587419731,0.031032892303211046,101.0171188382715,84.28475789134356,-5.251489996525152,-0.7226574957366658
0.02,0.9891893111965164,0.9845800800938331,0.9799923255272273,0.01430441476808575,0.024872063550662293,0.03543970996427381,105.62106652367935,88.77365089096651,-5.117575860524514,-0.5884951647122897
0.020625,0.9874252529989204,0.9819839707965888,0.9765726722196452,0.016069884173324223,0.028159811099587095,0.04024973371290219,110.16553982934052,93.28687011255425,-4.981134755463384,-0.4517903068064818
0.02125,0.9854641884512255,0.9790790569385621,0.9727352953399789,0.01795302500572138,0.031714093539468635,0.045475154398218365,114.64034114339925,97.8160815126961,-4.8423159657990436,-0.3126915578520133
0.021875000000000002,0.9832960967905057,0.9758459213668317,0.9684521922257627,0.019951097442238552,0.03553880320204428,0.051126495594214116,119.03605301509869,102.35306753956044,-4.701271531104895,-0.1713502994109266
0.0225,0.9809116391261222,0.9722656965042538,0.9636959589215686,0.022060355683268362,0.03963645072282773,0.057212522948041133,123.34408142730346,106.88975123953163,-4.558156092314313,-0.027920505898292803
0.023125,0.9783022509796141,0.9683202253037363,0.9584400487058852,0.024276073060582437,0.04400814054081925,0.0637401698258997,127.55669397068503,111.41821979871094,-4.413126735297375,0.11744141094655271
0.02375,0.9754602247138625,0.9639922156540806,0.9526590300079175,0.02659257902062251,0.04865356073709126,0.07071447966526412,131.66705271072144,115.93074744022032,-4.266342831925771,0.26457676008694725
0.024375,0.9723787805865433,0.9592653863454885,0.9463288409533367,0.029003307043085957,0.05357098692657214,0.07813856536358799,135.66924157084685,120.41981760036668,-4.117965878783679,0.41332473155714744
0.025,0.9690521253510377,0.9541246032662207,0.9394270386626167,0.03150085243814349,0.0587572996504222,0.08601358562426409,139.55828808828204,124.87814430911077,-3.9681593336848286,0.5635225590126777
0.025625000000000002,0.9654754976144995,0.9485560048567806,0.931933041710888,0.03407703887327784,0.06420801433468126,0.09433873748215227,143.33017943309065,129.29869270293722,-3.8170884501580398,0.715005684301438
0.02625,0.9616451994881294,0.9425471158425609,0.9238283637508533,0.03672299239149357,0.06991732251543326,0.10311126359826206,146.98187261562654,133.67469860112814,-3.664920110065655,0.8676079238921687
0.026875,0.9575586143930006,0.9360869480269988,0.9150968353778748,0.03942922158146489,0.07587814283461558,0.11232647259906736,150.51129884255744,137.99968707959758,-3.5118226545210995,1.0211616369950434
0.0275,0.9532142111474352,0.9291660867538116,0.9057248106750371,0.04218570246415032,0.08208218034515946,0.12197777089063377,153.9173620168521,142.26748997983685,-3.3579657132735137,1.175497895207446
0.028125,0.9486115346413863,0.9217767618317215,0.8957013549793894,0.04498196659725995,0.08851999285856671,0.13205670482190657,157.19993141229835,146.47226229414284,-3.203520032728947,1.3304466535164963
0.02875,0.9437511835402946,0.9139129023360683,0.8850184114577709,0.04780719089710139,0.09518106324973585,0.1425530124153256,160.3598285880499,150.60849737213775,-3.0486573027789583,1.4858369224884829
0.029375000000000002,0.9386347756051304,0.9055701755533184,0.8736709455508131,0.05065028773816449,0.10205387663899712,0.15345468382368166,163.39880864318673,154.67104089763424,-2.893549982608677,1.6414969414742124
0.03,0.933264901426642,0.8967460110387993,0.8616570674446504,0.05349999399081673,0.10912600115859261,0.1647480291293255,166.31953594509048,158.65510358913528,-2.7383711256574004,1.7972543526582292
0.030625,0.9276450676273684,0.8874396110224552,0.8489781329051719,0.056344957760648295,0.11638417068485918,0.1764177513306353,169.1255544983966,162.556272581674,-2.5832942039056697,1.9529363757790326
0.03125,0.921779630840784,0.8776519481686056,0.8356388221181311,0.059173821671625326,0.12381436768949694,0.1884470218153842,171.82125315317208,166.3705214522777,-2.4284929316634534,2.108369983346699
0.031875,0.9156737239570841,0.8673857513015533,0.8216471951847872,0.06197530159407538,0.13140190439977717,0.20081755561194736,174.41182588160376,170.09421885607387,-2.274141089034554,2.263382076183863
0.0325,0.9093331761860397,0.8566454795072398,0.8070147225752627,0.064738259780726,0.1391315007503322,0.21350968420560434,176.90322738167816,173.7241357449173,-2.1204123452327424,2.417799659115612
0.033125,0.9027644284624206,0.8454372853043998,0.7917562894800309,0.06745177148114578,0.1469873580263661,0.22650242444692958,179.30212429390517,177.25745114540314,-1.9674800819252478,2.571450016633722
0.03375,0.8959744456532052,0.833768968268597,0.775890174492388,0.07010518426486323,0.15495322737363537,0.23977354239403148,181.61584234294057,180.691756478214,-1.8155172167792497,2.7241608883606507
0.034375,0.8889706270107236,0.8216499212267449,0.759438004477473,0.07268816948561696,0.16301247233593896,0.2532996107420171,183.85230973981444,184.02505840591755,-1.6646960273868197,2.8757606441389023
0.035,0.8817607163516578,0.8090910714388392,0.742424688135045,0.07519076552237758,0.1711481243111117,0.26705605765636253,186.01999720225947,187.25578020156726,-1.5151879757434281,3.0260784585716953
0.035625000000000004,0.8743527135106779,0.7961048189077663,0.7248783301605514,0.07760341259569614,0.17934292948589325,0.281017204023414,188.12785497020107,190.38276163573983,-1.3671635334545869,3.1749444848414243
0.03625,0.8667547886354237,0.7827049732118453,0.7068301266686945,0.07991697906847817,0.18757938568507626,0.2951562857062324,190.1852472107219,193.40525738495555,-1.2207920078444998,3.3221900276330882
0.036875,0.8589752008045675,0.7689066894996018,0.6883142414215561,0.08212277921710953,0.19583976779852064,0.30944545772142407,192.20188422163514,196.32293396975106,-1.0762413691397377,3.4676477149907083
0.0375,0.8510222222576413,0.7547264040022876,0.6693676623158773,0.08421258254087816,0.20410614091434853,0.3238557780756808,194.18775285511023,199.13586523598653,-0.9336780788998962,3.61115166893581
0.038125,0.8429040692817442,0.7401817696427637,0.6500300385078853,0.08617861479605216,0.2123603607788236,0.33835716975972163,196.1530455925222,201.84452639825622,-0.7932669198659753,3.7525376746782695
0.03875,0.8346288405868088,0.7252915929214261,0.6303435000556686,0.0880135510948099,0.22058406139389453,0.3529183596059422,198.10808870877798,204.44978666950925,-0.6551708273958695,3.891643348251141
0.039375,0.8262044638669345,0.710075773620519,0.6103524628668134,0.08971050157319072,0.22875862939093095,0.36750679208006654,200.0632699687845,206.95290050615932,-0.5195507226547729,4.028308302402674
0.04,0.8176386511930199,0.6945552487578317,0.5901034216924479,0.09126299024629514,0.2368651643924795,0.38208851509090325,202.02896630042633,209.35549750304767,-0.38656534772660084,4.162374310580417
0.040625,0.8089388638395842,0.6787519414715664,0.5696447327566254,0.09266492771932855,0.24488442420992307,0.3966280339912216,204.0154718874146,211.6595709776023,-0.2563711028106791,4.293685468844147
0.04125,0.8001122870502628,0.6626887146279696,0.5490263863274122,0.09391057841020167,0.25279675370261634,0.41108812991512256,206.03292712167428,213.86746528739621,-0.1291218856658393,4.42208835554644
0.041875,0.7911658150587461,0.6463893282806545,0.5282997688950294,0.09499452288892751,0.2605819964777085,0.4254296392571253,208.09124884855473,215.98186193001249,-0.004968933461952219,4.5474321886218485
0.0425,0.7821060464356064,0.6298784001071358,0.5075174150546915,0.09591161592339148,0.26821938918512656,0.4396111923560526,210.20006232915426,218.0057644786826,0.11593933280352822,4.66956898032801
0.043125000000000004,0.7729392895910383,0.6131813684470623,0.48673275050981296,0.09665694083777243,0.27568743856832345,0.4535889102912183,212.36863533246907,219.94248241152843,0.23345746116886304,4.788353689284495
0.043750000000000004,0.7636715781187076,0.5963244582026924,0.4659998288158724,0.09722576084092305,0.28296378147264223,0.46731605900605633,214.60581475601862,221.79561389641577,0.34744311869877575,4.903644369657919
0.044375,0.7543086956196027,0.5793346501250547,0.44537306492787637,0.0976134680237224,0.29002502764973004,0.4807426596176452,216.9199661571158,223.5690275973843,0.45775723845299515,5.015302317344542
0.045,0.7448562096722805,0.5622396536998251,0.42490696801638894,0.0978155307115518,0.2968465847288986,0.49381505358031674,219.31891655818276,225.26684357234748,0.5642641632859864,5.1231922130046215
0.045625,0.7353195146314916,0.5450678831252787,0.40465587481987275,0.09782743977980113,0.3034024645173954,0.5064754221372811,221.80990086855294,226.89341333523845,0.6668317863342974,5.2271822618058295
0.04625,0.7257038828798942,0.5278484351756424,0.3846736838860236,0.09764465443116732,0.309665070119189,0.5186612619235356,224.39951224218711,228.45329915899868,0.7653316880513074,5.327144329736311
0.046875,0.7160145240176903,0.5106110675277881,0.3650135909266313,0.09726254783231658,0.31560496414233974,0.530304822726575,227.0936566658178,229.95125269875047,0.8596392696524162,5.422954076351286
0.0475,0.7062566513038865,0.49338617645325034,0.3457278262591246,0.09667635298171362,0.32119061929018144,0.5413325189733063,229.89751204536415,231.39219301715477,0.949633882837402,5.5144910838206815
0.048125,0.696435554539715,0.4762047734284025,0.3268673963183393,0.09588110922421267,0.3263881534876476,0.5516643331459701,232.81549203020177,232.7811840963106,1.0351989556602073,5.601638982148828
0.04875,0.686556678556652,0.45909846072284766,0.3084818317882444,0.09487160992303556,0.3311610522915145,0.5612132373082757,235.85121478520583,234.12341192259908,1.1162221144202733,5.684285570441099
0.049375,0.6766257065345248,0.44209940600795866,0.2906189446068623,0.09364235189409476,0.3354698818762225,0.5698846692520876,239.00747688959072,235.42416123260006,1.1925953014534592,5.76232293409623
0.05,0.6666486474611251,0.4252403155170483,0.2733245951100461,0.09218748726101955,0.33927199678866415,0.5775761140352738,242.2862325096374,236.68879200960453,1.2642148887045572,5.835647557807068
0.050625,0.6566319270656176,0.40855440453737085,0.2566424694756423,0.0905007784165659,0.3425212484649873,0.5841768616581846,245.68857795963132,237.92271582130252,1.33098178696766,5.904160434256608
0.051250000000000004,0.6465824814858813,0.39207536348986544,0.24061386700772427,0.08857555681035789,0.34516770344095127,0.5895680383435771,249.21474173192516,239.1313720899384,1.3928015506848064,5.967767168400458
0.051875000000000004,0.6365078527561645,0.37583731779935253,0.2252774968798146,0.0864046863981347,0.3471573842316129,0.5936230426783142,252.86408004320842,240.32020438659276,1.4495844781978,6.0263780772311994
0.0525,0.6264162850341648,0.3598747801197386,0.2106692844782563,0.08398053281597617,0.34843205075868333,0.5962085578356016,256.63507790999927,241.49463684125922,1.5012457073524779,6.079908284924522
0.053125,0.6163168203680357,0.3442225939254663,0.19682218795268322,0.08129493966897172,0.34892904577716655,0.5971863552251899,260.5253557323093,242.6600507600422,1.5477053063593738,6.128277813271648
0.05375,0.6062193927929079,0.32891586764476166,0.183766025530315,0.07833921370202201,0.34858123408003383,0.5964161494303273,264.531681330548,243.8217615401018,1.5888883598193189,6.171411667307095
0.054375,0.5961349195850661,0.3139898982332354,0.17152731360438842,0.07510412097699293,0.34731707274861146,0.5937598022671251,268.6499873472662,244.98499597192102,1.6247250498273542,6.209239916045688
0.055,0.5860753885280494,0.2994800825041655,0.16012911483569756,0.07157989648212215,0.34506085886624804,0.5890871930333641,272.8753938924691,246.15487001705586,1.6551507320731083,6.241697768247417
0.055625,0.5760539399692873,0.28542181401138855,0.14959089501939613,0.06775626987348815,0.34173321213741126,0.5822840525798929,277.2022362791781,247.3363671477771,1.6801060068608016,6.268725643133744
0.05625,0.5660849422704233,0.2718503631042558,0.13992838747716438,0.06362251031426736,0.3372518623965064,0.5732619721588872,281.62409766486667,248.53431733290702,1.69953678497697,6.290269235983908
0.056875,0.5561840590268908,0.2588007381011707,0.13115346431526523,0.05916749373735719,0.33153282476637136,0.561970608451694,286.13384638454323,249.75337675170812,1.713394348339145,6.3062795785447605
0.0575,0.5463683062506356,0.2463075261333065,0.12327401462626132,0.0543797962354704,0.3244920562428826,0.5484117797572723,290.7236777327747,250.9980083149114,1.7216354053638243,6.316713094192904
0.058125,0.536656097639911,0.23440471285028378,0.11629383042850548,0.049247817691561835,0.31604769384455933,0.5326546682276874,295.3851599250117,252.272463068873,1.7242221409973069,6.321531647792946
0.058750000000000004,0.5270672761133812,0.22312548058294157,0.11021250155238206,0.04375994000560146,0.3061229724959169,0.5148507353670335,300.1092839433593,253.58076255543642,1.7211222613582051,6.3207025902010106
0.059375000000000004,0.5176231298953324,0.21250198472127038,0.10502532096617206,0.03790472430797154,0.2946499058959944,0.4952463192753678,304.8865169485891,254.92668219637213,1.7123090329457717,6.314198797367892
0.06,0.5083463915182855,0.20256510817834758,0.10072320234141025,0.031671151282844257,0.2815737799010418,0.4741903957219642,309.70685891883187,256.3137357672662,1.6977613163735463,6.301998704001535
0.060625,0.4992612181205487,0.19334419411726655,0.09729261214617292,0.025048908133777026,0.26685844886311116,0.45213490099240516,314.5599021561868,257.7451610214636,1.6774635945932017,6.284086331753948
0.06125,0.490393151369964,0.18486675778280068,0.0947155193158244,0.018028724885055247,0.25049233471657173,0.42962557145292646,319.4348932855115,259.22390652014076,1.6514059955789386,6.2604513119030205
0.061875,0.48176905535030834,0.17715817928106756,0.09296936639802537,0.01060276154849804,0.2324949031162964,0.40728255066023467,324.32079735504897,260.75261971981865,1.6195843094481963,6.231088902505139
0.0625,0.47341703087605663,0.17024138025221655,0.09202706684210739,0.002765046166108842,0.21292323424863513,0.38577187884013897,329.2063636363636,262.3336363636364,1.582,6.196000000000001
0.063125,0.465366305019887,0.1641364883932011,0.09185703363957273,-0.00548803828522848,0.19187813286526412,0.36577094163665747,334.08019271139625,263.9689712175121,1.5386602106576963,6.155191145254422
0.06375,0.4576470950876729,0.15886049452891363,0.09242324467404463,-0.014157222809129344,0.16950906205170435,0.34793238387949055,338.9308044273334,265.6603101869435,1.4895777648084214,6.108674524037504
0.064375,0.45029044677877866,0.15442690743075246,0.09368534992772773,-0.023239785153235548,0.14601708191006946,0.332851371718097,343.74670629548984,267.4090038446573,1.434771160537123,6.056467961924955
0.065,0.44332804672291487,0.15084541196822626,0.09559882516063954,-0.032728958385912055,0.12165497922032964,0.32104026952637454,348.51646190852347,269.21606239364525,1.374264559758523,5.998594913635893
0.065625,0.4367920099788416,0.1481215365781694,0.09811517589820819,-0.042613331567554535,0.09672393199155671,0.3129130944120191,353.2287589510604,271.08215208431545,1.3080877717559154,5.9350844468109445
0.06625,0.43071464345544797,0.14625633651874972,0.10118219469718348,-0.052876263167507265,0.07156638224308232,0.3087801174310596,357.8724763821958,273.0075930986077,1.2362762311412192,5.865971220245949
0.066875,0.42512818666882235,0.14524609989630818,0.10474427372027953,-0.06349533197836532,0.04655526469083959,0.30885129346181994,362.4367503743147,274.9923589079466,1.1588709702562425,5.791295456601015
0.0675,0.42006453183950554,0.14508208386033958,0.10874277369233296,-0.07444185377357915,0.02208027944001323,0.3132461830162123,366.9110386012319,277.03607710590194,1.075918586040528,5.7111029096101875
0.068125,0.4155549260430813,0.14575028854746164,0.11311644916794515,-0.08568049448901283,-0.0014676146877312668,0.3220077364695597,371.2851824796881,279.1380317103923,0.9874712013967191,5.625444825822362
0.06875,0.41162965886124786,0.14723127619463552,0.11780192865243887,-0.09716901186901072,-0.02371199615623487,0.33511757652077234,375.5494669817285,281.2971669242331,0.8935864210897001,5.534377900909511
0.069375,0.40831773961029555,0.14950004236239614,0.12273424640449897,-0.10885815679775135,-0.04430552302333135,0.35251098311396944,379.6946776513073,283.5120923368307,0.7943272822212832,5.4379642305836375
0.07,0.40564656868093135,0.15252594547649623,0.12784742091688087,-0.12069176242522817,-0.06294190066242056,0.3740904275524781,383.7121544765328,285.7810895438747,0.6897621993274542,5.336271256169193
0.07062500000000001,0.4036416077877764,0.15627270006229718,0.13307507339235047,-0.13260704332658957,-0.07936438953484437,0.3997370692749067,387.5938422891602,288.10212015600337,0.5799649041506009,5.22937170488302
0.07125000000000001,0.40232605411503763,0.16069843821119179,0.13835107834838725,-0.14453511819098352,-0.09337050281258996,0.42932005236496984,391.3323373851318,290.47283516165146,0.46501438014433205,5.1173435248790025
0.07187500000000001,0.40172052347505866,0.1657558430563108,0.14361023782795626,-0.15640175833196945,-0.10481305419306297,0.46270371128497567,394.9209300840228,292.8905856036462,0.34499479177374753,5.000269815119911
0.0725,0.4018427477736991,0.17139235723600435,0.14878897040028435,-0.1681283513887455,-0.1135981064790963,0.49975294129835435,398.35364297100324,295.352434523624,0.21999540867914788,4.878238750143945
0.073125,0.4027072921749051,0.17755046838839345,0.1538260057575409,-0.17963305610852354,-0.11968059525218289,0.5403370441970661,401.6252645922432,297.8551701230279,0.0901105247762004,4.751343499798518
0.07375,0.404325297313439,0.18416807244987007,0.15866307502573462,-0.19083211131719224,-0.1230584622181623,0.5843323588557752,404.7313784033561,300.39532008432724,-0.04456062762930201,4.619682144018903
0.074375,0.40670425159703877,0.19117891392165054,0.16324558595133953,-0.20164125132030142,-0.12376606604969398,0.6316239554279752,407.66838680036363,302.96916699120345,-0.18391396862916878,4.483357582734116
0.075,0.40984779806408755,0.19851310045522103,0.16752327134929487,-0.21197717208358524,-0.12186749502729644,0.6821066295218641,410.4335300935361,305.5727647817983,-0.32784066631517134,4.342477440987322
0.075625,0.4137555794712866,0.2060976873476949,0.17145079905821775,-0.22175898841119812,-0.1174502329253806,0.7356853880417038,413.0249003161648,308.20195616472296,-0.47622723710340503,4.197153969362773
0.07625,0.41842312445857643,0.213857326088649,0.1749883323048899,-0.230909622430024,-0.11061946297799707,0.7922755759025457,415.4414497926365,310.8523909234288,-0.6289556506834678,4.047503939815851
0.076875,0.4238417768150797,0.22171497002001567,0.1781020304807139,-0.23935706811818225,-0.10149315535085268,0.8518027541095337,417.68299442290623,313.51954503072983,-0.7859034394905243,3.8936485370074596
0.0775,0.4299986691515078,0.22959262926149443,0.1807644812624153,-0.24703548499781292,-0.09019797937104412,0.9142024058308316,419.75021167341157,316.1987404917863,-0.9469438125940584,3.7357132452483195
0.078125,0.4368767415490921,0.23741216606436902,0.18295505531423922,-0.2538860856126819,-0.07686601187368991,0.9794195192299542,421.64463329741176,318.88516583070697,-1.111945773892525,3.5738277311631736
0.07875,0.4444548049361821,0.2450961204665462,0.18466017465302206,-0.2598577947628127,-0.061632171409185865,1.0474080747961816,423.3686328404958,321.5738971331323,-1.2807742444990806,3.408125722189052
0.079375,0.4527076479883979,0.2525685546796658,0.18587348578632007,-0.26490767223904177,-0.04463228725124013,1.1181304504655873,424.9254080193466,324.2599195547235,-1.453290189199222,3.2387448810259443
0.08,0.46160618530172975,0.25975590342595833,0.18659592971615344,-0.26900110361380714,-0.026001705441398126,1.1915567477932818,426.3189580936047,326.93814920342544,-1.6293507468572699,3.0658266761621884
0.080625,0.47111764362157577,0.2665878169031261,0.18683570309987385,-0.272111774486798,-0.00587433650572633,1.2676640347220145,427.5540563816228,329.6034553017001,-1.8088093646446786,2.889516248600761
0.08125,0.4812057821493837,0.2729979833661045,0.18660810770901035,-0.274221451894618,0.015617942379356986,1.3464354921658162,428.63621810087346,332.25068253364645,-1.991515935959368,2.7099622749164296
0.081875,0.4918311425071447,0.27892491924449936,0.18593528798285394,-0.27531960225494334,0.03834560653395869,1.427859443254758,429.5716637425584,334.874673481054,-2.1773169419016094,2.527316826777406
0.0825,0.5029513237302744,0.28431271577737993,0.18484585824401578,-0.2754028783701208,0.0621815872620024,1.5119282367301388,430.36727821741266,337.4702910519614,-2.3660555961685126,2.341735227068518
0.083125,0.5145212775633095,0.28911173190456496,0.18337442215997798,-0.27447450893775605,0.08700121058552934,1.5986369523527184,431.0305660356191,340.0324408052406,-2.557571993225718,2.1533759027564545
0.08375,0.5264936192062594,0.2932792236048401,0.18156098822436384,-0.2725436229957392,0.11268201215039442,1.6879818976936631,431.5696028079885,342.5560930750826,-2.7517032596117526,1.9624002346406444
0.084375,0.5388189484951358,0.2967799003913138,0.1794502871609699,-0.269624539099917,0.13910346197811885,1.7799588722307806,431.9929833779819,345.0363048000254,-2.948283708227247,1.7689724041366823
0.085,0.5514461763942933,0.2995864007979743,0.17709100051150758,-0.2657360452152875,0.16614662792624602,1.8745611842733583,432.309766914599,347.46824096234934,-3.147144995458395,1.5732592372419019
0.085625,0.5643228518147455,0.30167968065272144,0.1745349133522387,-0.2609006908203848,0.19369380346776532,1.9717774179376084,432.5294193145215,349.8471955452478,-3.3481162809811496,1.3754300458356998
0.08625000000000001,0.5773954842195429,0.30304931040680144,0.17183600691502135,-0.25514410812428956,0.22162812266778742,2.0715889616849132,432.66175327806496,352.168611917174,-3.5510243900900473,1.1756564664696447
0.08687500000000001,0.5906098582047795,0.30369368012326586,0.16904950812311634,-0.24849437503886085,0.24983318295164691,2.173967329855939,432.7168664373504,354.4281025551447,-3.7556939783929466,0.9741122968051479
0.08750000000000001,0.6039113370385929,0.30362011227579067,0.16623091289847003,-0.24098142886473584,0.27819269479355135,2.278871337372893,432.70507792659333,356.62146802155223,-3.9619476987107163,0.7709733298585811
0.088125,0.6172451528186977,0.3028448831546219,0.16343499981755052,-0.23263653655742988,0.3065901779252638,2.3862442261824572,432.6368637934407,358.74471511218115,-4.169606370018689,0.5664171862160393
0.08875,0.6305566813732008,0.3013931538700211,0.16071485120154633,-0.2234918248203961,0.33490872657665083,2.49601088632501,432.5227916568047,360.7940740966284,-4.378489148264631,0.3606231443819107
0.089375,0.6437917003809265,0.2992988123249692,0.15812090019154867,-0.2135798709886627,0.3630308716374109,2.6080753568549326,432.3734550206428,362.7660149761879,-4.588413698896136,0.1537719694273017
0.09,0.6568966296090807,0.2966042285639244,0.1557000237623875,-0.20293335374506105,0.39083857442899195,2.722318822902812,432.1994076545395,364.6572626884374,-4.799196370928679,-0.05395425989397449
0.090625,0.6698187527883724,0.2933599273328776,0.15349470162548723,-0.19158476117486511,0.41821339397589874,2.838598337045691,432.0110984508131,366.4648111922782,-5.010652372383925,-0.26237232539254446
0.09125,0.68250642146875,0.28962418293173353,0.15154225895360612,-0.17956615269664367,0.44503687642868694,2.956746481033691,431.81880716415816,368.18593637197154,-5.2225959469267025,-0.4712980448832331
0.091875,0.6949092420014558,0.2854625418276884,0.1498742075304012,-0.16690897092113133,0.47119122155307425,3.0765721455730386,431.6325814335969,369.8182077037909,-5.434840551527598,-0.6805464486454995
0.0925,0.7069782473718594,0.2809472779188023,0.14851569666477166,-0.1536438994093805,0.4965602871831316,-3.0853227673208528,431.46217547778684,371.3594986342443,-5.647199034977348,-0.8899319567318128
0.093125,0.7186660558403811,0.2761567842639222,0.14748508318761946,-0.13980076237151673,0.5210309978424688,-2.9627988581283926,431.3169908435668,372.80799562437784,-5.859483817078157,-1.0992685569501996
0.09375,0.729927018327392,0.27117490430110786,0.14679362891822448,-0.12540846239206527,0.5444952266972876,-2.839286665315483,431.20601957410065,374.1622058204495,-6.071507068336545,-1.3083699833466977
0.094375,0.740717356425617,0.2660902055982487,0.1464453329489176,-0.11049495222928929,0.5668522172086625,-2.7150401024433517,431.1377901471796,375.4209633172114,-6.283080889981616,-1.5170498950126936
0.095,0.7509952930384575,0.2609951999681248,0.1464369036664739,-0.0950872366972284,0.588011597693447,-2.5903158415247063,431.12031651627393,376.58343398615375,-6.494017494132509,-1.725122055042027
0.095625,0.7607211779293992,0.25598551477400056,0.14675787126526343,-0.07921140073634314,0.6078970135835657,-2.4653672132512643,431.16105056689383,377.64911884731373,-6.704129383938475,-1.9324005094624315
0.09625,0.7698576107811083,0.2511590208154562,0.14739083676957032,-0.06289266007322025,0.6264503543919746,-2.3404383662432906,431.2668382788599,378.6178559695908,-6.913229533515086,-2.1386997659658977
0.096875,0.7783695644399552,0.24661492206566712,0.14831184974006253,-0.04615543132303124,0.6436364829026067,-2.2157590825054516,431.443879861329,379.4898208909448,-7.1211315675003055,-2.3438349722628518
0.0975,0.7862245107044427,0.24245281202788538,0.1494909049032627,-0.029023418809490664,0.6594482832445796,-2.091540560274117,431.6976941020307,380.2655255563231,-7.327649940054377,-2.547622093885165
0.098125,0.7933925504561377,0.23877170121795982,0.1508925473429588,-0.011519715654731755,0.6739117365703078,-1.9679723621145122,432.03308714528805,380.94581577765325,-7.532600113128176,-2.749878091263768
0.09875,0.7998465492570989,0.2356690207364756,0.1524765752471326,0.00633308328241311,0.6870906182472041,-1.8452206066383274,432.4541258852154,381.5318672267315,-7.735798733825213,-2.950421095907167
0.099375,0.8055622790949453,0.2332396081283895,0.15419882727640694,0.0245127590999199,0.699090306454071,-1.7234273723380475,432.96411613115913,382.0251799782696,-7.93706381068353,-3.1490705855081838
0.1,0.8105185667372102,0.23157468332181225,0.15601203857194074,0.04299733974316222,0.7100601248272187,-1.6027111913546292,433.5655856721807,382.427571626759,-8.136214888704556,-3.345647557807067
0.100625,0.8146974490003828,0.2307608237678602,0.15786674653112753,0.061764966552434686,0.720193642083264,-1.4831684454702012,434.260272336345,382.7411690070834,-8.333073222957402,-3.5399747030405693
0.10125,0.8180843349514518,0.23087894863758493,0.15971222628742934,0.0807937587404699,0.7297264478532659,-1.3648754401232903,435.04911710898745,382.9683985549794,-8.527461950588314,-3.731876574807737
0.10187500000000001,0.8206681743951588,0.2320033220363718,0.16149743676746997,0.10006167786182374,0.7389311305862076,-1.2478909263426257,435.93226234216905,383.11197534945813,-8.719206261066706,-3.92117975918493
0.10250000000000001,0.8224416310785511,0.23420058504925417,0.16317196033735876,0.11954639429948344,0.7481094892613012,-1.1322588613823967,436.9090550553991,383.1748908851279,-8.908133564500694,-4.107713041924029
0.10312500000000001,0.823401258084009,0.23752882646932957,0.1646869207422758,0.13922515798030632,0.7575823728044826,-1.0180112376346457,437.9780552956167,383.16039962799533,-9.094073657857177,-4.291307573569899
0.10375000000000001,0.8235476721677004,0.24203670248084572,0.16599586446921621,0.15907467588144586,0.7676778902940908,-0.9051708538640142,439.1370494925649,383.07200441371816,-9.276858888923366,-4.471797032335073
0.104375,0.82288572343703,0.2477626163367987,0.1670555901315229,0.17907099924103198,0.7787189923752571,-0.7937539430753375,440.3830687142687,382.91344075242785,-9.456324317848942,-4.64901778457182
0.105,0.8214246565655668,0.2547339697589044,0.16782691064509503,0.19918942359928193,0.7910115265389885,-0.6837726023353294,441.71241169654206,382.6886601091162,-9.632307876110499,-4.822809042684234
0.105625,0.8191782595663789,0.262966498043748,0.16827533482880008,0.21940440486861412,0.8048337901717169,-0.5752369929298755,443.1206724904851,382.40181223313664,-9.804650522742099,-4.9930130203252325
0.10625,0.8161649956325769,0.2724637003824491,0.16837165869832285,0.23968949463510603,0.8204283664029886,-0.4681572978246713,444.60277254297836,382.0572266146327,-9.973196397678938,-5.159475084726271
0.106875,0.8124081129167902,0.28321637575893605,0.16809246073790216,0.26001729802707185,0.8379966883839414,-0.3625454400138608,446.1529969974203,381.6593931496039,-10.137792972063501,-5.322043906010296
0.1075,0.8079357264983563,0.2952022734235289,0.16742049827401895,0.2803594577961661,0.8576964150251012,-0.2584165791609401,447.7650349755608,381.2129420988704,-10.298291195366824,-5.480571603341307
0.108125,0.8027808665286073,0.3083858657199313,0.1663450031512474,0.3006866687094534,0.8796413858162104,-0.15579041173879915,449.4320235764172,380.7226234293802,-10.454545639180447,-5.634913887767124
0.10875,0.796981486749543,0.3227182504064681,0.16486187495848503,0.32096872674517263,0.9039037001525552,-0.05469229929538599,451.14659530507544,380.1932856290746,-10.606414637538046,-5.784930201615179
0.109375,0.79058042815339,0.338137189398742,0.16297377055593978,0.34117461777010494,0.9305173530855635,0.04484575899701149,452.9009286228315,379.6298540889235,-10.75376042362902,-5.930483854304496
0.11,0.7836253331749969,0.3545672906441363,0.16069009043973684,0.36127265023891564,0.959482844504338,0.14278430623540217,454.68680129073243,379.03730914770006,-10.896449262769808,-6.071442154440516
0.110625,0.7761685062966955,0.37192033902515487,0.1580268652437268,0.38123063608706476,0.9907722369086072,0.23907576993912372,456.4956461612716,378.42066389661676,-11.034351581502575,-6.2076765380631
0.11125,0.7682667172853852,0.39009578048737975,0.15500654805743858,0.4010161234948195,1.0243342380488656,0.33366398779317485,458.318609057866,377.78494184205425,-11.167342092694488,-6.339062692921884
0.111875,0.7599809437090997,0.4089813611724093,0.1516577189470319,0.42059668465835953,1.0600990014704577,0.42648394981353377,460.1466083689178,377.13515452529606,-11.295299916514782,-6.465480678656851
0.1125,0.7513760501805592,0.4284539209401372,0.14801470712290715,0.43994026101619976,1.0979824500357118,0.5174618051344488,461.9703959727699,376.47627919841653,-11.418108697171007,-6.586815042766285
0.113125,0.742520403059782,0.4483803388039638,0.14411713438856108,0.4590155673462224,1.1378900221273396,0.6065152038068433,463.78061910183203,375.81323665526986,-11.53565671528974,-6.702954932248125
0.11375,0.733485420978974,0.46861862674083327,0.14000938264134993,0.47779255449850844,1.179719811967673,0.6935540729956635,465.5678827485714,375.1508693158777,-11.64783699583156,-6.813794200805175
0.114375,0.7243450632127877,0.48901916741630913,0.13573998869216192,0.4962429281953926,1.2233651242104804,0.7784819588504899,467.32281221299536,374.4939196614348,-11.754547411434286,-6.919231511508897
0.115,0.7151752593347984,0.5094260898450211,0.13136097145405637,0.5143407183182176,1.2687164922630663,0.8611980940929094,469.036115390724,373.8470091156299,-11.855690781083167,-7.019170434821007
0.115625,0.7060532847538671,0.5296787741970536,0.12692709831908797,0.5320628896707609,1.3156632247342683,0.9416003708091516,470.69864440273557,373.21461746603296,-11.951174964010976,-7.113519541876566
0.11625,0.6970570877561496,0.5496134730290355,0.12249509846044039,0.5493899815134684,1.3640945497822807,1.019589402558987,472.30145617237537,372.60106291693666,-12.040912948736041,-7.202192492937064
0.116875,0.6882645748979377,0.5690650320860727,0.11812283083623845,0.5663067593475013,1.4139004266780226,1.0950738431375626,473.83587156221887,372.0104828622625,-12.124822937150649,-7.285108120926542
0.11750000000000001,0.6797528630339967,0.5878686903684086,0.11386841460041262,0.5828028585354659,1.4649720896411669,1.167977081052756,475.2935326928055,371.4468154639672,-12.202828423577385,-7.362190509968818
0.11812500000000001,0.6715975078554766,0.60586193695347,0.10978933068229053,0.5988733954406547,1.5172023821666487,1.2382453339217072,476.66645807708306,370.91378211783496,-12.274858268715741,-7.433369068848624
0.11875000000000001,0.6638717201484178,0.6228864006729751,0.1059415056002917,0.614519518165928,1.5704859314573074,1.3058570073205367,477.9470952185249,370.41487088461105,-12.340846768406408,-7.498578599324563
0.11937500000000001,0.6566455818576521,0.6387897472772208,0.10237839183807701,0.6297488661907886,1.6247192032821847,1.3708329454961614,479.1283703372127,369.9533209601606,-12.400733717145783,-7.5577593592267664
0.12,0.6499852743567325,0.6534275565024366,0.0991500621086606,0.6445759069347528,1.6798004688191286,1.4332468901385482,480.2037349066433,369.5321082537345,-12.454464466288272,-7.610857120277324
0.120625,0.6439523312608735,0.6666651486590052,0.09630233665908071,0.6590221181566491,1.735629707825252,1.4932351123167358,481.16720870445397,369.15393213850166,-12.501989976879317,-7.6578232205766925
0.12125,0.6386029279490109,0.6783793279595507,0.09387596319241283,0.6731159885307978,1.7921084671629304,1.5510038643743886,482.01341910258435,368.8212034333101,-12.54326686706725,-7.698614611704523
0.121875,0.6339872198104494,0.6884600090300472,0.09190586830851438,0.6868928147818512,1.8491396898865222,1.6068331214692648,482.7376363464361,368.53603366916286,-12.57825745404738,-7.733193900388656
0.1225,0.6301487410186726,0.6968116944822932,0.09042049833158289,0.7003942821876414,1.9066275269635593,1.6610751688326264,483.33580459820564,368.30022568818964,-12.606929790497263,-7.761529384701417
0.123125,0.6271238751110358,0.7033547746567156,0.08944126622767799,0.7136678256539848,1.9644771405310344,1.7141470316567684,483.80456854660304,368.1152656169629,-12.629257695467198,-7.783595084747571
0.12375,0.6249414075954878,0.7080266246136162,0.08898212003229829,0.7267657803947385,2.02259450425424,1.766516546392502,484.1412954134465,367.98231624990035,-12.645220779695807,-7.799370767813869
0.124375,0.6236221691691355,0.7107824770949124,0.08904924630685296,0.7397443437846021,2.080886203290433,1.81868291374332,484.34409221695734,367.902211872213,-12.654804465325705,-7.808841967955474
0.125,0.6231787761667755,0.7115960534098736,0.0896409192283034,0.7526623822669185,2.1392592341998835,1.8711536131722397,484.4118181818182,367.8754545454545,-12.658000000000001,-7.812
0.12562500000000001,0.6236154727916413,0.7104599376053213,0.09074750183666704,0.7655801280684558,2.197620804300012,1.92442030205466,484.34409221695734,367.902211872213,-12.654804465325705,-7.8088419679554715
0.12625,0.6249280778350687,0.7073856839541839,0.0923516009491806,0.7785578186236601,2.2558781301945956,1.9789365370278595,484.1412954134465,367.98231624990035,-12.645220779695807,-7.799370767813869
0.12687500000000002,0.6271040368719629,0.702403654080202,0.09442837197217531,0.7916543359324084,2.313938235928793,2.0350997714847576,483.80456854660304,368.1152656169629,-12.629257695467198,-7.783595084747571
0.1275,0.6301225792249804,0.6955625874166453,0.09694596490156841,0.8049259029871254,2.371707751672357,2.0932392268246307,483.33580459820564,368.3002256881896,-12.606929790497263,-7.7615293847014195
0.128125,0.6339549770860883,0.6869289158314025,0.09986609888939803,0.8184248899680275,2.429092713816715,2.153610168519469,482.7376363464362,368.53603366916286,-12.578257454047382,-7.733193900388656
0.12875,0.6385649020684291,0.6765858389377999,0.1031447500110586,0.8321987748368187,2.4859983671813097,2.216394129224236,482.01341910258446,368.8212034333101,-12.54326686706725,-7.698614611704523
0.129375,0.643908872281353,0.664632180438543,0.10673293507182814,0.8462892922798693,2.5423289704144576,2.2817039177572163,481.16720870445397,369.15393213850166,-12.501989976879317,-7.657823220576694
0.13,0.6499367811471437,0.6511810484084173,0.11057757289767581,0.8607317928560523,2.597987607239122,2.349591916830981,480.2037349066433,369.5321082537345,-12.454464466288272,-7.610857120277324
0.130625,0.6565924977811544,0.636358324708335,0.11462240323426542,0.8755548217098967,2.652876009140254,2.420060167614995,479.1283703372127,369.9533209601605,-12.400733717145787,-7.557759359226767
0.13125,0.6638145279255634,0.6203010114728739,0.11880894204364946,0.8907799142554245,2.7068943989236427,2.4930709638739526,477.9470952185249,370.41487088461105,-12.34084676840641,-7.498578599324563
0.131875,0.6715367239290811,0.603155465482838,0.12307745133953071,0.9064215956149555,2.7599413687207175,2.5685570134740026,476.6664580770831,370.91378211783496,-12.274858268715741,-7.433369068848625
0.1325,0.6796890318706986,0.5850755532710865,0.12736790238102716,0.9224875620132007,2.8119138100149836,2.6464305724928305,475.29353269280534,371.446815463967,-12.202828423577385,-7.362190509968818
0.133125,0.6881982635150102,0.5662207600759208,0.1316209134548632,0.9389790163060763,2.8627069173370554,2.7265912536426136,473.83587156221887,372.0104828622625,-12.124822937150649,-7.285108120926543
0.13375,0.696988880445441,0.546754283951159,0.13577864696901276,0.9558911265453265,2.9122142920966745,2.8089324293564637,472.30145617237525,372.60106291693666,-12.04091294873604,-7.202192492937064
0.134375,0.7059837777426671,0.5268411432186667,0.13978565415780775,0.9732135757812319,2.960328179309231,2.8933462901630307,470.69864440273557,373.21461746603296,-11.951174964010976,-7.113519541876568
0.135,0.7151050551292819,0.5066463222431815,0.14358965817949407,0.990931172618307,3.006939877944757,2.9797276960078847,469.0361153907242,373.8470091156299,-11.855690781083167,-7.019170434821004
0.135625,0.7242747646131238,0.48633297808217946,0.14714226757342816,1.0090244947046285,3.051940374584749,3.0679769923807356,467.3228122129954,374.49391966143486,-11.75454741143429,-6.919231511508901
0.13625,0.7334156250716021,0.46606072900610196,0.15039961261548238,1.0274705407413522,3.0952212586420247,-3.125183335946687,465.5678827485714,375.1508693158777,-11.647836995831556,-6.813794200805174
0.136875,0.7424516956158211,0.4459840444008198,0.15332289825821227,1.0462433703507799,3.1366759838444374,-3.033466157781545,463.78061910183203,375.81323665526975,-11.535656715289743,-6.702954932248126
0.1375,0.7513090007545474,0.4262507533567121,0.155878869592264,1.0653147150647246,-3.106983763878535,-2.940130787212741,461.9703959727699,376.47627919841665,-11.418108697171007,-6.5868150427662835
0.138125,0.7599161014059886,0.40700068588637145,0.15804018871547967,1.0846545476688085,-3.069484684441191,-2.845241400238953,460.1466083689179,377.13515452529606,-11.295299916514784,-6.465480678656853
0.13875,0.7682046068969415,0.38836445676543374,0.15978572420423384,1.104231601007763,-3.034101020835971,-2.7488522827775412,458.31860905786596,377.78494184205425,-11.167342092694486,-6.339062692921882
0.139375,0.7761096244885342,0.3704623983833618,0.1611007550298934,1.1240138308761516,-3.0009100778897917,-2.651007994626365,456.4956461612715,378.4206638966168,-11.034351581502577,-6.207676538063104
0.14,0.783570144644622,0.3534036464642994,0.16197708968997226,1.143968820526612,-2.9699737107246857,-2.551743707681151,454.68680129073266,379.0373091477001,-10.896449262769806,-6.071442154440514
0.140625,0.7905293619932198,0.33728538114733353,0.16241309976094212,1.164064126499734,-2.941333993345573,-2.45108568583829,452.9009286228315,379.6298540889236,-10.75376042362902,-5.930483854304499
0.14125000000000001,0.7969349334024892,0.32219222513581214,0.16241366647557212,1.1842675669899378,-2.915008502361668,-2.3490518845740738,451.1465953050754,380.1932856290745,-10.606414637538046,-5.784930201615175
0.141875,0.8027391755978353,0.30819579944885495,0.16199004008869378,1.204547455000137,-2.8909854383951483,-2.245652656937443,449.4320235764172,380.7226234293802,-10.45454563918045,-5.634913887767125
0.14250000000000002,0.807899205356615,0.2953544354819144,0.16115961400573717,1.2248727793702505,-2.86921891587531,-2.1408915640227306,447.7650349755608,381.21294209887054,-10.298291195366824,-5.480571603341307
0.143125,0.8123770257806687,0.2837130395976894,0.15994561758633974,1.245213337473122,-2.84962485858213,-2.034766302035372,446.1529969974203,381.65939314960394,-10.137792972063504,-5.3220439060102995
0.14375000000000002,0.8161395627288636,0.27330310404116187,0.1583767320390337,1.2655398239476536,-2.8320780213218466,-1.9272697725635073,444.6027725429784,382.0572266146327,-9.973196397678937,-5.159475084726267
0.144375,0.8191586562474193,0.26414285625143763,0.1564866331018197,1.2858238801456814,-2.8164106898287624,-1.8183913331194255,443.1206724904852,382.4018122331365,-9.804650522742104,-4.993013020325234
0.145,0.8214110125476823,0.2562375377677668,0.1543134635364849,1.3060381089363755,-2.8024135643286057,-1.7081182687192165,441.712411696542,382.6886601091161,-9.632307876110504,-4.822809042684243
0.145625,0.8228781225121321,0.24957980372770616,0.15189923921812193,1.3261560592015869,-2.78983918857044,-1.596437522621688,440.3830687142687,382.91344075242785,-9.456324317848946,-4.6490177845718215
0.14625,0.823546152638603,0.2441502338203741,0.14928919511224706,1.3461521839359119,-2.778408045048625,-1.4833377185773209,439.1370494925651,383.07200441371805,-9.276858888923368,-4.4717970323350755
0.146875,0.8234058138761602,0.23991794508144343,0.14653108062686457,1.3660017755357732,-2.76781712336315,-1.3688115000146084,437.9780552956167,383.16039962799533,-9.09407365785718,-4.291307573569902
0.1475,0.8224522132077103,0.23684129598548323,0.14367441611486048,1.3856808817015862,-2.7577504329307665,-1.25285820228261,436.9090550553991,383.1748908851278,-8.908133564500696,-4.107713041924032
0.148125,0.820684692397347,0.2348686701873813,0.1407697227596796,1.4051662053538543,-2.747890641145199,-1.1354868575499566,435.93226234216905,383.1119753494582,-8.719206261066704,-3.9211797591849273
0.14875,0.8181066581087026,0.2339393274741003,0.1378677371618626,1.4244349918954589,-2.7379308400392084,-1.0167195014893675,435.04911710898745,382.9683985549795,-8.52746195058832,-3.7318765748077394
0.149375,0.8147254074972048,0.23398430934100314,0.1350186210544446,1.443464906952439,-2.72758542257767,-0.8965947041092228,434.260272336345,382.7411690070834,-8.3330732229574,-3.539974703040566
0.15,0.8105519530822527,0.23492738728516727,0.1322711769209773,1.4622339073597894,-2.7165991901854554,-0.775171186742913,433.5655856721808,382.4275716267591,-8.136214888704561,-3.34564755780707
0.150625,0.8056008500749995,0.236686043032642,0.12967208180192968,1.480720107775551,-2.7047540818898277,-0.6525313218491444,432.9641161311591,382.0251799782696,-7.937063810683528,-3.1490705855081806
0.15125,0.7998900284201287,0.23917247114822457,0.12726515303967392,1.4989016450462618,-2.6918732493795527,-0.5287842527448987,432.45412588521526,381.5318672267315,-7.735798733825216,-2.9504210959071697
0.151875,0.7934406308393289,0.24229459527433314,0.12509065976191538,1.5167565424152718,-2.677822530575609,-0.4040683266781411,432.03308714528805,380.94581577765325,-7.532600113128172,-2.749878091263765
0.1525,0.7862768574401767,0.24595708952700832,0.1231846920835509,1.534262575816184,-2.662509638250633,-0.278552515141417,431.6976941020306,380.2655255563231,-7.32764994005438,-2.5476220938851677
0.153125,0.7784258170531959,0.2500623965278583,0.12157859730599932,1.5513971446713333,-2.645881547512504,-0.15243650903337347,431.443879861329,379.4898208909449,-7.121131567500302,-2.343834972262849
0.15375,0.7699173852854062,0.2545117336688643,0.12029849023318223,1.5681371496941914,-2.62792063182445,-0.02594923310039121,431.26683827885984,378.6178559695908,-6.913229533515091,-2.138699765965901
0.154375,0.7607840690360157,0.2592060798917263,0.11936484407941846,1.5844588801233348,-2.608640079026433,0.10065436729784416,431.16105056689383,377.64911884731373,-6.704129383938474,-1.9324005094624288
0.155,0.7510608767706903,0.2640471365552622,0.11879216880445496,1.6003379126983148,-2.5880790445424466,0.2270982545647282,431.12031651627393,376.58343398615375,-6.49401749413251,-1.7251220550420303
0.155625,0.7407851931753422,0.2689382574641139,0.11858878379003206,1.6157490246721142,-2.5662978974222463,0.3530917360399002,431.1377901471796,375.4209633172114,-6.283080889981613,-1.517049895012691
0.15625,0.7299966561243488,0.2737853441596934,0.118756690434725,1.6306661233570718,-2.5433738088599336,0.4783370095108239,431.20601957410065,374.1622058204497,-6.071507068336549,-1.3083699833467008
0.15687500000000001,0.7187370334871968,0.27849770271955754,0.11929154746820457,1.6450621950851865,-2.5193968367819153,0.6025372636597055,431.3169908435668,372.8079956243778,-5.8594838170781545,-1.0992685569501972
0.1575,0.7070500972370589,0.2829888576199913,0.12018274874697976,1.6589092769086449,-2.4944665810215607,0.725404703714787,431.4621754777869,371.3594986342443,-5.647199034977351,-0.8899319567318159
0.15812500000000002,0.6949814925360932,0.2871773173048267,0.12141360124933945,1.6721784546920846,-2.4686894235149435,0.8466678878948954,431.63258143359695,369.81820770379096,-5.4348405515276,-0.6805464486455031
0.15875,0.6825785997251655,0.2909872856600181,0.12296160039222437,1.684839891395768,-2.4421763261260514,0.9660778593737724,431.81880716415804,368.18593637197154,-5.222595946926706,-0.4712980448832363
0.15937500000000002,0.6698903872269937,0.2943493140157102,0.12479879988235432,1.696862889353854,-2.4150411332925845,1.0834127161859186,432.01109845081317,366.4648111922782,-5.010652372383923,-0.26237232539254157
0.16,0.656967253268598,0.29720088926463595,0.1268922727497986,1.7082159903598821,-2.3873993147313897,1.1984804458093272,432.1994076545393,364.6572626884374,-4.799196370928676,-0.053954259893971644
0.160625,0.6438608542205179,0.29948695453060215,0.1292046582173924,1.7188671174853924,-2.3593670815279175,1.3111200320982626,432.3734550206429,362.7660149761881,-4.588413698896151,0.15377196942728677
0.16125,0.630623917463592,0.3011603589122976,0.1316947860074168,1.7287837627456444,-2.331060813054492,1.4212009966155499,432.52279165680466,360.7940740966285,-4.3784891482646335,0.3606231443819075
0.161875,0.6173100371446447,0.3021822321383229,0.13431836680473683,1.737933224838585,-2.302596738750788,1.528621647376628,432.6368637934405,358.74471511218115,-4.169606370018695,0.5664171862160359
0.1625,0.6039734519219833,0.3025222790696109,0.13702873600161353,1.7462829010024326,-2.274090825396218,1.6333063674887853,432.7050779265934,356.62146802155235,-3.9619476987107203,0.7709733298585781
0.163125,0.590668804570301,0.3021589887348732,0.13977763767118873,1.7538006363965124,-2.245658826154343,1.7352022846736155,432.71686643735023,354.42810255514473,-3.7556939783929497,0.9741122968051448
0.16375,0.5774508839658835,0.30107975346997634,0.1425160361593505,1.760455133320125,-2.217416452752283,1.8342756299960037,432.661753278065,352.1686119171741,-3.5510243900900504,1.1756564664696412
0.164375,0.5643743503884924,0.29928089554396725,0.14519494256019072,1.7662164210732243,-2.189479637333182,1.9305080366181144,432.52941931452136,349.84719554524787,-3.348116280981152,1.3754300458356967
0.165,0.5514934454255237,0.2967676006568259,0.1477662422682786,1.7710563854853332,-2.1619648560237685,2.023892963945361,432.30976691459875,347.4682409623493,-3.147144995458387,1.57325923724191
0.165625,0.5388616882038202,0.29355375915865684,0.1501835082897667,1.774949355012902,-2.1349894915191996,2.1144323725440834,431.9929833779819,345.03630480002556,-2.9482837082272555,1.7689724041366732
0.16625,0.5265315603305659,0.28966171649457806,0.15240278415414588,1.7778727377636017,-2.1086722156887827,2.202133726249599,431.5696028079884,342.55609307508246,-2.7517032596117503,1.962400234640647
0.166875,0.5145541827625786,0.2851219346971854,0.15438332096543173,1.7798077006381163,-2.083133374461717,2.2870073601982774,431.03056603561896,340.0324408052405,-2.5575719932257153,2.1533759027564567
0.1675,0.5029789886269412,0.27997256743757903,0.15608825518820005,1.7807398779289176,-2.0584953557609946,2.3690642243334246,430.36727821741266,337.47029105196134,-2.36605559616851,2.3417352270685208
0.168125,0.49185339660510974,0.2742589526839476,0.1574852163842861,1.780660092314923,-2.0348829177373347,2.4483139891980876,429.5716637425583,334.8746734810542,-2.177316941901612,2.5273168267774033
0.16875,0.4812224897642442,0.26803302926550626,0.1585468562273591,1.779565066567245,-2.012423449983311,2.524763484587613,428.6362181008735,332.25068253364645,-1.991515935959371,2.709962274916428
0.169375,0.47112870475226565,0.2613526859243418,0.15925129142454916,1.7774580999170322,-1.991247135447602,2.5984154328531126,427.5540563816228,329.6034553017001,-1.8088093646446814,2.889516248600758
0.17,0.4616115362216966,0.25428105300749715,0.15958245407394475,1.7743496793759288,-1.9714869751053472,2.669267437795984,426.3189580936045,326.93814920342544,-1.6293507468572628,3.065826676162196
0.170625,0.45270726132660544,0.2468857475421323,0.15953034431986218,1.770257993766629,-1.9532786301063378,2.737311195591186,424.92540801934666,324.2599195547236,-1.4532901891992267,3.2387448810259385
0.17125,0.4444486891733214,0.23923808232111177,0.1590911824615843,1.765209317141366,-1.9367600261508224,2.802531902941883,423.3686328404958,321.5738971331323,-1.2807742444990786,3.408125722189053
0.171875,0.4368649400434577,0.23141224944414288,0.1582674607284637,1.7592382290185533,-1.922070652031449,2.864907846762918,421.644633297412,318.885165830707,-1.1119457738925327,3.573827731163166
0.17250000000000001,0.4299812589224908,0.2234844889923137,0.15706789800542212,1.7523876418494577,-1.9093504698073893,2.9244101674792446,419.7502116734116,316.1987404917862,-0.946943812594057,3.7357132452483213
0.173125,0.4238188672643046,0.21553225415573782,0.15550730304769353,1.744708611716674,-1.898738340275714,2.981002795258153,417.68299442290623,313.51954503072983,-0.7859034394905243,3.8936485370074596
0.17375000000000002,0.41839485605742777,0.2076333847806253,0.15360635296925668,1.7362599166670307,-1.89036985752076,3.0346425670129697,415.4414497926365,310.8523909234288,-0.6289556506834678,4.047503939815851
0.174375,0.41372212228687766,0.1998653013556328,0.15139129428135986,1.7271073980902667,-1.8843744841083048,3.0852795433176077,413.024900316165,308.201956164723,-0.4762272371034079,4.1971539693627715
0.17500000000000002,0.40980934994378065,0.19230423073114014,0.148893574242674,1.7173230735127945,-1.8808718883439353,3.132857559006805,410.4335300935361,305.57276478179836,-0.3278406663151721,4.342477440987321
0.175625,0.40666103591944314,0.18502447348874948,0.14614941111340657,1.7069840429584318,-1.8799674125072272,-3.1058702497298682,407.6683868003637,302.96916699120356,-0.18391396862917306,4.4833575827341114
0.17625,0.4042775603725633,0.1780977213595747,0.1431993130832418,1.6961712242849316,-1.88174665309427,-3.0645990328347175,404.7313784033562,300.3953200843273,-0.04456062762930557,4.619682144018898
0.176875,0.40265530040023545,0.17159243180475953,0.1400875566493247,1.6849679642588677,-1.8862692184796117,-3.026582457114042,401.6252645922433,297.8551701230281,0.09011052477619542,4.751343499798513
0.1775,0.40178678499584236,0.1655732659819799,0.13686163556788847,1.6734585804685684,-1.8935618520741642,-2.99188934855081,398.3536429710035,295.352434523624,0.21999540867914147,4.8782387501439395
0.178125,0.4016608883495799,0.16010059556555303,0.13357169102355113,1.661726893665021,-1.9036112701170556,-2.960586262423785,394.92093008402264,292.8905856036461,0.3449947917737511,5.000269815119915
0.17875,0.4022630576626376,0.15523008295168167,0.1302699326135032,1.649854810403764,-1.91635725157857,-2.9327340515503444,391.3323373851319,290.4728351616516,0.4650143801443271,5.117343524878998
0.179375,0.40357557091172214,0.15101233803339464,0.12701005863107465,1.6379210118837335,-1.9316867063106127,-2.908383670937681,387.59384228916014,288.10212015600337,0.579964904150603,5.229371704883022
0.18,0.40557781954359345,0.14749265300934486,0.12384668332722733,1.6259997970355684,-1.9494295920600075,-2.887571187701088,383.7121544765329,285.78108954387466,0.6897621993274548,5.336271256169193
0.180625,0.4082466108653237,0.14471081485542842,0.12083477838593239,1.6141601169703774,-1.9693575942215853,-2.8703120305836016,379.6946776513073,283.5120923368307,0.7943272822212832,5.4379642305836375
0.18125,0.4115564848725877,0.14270099341616374,0.11802913550697501,1.6024648249396636,-1.9911863682039916,-2.8565946134424003,375.5494669817285,281.297166924233,0.8935864210897001,5.53437790090951
0.181875,0.41548004029256913,0.14149170176806772,0.11548385641164671,1.5909701523518613,-2.0145818393144204,-2.8463736024705746,371.2851824796881,279.1380317103924,0.9874712013967175,5.6254448258223615
0.1825,0.41998826466541955,0.1411058245383923,0.11325187563159751,1.5797254084442498,-2.039170571387536,-2.8395632603970924,366.91103860123195,277.036077105902,1.0759185860405274,5.711102909610185
0.183125,0.4250508633538214,0.141560709116645,0.1113845201466874,1.5687728900793738,-2.064553624497507,-2.836031471875714,362.4367503743146,274.9923589079465,1.158870970256244,5.7912954566010155
0.18375,0.43063658255206977,0.14286831401252117,0.10993110866153158,1.5581479795238709,-2.090322748219073,-2.835595199005766,357.8724763821959,273.00759309860786,1.2362762311412168,5.865971220245946
0.184375,0.43671352171802824,0.1450354079064704,0.10893859219952216,1.5478794022496842,-2.116077343308172,-2.8380181883487303,353.22875895106034,271.08215208431545,1.3080877717559154,5.935084446810946
0.185,0.44324943141983647,0.1480638122366747,0.10845123696967866,1.53798961363431,-2.1414404847850594,-2.843011702121487,348.51646190852347,269.2160623936452,1.3742645597585237,5.998594913635893
0.185625,0.4502119932770134,0.15195067958698497,0.10851034991228642,1.5284952825961433,-2.166072473236384,-2.8502388389855575,343.7467062954899,267.4090038446573,1.434771160537123,6.056467961924955
0.18625,0.457569079385716,0.1566887998195369,0.10915404685105715,1.5194078412277836,-2.189680818631354,-2.8593226379538272,338.9308044273334,265.6603101869435,1.4895777648084214,6.108674524037504
0.186875,0.46528898922897816,0.16226692598335316,0.110417062560311,1.5107340719817106,-2.21202614291869,-2.869857663005533,334.0801927113963,263.9689712175122,1.5386602106576963,6.155191145254422
0.1875,0.4733406625663979,0.16867011249337635,0.11233060127243416,1.502476707521013,-2.2329240707735742,-2.881424236107353,329.2063636363638,262.3336363636364,1.5819999999999994,6.195999999999999
0.18812500000000001,0.4816938672081481,0.17588005887269284,0.11492222531529571,1.494635022567306,-2.2522436434564153,-2.8936040431155554,324.3207973550488,260.75261971981854,1.6195843094481972,6.23108890250514
0.18875,0.4903193610047378,0.1838754532354817,0.11821577879446576,1.4872054015554275,-2.269903074190731,-2.9059955952054466,319.4348932855117,259.22390652014076,1.651405995578938,6.260451311903018
0.18937500000000002,0.49918902787638364,0.19263231050701027,0.12223134276744449,1.4801818702321814,-2.2858637588553616,-2.918228055046029,314.5599021561867,257.7451610214635,1.6774635945932026,6.284086331753948
0.19,0.5082759882479165,0.20212430100459147,0.12698521819102782,1.4735565832132869,-2.300123399840155,-2.929972224982624,309.70685891883204,256.3137357672663,1.6977613163735457,6.301998704001535
0.19062500000000002,0.5175546847767879,0.21232306548358956,0.13248993307563792,1.4673202627522723,-2.3127089500444873,-2.9409479658341873,304.88651694858913,254.92668219637213,1.7123090329457722,6.314198797367893
0.19125,0.5270009446506325,0.22319851327953158,0.13875427060526418,1.4614625865793522,-2.323669893554543,-2.95092784970689,300.1092839433593,253.58076255543642,1.7211222613582051,6.32070259020101
0.19187500000000002,0.5365920199370565,0.23471910091041726,0.1457833152809778,1.4559725247001367,-2.3330721921528568,-2.95973732980141,295.38515992501164,252.272463068873,1.7242221409973078,6.321531647792946
0.1925,0.5463066075465187,0.24685208950836138,0.1535785143266591,1.450838626665309,-2.340993067993737,-2.967252051764799,290.7236777327747,250.9980083149114,1.7216354053638243,6.316713094192904
0.193125,0.5561248503543589,0.2595637805489029,0.16213775164829905,1.4460492620589402,-2.3475166731607384,-2.973393103394244,286.13384638454323,249.7533767517081,1.713394348339145,6.306279578544761
0.19375,0.5660283210823237,0.2728197302993878,0.1714554317267343,1.4415928178667086,-2.3527306160496515,-2.978121017201911,281.6240976648668,248.53431733290714,1.69953678497697,6.290269235983908
0.194375,0.5759999906338378,0.28658494392074624,0.18152257114225234,1.4374578569273506,-2.356723266401082,-2.9814292465111443,277.20223627917835,247.33636714777714,1.6801060068608025,6.268725643133744
0.195,0.586024182712192,0.3008240502176381,0.19232689610128484,1.4336332418654312,-2.3595817370787984,-2.9833376815103705,272.87539389246933,246.15487001705588,1.6551507320731096,6.241697768247417
0.195625,0.596086516646761,0.3155014577919295,0.20385294526608483,1.4301082287972253,-2.361390433489065,-2.983886601307912,268.6499873472663,244.98499597192102,1.624725049827355,6.20923991604569
0.19625,0.6061738403040552,0.330581493222558,0.21608217810529698,1.4268725348135165,-2.362230064848097,-2.983131301643837,264.53168133054794,243.8217615401017,1.5888883598193182,6.171411667307094
0.196875,0.6162741548115823,0.34602852204411333,0.22899308955275713,1.423916382898792,-2.362177020971494,-2.9811375109358664,260.52535573230955,242.6600507600422,1.5477053063593758,6.128277813271649
0.1975,0.6263765326096766,0.3618070538075787,0.24256133180403633,1.4212305276199908,-2.3613030310591423,-2.9779776139417926,256.63507790999927,241.49463684125922,1.5012457073524779,6.079908284924522
0.198125,0.6364710301490283,0.37788183307709755,0.2567598437656426,1.4188062646473831,-2.359675034939224,-2.9737276399374437,252.86408004320842,240.32020438659268,1.4495844781977996,6.026378077231197
0.19875,0.6465485964756766,0.3942179184950752,0.27155898825746133,1.4166354268903492,-2.357355210838299,-2.9684649354137207,249.2147417319251,239.1313720899384,1.3928015506848064,5.967767168400458
0.199375,0.6566009789420036,0.41078075180934154,0.28692669708013746,1.4147103697223162,-2.3544011157341647,-2.962266424142097,245.68857795963132,237.92271582130255,1.33098178696766,5.904160434256608
0.2,0.6666206273253781,0.4275362181126836,0.3028286244012548,1.4130239473903883,-2.35086590408938,-2.9552073543405903,242.28623250963744,236.6887920096046,1.2642148887045586,5.835647557807071
0.200625,0.6766005976186698,0.4444506978411359,0.3192283095738606,1.4115694822987823,-2.3467985982445505,-2.9473604389082375,239.00747688959078,235.42416123260008,1.1925953014534607,5.7623229340962325
0.20125,0.6865344566570099,0.46149111075490573,0.33608735074838836,1.410340728484469,-2.34224438944518,-2.9387953059490215,235.85121478520574,234.12341192259902,1.116222114420271,5.684285570441095
0.201875,0.6964161885655581,0.4786249523604076,0.3533655903669534,1.4093318303247582,-2.3372449531732666,-2.929578189602914,232.8154920302019,232.7811840963107,1.0351989556602093,5.601638982148831
0.2025,0.7062401038400448,0.49582032384465596,0.371021312580437,1.4085372773561664,-2.3318387665724734,-2.9197718032995006,229.89751204536412,231.39219301715465,0.9496338828374008,5.5144910838206815
0.203125,0.7160007517725485,0.5130459571722954,0.38901145149224003,1.4079518560028212,-2.3260614195487257,-2.9094353476948207,227.09365666581775,229.95125269875038,0.8596392696524155,5.422954076351286
0.20375000000000001,0.7256928369406493,0.5302712370913331,0.4072918083106424,1.407570598961744,-2.3199459142969143,-2.8986246140278062,224.39951224218706,228.45329915899868,0.7653316880513059,5.327144329736309
0.204375,0.7353111405545177,0.5474662213537933,0.42581727545030706,1.407388732912934,-2.313522950251148,-2.887392150995719,221.80990086855294,226.89341333523845,0.6668317863342978,5.2271822618058295
0.20500000000000002,0.744850447522286,0.5646016596776582,0.4445420662994087,1.4074016251106567,-2.306821192666664,-2.875787470121331,219.31891655818288,225.26684357234748,0.564264163285986,5.1231922130046215
0.205625,0.7543054800838536,0.5816490114394895,0.46341994999519437,1.4076047292951124,-2.2998675234222192,-2.8638572711411534,216.9199661571157,223.56902759738438,0.45775723845299754,5.015302317344544
0.20625000000000002,0.7636708387565008,0.5985804620858407,0.4824044907073567,1.4079935312928828,-2.2926872726819827,-2.8516456746377514,214.6058147560187,221.7956138964158,0.3474431186987772,4.903644369657921
0.206875,0.7729409511747383,0.6153689388465731,0.5014492902430527,1.4085634946816947,-2.2853044302846808,-2.8391944533940503,212.36863533246915,219.94248241152846,0.23345746116886482,4.788353689284495
0.20750000000000002,0.7821100292681642,0.6319881271183868,0.5205082315089063,1.4093100069730653,-2.277741836338917,-2.826543256520228,210.20006232915412,218.00576447868255,0.11593933280352324,4.6695689803280045
0.208125,0.7911720351604011,0.6484124893303723,0.5395357194735603,1.4102283268776965,-2.2700213513782064,-2.813729821490675,208.09124884855493,215.98186193001254,-0.004968933461949376,4.547432188621851
0.20875,0.800120656187026,0.664617287883527,0.558486916137765,1.4113135332975038,-2.2621640071733102,-2.800790169749007,206.0329271216743,213.8674652873963,-0.12912188566583502,4.422088355546444
0.209375,0.8089492894689286,0.6805786129650595,0.5773179668919083,1.4125604767136526,-2.254190139576341,-2.7877587822418306,204.01547188741455,211.6595709776023,-0.2563711028106809,4.293685468844143
0.21,0.8176510364524177,0.696273415140696,0.5959862170766976,1.4139637336136364,-2.2461195044860887,-2.774668752561883,202.0289663004265,209.35549750304773,-0.3865653477265948,4.162374310580423
0.210625,0.8262187077116108,0.7116795421488776,0.6144504184470567,1.4155175645545324,-2.237971377443234,-2.76155191713757,200.0632699687845,206.95290050615932,-0.5195507226547725,4.0283083024026745
0.21125,0.8346448380851675,0.7267757794968924,0.6326709253209386,1.4172158764470861,-2.229764636853446,-2.7484389634191153,198.10808870877798,204.44978666950925,-0.6551708273958691,3.891643348251141
0.211875,0.8429217119895969,0.7415418950776784,0.6506098792457485,1.4190521896723371,-2.2215178307813623,-2.7353595177548264,196.15304559252226,201.84452639825628,-0.7932669198659738,3.752537674678271
0.2125,0.8510413985514093,0.7559586885667674,0.6682313799661018,1.4210196107009967,-2.2132492276228444,-2.7223422144133878,194.18775285511023,199.13586523598656,-0.933678078899894,3.6111516689358125
0.213125,0.8589957960966083,0.7700080463255019,0.6855016399925946,1.423110810916107,-2.204976851554914,-2.7094147463845566,192.20188422163523,196.32293396975115,-1.0762413691397348,3.4676477149907114
0.21375,0.8667766854951015,0.7836730018406523,0.7023891207738567,1.4253180123227231,-2.1967185040525177,-2.696603897932871,190.18524721072205,193.4052573849557,-1.220792007844496,3.3221900276330927
0.214375,0.8743757917937494,0.7969378006263916,0.7188646499307229,1.4276329807273438,-2.188491772763058,-2.683935558850294,188.12785497020096,190.3827616357398,-1.3671635334545906,3.1749444848414203
0.215,0.8817848534586055,0.8097879676743784,0.7349015204567192,1.4300470268332228,-2.180314028618074,-2.671434721106248,186.0199972022596,187.25578020156732,-1.5151879757434235,3.0260784585716998
0.215625,0.8889956983308877,0.8222103752861584,0.7504755733161059,1.4325510155503078,-2.1722024115693923,-2.659125459696341,183.85230973981433,184.02505840591743,-1.6646960273868223,2.8757606441388996
0.21625,0.8960003251575237,0.834193309548362,0.7655652643120071,1.4351353837068315,-2.1641738050820827,-2.64703090022601,181.61584234294048,180.69175647821396,-1.8155172167792517,2.724160888360649
0.216875,0.9027909893302082,0.8457265343991701,0.7801517147435882,1.4377901662709096,-2.156244799675397,-2.6351731758789967,179.3021242939052,177.25745114540314,-1.9674800819252487,2.5714500166337206
0.2175,0.9093602913612248,0.8568013526318767,0.7942187444233259,1.440505031122461,-2.14843164629678,-2.6235733757568873,176.9032273816781,173.7241357449173,-2.120412345232742,2.4177996591156123
0.218125,0.9157012665984308,0.867410662989904,0.8077528855258703,1.4432693223158592,-2.1407502008519224,-2.612251485754733,174.41182588160385,170.09421885607387,-2.274141089034553,2.2633820761838646
0.21875,0.9218074747268692,0.8775490118009339,0.8207433767952478,1.4460721116203867,-2.133215861489549,-2.6012263226705414,171.8212531531721,166.37052145227773,-2.4284929316634516,2.1083699833467007
0.21937500000000001,0.9276730876249193,0.8872126368799843,0.8331821390833081,1.4489022579291984,-2.1258435001477505,-2.5905154624510445,169.12555449839655,162.5562725816739,-2.5832942039056754,1.9529363757790268
0.22,0.9332929741097241,0.8963995011281851,0.8450637341540783,1.4517484739206763,-2.1186473895183155,-2.580135164244872,166.3195359450905,158.65510358913542,-2.738371125657395,1.7972543526582343
0.22062500000000002,0.9386627800228805,0.9051093137091202,0.8563853085794968,1.4545993991822197,-2.111641126279059,-2.570100292751313,163.39880864318656,154.67104089763419,-2.8935499826086803,1.6414969414742082
0.22125,0.9437790020510018,0.9133435375386343,0.8671465235077894,1.4574436788867233,-2.1048375513947875,-2.5604242417390957,160.35982858805008,150.60849737213786,-3.048657302778953,1.4858369224884884
0.22187500000000002,0.9486390536950188,0.9211053827454954,0.877349469855703,1.4602700470314414,-2.098248668569367,-2.551118861326426,157.19993141229824,146.4722622941428,-3.2035200327289486,1.330446653516494
0.2225,0.9532413219396244,0.9283997862047016,0.8869985679285579,1.4630674131804842,-2.0918855623816057,-2.5421943908905256,153.9173620168521,142.26748997983685,-3.3579657132735137,1.1754978952074453
0.22312500000000002,0.9575852134013635,0.9352333771443829,0.8961004509994568,1.465824951562137,-2.085758317987489,-2.5336593987455736,150.51129884255744,137.99968707959758,-3.511822654521099,1.0211616369950436
0.22375,0.9616711889692138,0.9416144284255811,0.9046638336984285,1.4685321912566245,-2.0798759443331534,-2.5255207294458444,146.98187261562663,133.67469860112826,-3.6649201100656543,0.8676079238921699
0.224375,0.9655007861525576,0.9475527928404776,0.9126993673830713,1.4711791060904176,-2.0742463025873477,-2.5177834598206985,143.33017943309065,129.29869270293736,-3.817088450158038,0.7150056843014394
0.225,0.9690766284926031,0.9530598239941743,0.9202194852328345,1.473756202765614,-2.0688760411272895,-2.5104508653941693,139.5582880882821,124.87814430911082,-3.9681593336848264,0.5635225590126798
0.225625,0.9724024215133533,0.9581482820614153,0.927238239402851,1.4762546057242112,-2.0637705381388276,-2.503524399240355,135.66924157084694,120.4198176003668,-4.117965878783676,0.41332473155715055
0.22625,0.9754829348550997,0.9628322255865222,0.9337711316372509,1.4786661372804142,-2.058933852849173,-2.4970036852468134,131.6670527107215,115.93074744022043,-4.2663428319257655,0.2645767600869519
0.226875,0.9783239704697936,0.967126891142322,0.9398349379564807,1.4809833916242239,-2.0543686865684396,-2.4908865271788514,127.55669397068515,111.41821979871104,-4.4131267352973715,0.11744141094655695
0.2275,0.9809323170822621,0.9710485628165497,0.9454475280591416,1.4831998013781957,-2.0500763549072616,-2.4851689341049124,123.34408142730344,106.88975123953158,-4.558156092314316,-0.02792050589829529
0.228125,0.9833156914501775,0.9746144332190921,0.950627680905014,1.485309695459101,-2.0460567725666277,-2.479845162104308,119.03605301509886,102.35306753956061,-4.701271531104889,-0.17135029941092023
0.22875,0.9854826672532058,0.9778424573191118,0.9553948990700398,1.4873083470619095,-2.0423084518723993,-2.474907771892795,114.64034114339925,97.81608151269607,-4.842315965799045,-0.31269155785201513
0.229375,0.9874425926607856,0.98075120027116,0.9597692252416046,1.4891920106765069,-2.0388285158108257,-2.4703477021323366,110.16553982934047,93.28687011255425,-4.981134755463385,-0.4517903068064826
0.23,0.9892054977843732,0.9833596806296966,0.9637710641236945,1.490957947183765,-2.035612725873589,-2.4661543583785495,105.62106652367937,88.7736508909665,-5.117575860524514,-0.5884951647122897
0.230625,0.9907819933631629,0.9856872108604602,0.9674210122552075,1.492604436275518,-2.032655524697324,-2.46231571761723,101.01711883827151,84.28475789134362,-5.251489996525151,-0.7226574957366648
0.23125,0.992183162197199,0.9877532375363177,0.9707396971865806,1.4941307756798334,-2.029950093335322,-2.458818447946438,96.36462641502332,79.82861705780464,-5.382730785060466,-0.854131559848076
0.231875,0.9934204450410712,0.9895771837841816,0.9737476268087194,1.4955372669267444,-2.027488422955285,-2.4556480422849134,91.67519820570033,75.41372124253859,-5.51115490174481,-0.9827746599350021
0.2325,0.9945055228699664,0.9911782963534194,0.9764650495735149,1.496825187635637,-2.02526140067756,-2.4527889643095264,86.96106545995443,71.04860489514243,-5.636622221061895,-1.1084472858255057
0.233125,0.9954501975797949,0.9925754992579073,0.9789118267619749,1.4979967505373217,-2.023258909040405,-2.450224804389876,82.2350207451671,66.74181851867208,-5.758995957954626,-1.2310132550646466
0.23375,0.9962662732422662,0.9937872555671353,0.9811073183881196,1.4990550496728652,-2.0214699381939827,-2.4479384432111786,77.51035334601548,62.5019029778447,-5.8781428060141785,-1.3503398503101833
0.234375,0.9969654400115497,0.9948314387708451,0.9830702842565644,1.500003994455672,-2.0198827094687406,-2.4459122209328434,72.80078141393898,58.337363745255665,-5.993933072130866,-1.4662979532099558
0.23500000000000001,0.9975591626871816,0.9957252152345859,0.9848188011187374,1.5008482325439667,-2.0184848085617446,-2.4441281098998466,68.12038125671754,54.25664517158121,-6.106240807473537,-1.5787621746284863
0.235625,0.9980585758313846,0.9964849394259316,0.9863701959422041,1.5015930627477854,-2.017263326323853,-2.4425678889055717,63.483514176136644,50.268104865601344,-6.214943934667102,-1.6876109810931843
0.23625000000000002,0.998474387224016,0.9971260636144458,0.9877409945018075,1.5022443394547933,-2.0162050050064684,-2.441213316776235,58.9047512769889,46.379988269404606,-6.319924371042318,-1.7927268173350657
0.236875,0.9988167913117187,0.9976630635078693,0.9889468841609715,1.5028083702862611,-2.015296387772202,-2.440046302738068,54.398796683467644,42.60040351342696,-6.421068147835269,-1.8939962248021502
0.23750000000000002,0.999095394138025,0.9981093808087432,0.9900026898055486,1.503291808871972,-2.0145239691949657,-2.4390490708241117,49.98040960916293,38.937296634953675,-6.518265525218377,-1.9913099560281022
0.238125,0.9993191510051856,0.9984773831329499,0.9909223622148738,1.5037015447623077,-2.013874344341782,-2.438204315617181,45.66432573438916,35.398427242434224,-6.611411103048743,-2.084563084742593
0.23875000000000002,0.999496317811198,0.9987783412781139,0.9917189783297915,1.5040445925864292,-2.013334353868249,-2.437495346879871,41.46517834935905,31.99134470640279,-6.700403927223949,-2.1736551116141873
0.239375,0.9996344166533742,0.9990224235377848,0.9924047527099277,1.5043279826229368,-2.012891222447454,-2.436906220977974,37.397419723770156,28.723364955982138,-6.785147591539709,-2.2584900655208147
0.24,0.9997402159241635,0.9992187065829488,0.9929910590178818,1.5045586549722065,-2.0125326878653045,-2.436421857290476,33.475243162646464,25.60154795786679,-6.865550334948455,-2.3389766002474572
0.240625,0.9998197247744273,0.9993752022387535,0.9934884598805138,1.5047433594950803,-2.012247118265776,-2.4360281379735973,29.712506204820592,22.632675952367887,-6.9415251341221476,-2.4150280865149947
0.24125,0.9998782014892735,0.9994988991899386,0.993906743185206,1.5048885635981026,-2.012023615288678,-2.4357119895296613,26.12265541421736,19.82323251852637,-7.012989791227609,-2.486562699249033
0.241875,0.9999201750046287,0.9995958182322485,0.9942549628887315,1.505000369796349,-2.011852101145122,-2.435461444754086,22.718653205194787,17.179382537509625,-7.079867016827309,-2.5535035000021686
0.2425,0.9999494784779599,0.999671079243488,0.9945414826265381,1.5050844447750071,-2.01172338797912,-2.435265683887664,19.512907131640933,14.706953120492095,-7.142084507823179,-2.615778514447793
0.243125,0.9999692935171214,0.9997289776807597,0.9947740206182617,1.5051459614141933,-2.0116292281580677,-2.4351150542059514,16.517202055367083,12.411415563979078,-7.1995750203663444,-2.6733208048687565
0.24375,0.9999822033847342,0.9997730681898948,0.9949596944184106,1.505189554950615,-2.0115623444527007,-2.4350010677672174,13.742635592713553,10.297868392113008,-7.252276437660259,-2.7260685375688563
0.244375,0.9999902532556653,0.9998062528302829,0.9951050639585097,1.5052192941333864,-2.0115164394391325,-2.4349163775161102,11.199557219230506,8.371021541872722,-7.300131832590079,-2.7739650451403572
0.245,0.9999950154317245,0.9998308714078661,0.9952161711987989,1.5052386678927672,-2.0114861838908595,-2.4348547323375875,8.897511390981451,6.635181743281245,-7.343089525116082,-2.816958883525767
0.245625,0.9999976573151004,0.9998487914084295,0.9952985747051127,1.5052505876815818,-2.011467184404406,-2.4348109119782926,6.845185017530316,5.094239142772689,-7.381103134374233,-2.855003883817267
0.24625,0.9999990099045418,0.9998614950160909,0.9953573776598978,1.5052574052758043,-2.011455930974874,-2.434780643050434,5.050359596178872,3.7516552137538843,-7.414131625432176,-2.8880591987424378
0.246875,0.9999996345966687,0.9998701607224654,0.9953972481516933,1.5052609454446033,-2.011449725673014,-2.4347604976577593,3.519868289659469,2.610451994138678,-7.442139350654306,-2.916089343790181
0.2475,0.9999998861462657,0.9998757371347633,0.9954224309433197,1.5052625525360774,-2.011446593961452,-2.4347477765394174,2.2595582004306456,1.6732026862575884,-7.465096085634807,-2.9390642329360097
0.248125,0.9999999697676429,0.9998790068059161,0.9954367502044278,1.5052631496862876,-2.0114451805348796,-2.4347403789747517,1.2742580641375385,0.9420236500468132,-7.482977059663128,-2.9569592089313326
0.24875,0.9999999905498707,0.9998806382212271,0.9954436028975074,1.505263309055084,-2.0114446318904164,-2.434736661974057,0.5677515528791937,0.4185678158376763,-7.495762980691555,-2.9697550681266542
0.249375,0.9999999936109283,0.9998812244395254,0.995445942696445,1.5052633312270993,-2.011444468130895,-2.4347352914656,0.14275634585056,0.10401953839196777,-7.503440054780188,-2.977438079804089
0.25,0.9999999937199016,0.9998813072614972,0.995446254560568,1.505263331693647,-2.011444446757947,-2.434735088288676,0.0009090909090874985,-0.0009090909090879829,-7.506,-2.98
