mean_phonon,n60_anharmonic,n60_total,n80_anharmonic,n80_total,parameter_match
0.1,0.00037847472354137174,0.012723518709375038,9.462099051305211e-05,0.005385576646019115,proxy_model
0.1020931412693436,0.00037902312084320776,0.012724067106676874,9.475812223352329e-05,0.005385713777739587,proxy_model
0.10423009494242151,0.00037958496579829353,0.01272462895163196,9.4898616895691e-05,0.005385854272401755,proxy_model
0.10641177807473735,0.00038016062315847593,0.012725204608992142,9.504256572645647e-05,0.00538599822123252,proxy_model
0.10863912691706201,0.00038075046883198,0.012725794454665646,9.519006274354342e-05,0.005386145718249607,proxy_model
0.1109130973172176,0.00038135489026582935,0.012726398876099495,9.534120485119016e-05,0.005386296860357254,proxy_model
0.11323466513027154,0.00038197428684256683,0.012727018272676234,9.549609193942139e-05,0.005386451747445484,proxy_model
0.11560482663731628,0.0003826090702918379,0.012727653056125504,9.565482698704115e-05,0.0053866104824931045,proxy_model
0.11802459897301507,0.00038325966511742744,0.012728303650951093,9.581751616849401e-05,0.0053867731716745575,proxy_model
0.12049502056209653,0.0003839265090403601,0.012728970494874026,9.598426896474848e-05,0.005386939924470812,proxy_model
0.12301715156498587,0.00038461005345870303,0.01272965403929237,9.615519827836166e-05,0.005387110853784425,proxy_model
0.12559207433276354,0.000385310763924734,0.0127303547497584,9.633042055289181e-05,0.005387286076058955,proxy_model
0.1282208938716473,0.00038602912064016434,0.01273107310647383,9.651005589683167e-05,0.005387465711402895,proxy_model
0.13090473831719604,0.0003867656189701373,0.012731809604803804,9.669422821224269e-05,0.005387649883718306,proxy_model
0.13364475941843953,0.00038752076997674786,0.012732564755810414,9.688306532827744e-05,0.005387838720834341,proxy_model
0.13644213303214184,0.0003882951009728647,0.01273333908680653,9.707669913978571e-05,0.005388032354645849,proxy_model
0.1392980596274103,0.0003890891560970633,0.01273413314193073,9.727526575120725e-05,0.005388230921257271,proxy_model
0.14221376480086648,0.00038990349691051565,0.012734947482744181,9.747890562596265e-05,0.005388434561132026,proxy_model
0.1451904998026007,0.0003907387030167138,0.01273578268885038,9.768776374156285e-05,0.0053886434192476265,proxy_model
0.14822954207313518,0.0003915953727049429,0.01273663935853861,9.790198975066607e-05,0.0053888576452567295,proxy_model
0.151332195791627,0.00039247412361845507,0.01273751810945212,9.812173814832146e-05,0.005389077393654385,proxy_model
0.15449979243554543,0.00039337559344833605,0.012738419579282002,9.834716844564744e-05,0.005389302823951711,proxy_model
0.15773369135206403,0.00039430044065409653,0.012739344426487763,9.857844535020384e-05,0.005389534100856267,proxy_model
0.16103528034141315,0.0003952493452120619,0.012740293331045729,9.881573895332704e-05,0.00538977139445939,proxy_model
0.16440597625244244,0.00039622300939268034,0.012741266995226347,9.905922492470895e-05,0.005390014880430773,proxy_model
0.16784722559064957,0.0003972221585679128,0.01274226614440158,9.930908471451133e-05,0.005390264740220575,proxy_model
0.17136050513893572,0.00039824754204991874,0.012743291527883584,9.956550576332038e-05,0.005390521161269384,proxy_model
0.17494732259135443,0.00039929993396229865,0.012744343919795965,9.982868172025747e-05,0.005390784337226321,proxy_model
0.1786092172001258,0.0004003801341452097,0.012745424119978876,0.00010009881266957641,0.00539105446817564,proxy_model
0.1823477604361932,0.00040148896909572205,0.012746532954929389,0.00010037610536609041,0.0053913317608721536,proxy_model
0.18616455666360693,0.0004026272929448421,0.01274767127877851,0.00010066077347978619,0.0053916164289858496,proxy_model
0.19006124382802345,0.000403795988472686,0.012748839974306352,0.00010095303784999777,0.005391908693356061,proxy_model
0.19403949415961558,0.00040499596816334887,0.012750039953997015,0.0001012531267495278,0.005392208782255591,proxy_model
0.1981010148906961,0.00040622817530107944,0.012751272161134745,0.00010156127615911993,0.005392516931665183,proxy_model
0.20224754898836175,0.0004074935851094344,0.012752537570943101,0.00010187773005270305,0.005392833385558767,proxy_model
0.20648087590247313,0.00040879320593515913,0.012753837191768825,0.00010220274069384523,0.005393158396199908,proxy_model
0.21080281232928993,0.0004101280804786093,0.012755172066312276,0.00010253656894387347,0.005393492224449937,proxy_model
0.21521521299109125,0.00041149928707260734,0.012756543272906274,0.00010287948458213413,0.005393835140088198,proxy_model
0.2197199714321135,0.00041290794101170227,0.012757951926845368,0.00010323176663888905,0.005394187422144953,proxy_model
0.22431902083114902,0.0004143551959338857,0.012759399181767552,0.00010359370374136214,0.005394549359247425,proxy_model
0.22901433483115327,0.00041584224525689946,0.012760886231090566,0.00010396559447347338,0.005394921249979537,proxy_model
0.23380792838621695,0.00041737032367136035,0.012762414309505027,0.00010434774774981871,0.005395303403255882,proxy_model
0.23870185862626617,0.00041894070869301836,0.012763984694526685,0.00010474048320447841,0.0053956961387105415,proxy_model
0.24369822573986283,0.00042055472227656127,0.012765598708110228,0.00010514413159525942,0.005396099787101323,proxy_model
0.24879917387548203,0.00042221373249347815,0.012767257718327145,0.00010555903522400372,0.005396514690730068,proxy_model
0.25400689206165566,0.00042391915527659825,0.012768963141110265,0.00010598554837361993,0.005396941203879684,proxy_model
0.25932361514637525,0.0004256724562340309,0.012770716442067698,0.00010642403776252334,0.0053973796932685865,proxy_model
0.26475162475615777,0.0004274751525353425,0.012772519138369008,0.00010687488301719763,0.005397830538523261,proxy_model
0.2702932502751867,0.0004293288148729279,0.012774372800706594,0.00010733847716362152,0.005398294132669685,proxy_model
0.2759508698449468,0.00043123506950165256,0.01277627905533532,0.00010781522713833446,0.005398770882644398,proxy_model
0.2817269113847841,0.0004331956003599712,0.012778239586193637,0.00010830555431994726,0.0053992612098260106,proxy_model
0.2876238536338261,0.0004352121512758605,0.012780256137109527,0.00010880989508193779,0.005399765550588001,proxy_model
0.2936442272147121,0.0004372865282610427,0.01278233051409471,0.00010932870136760636,0.0054002843568736695,proxy_model
0.29979061571958837,0.0004394206018971201,0.012784464587730787,0.00010986244128810199,0.0054008180967941655,proxy_model
0.30606565681883435,0.0004416163098173903,0.012786660295651057,0.0001104115997444684,0.0054013672552505314,proxy_model
0.31247204339299695,0.0004438756592882707,0.012788919645121938,0.000110976679074699,0.005401932334580762,proxy_model
0.31901252468841707,0.00044620072989441813,0.012791244715728085,0.00011155819972683006,0.0054025138552328935,proxy_model
0.32568990749704524,0.000448593676331806,0.012793637662165472,0.00011215670095914532,0.005403112356465209,proxy_model
0.33250705736095293,0.0004510567313131921,0.012796100717146859,0.00011277274156860917,0.005403728397074673,proxy_model
0.3394668998020551,0.0004535922085905964,0.012798636194424264,0.00011340690064869273,0.005404362556154756,proxy_model
0.3465724215775732,0.0004562025060995997,0.012801246491933265,0.0001140597783778054,0.005405015433883869,proxy_model
0.35382667196177686,0.0004588901092304725,0.012803934095064138,0.0001147319968395948,0.0054056876523456586,proxy_model
0.3612327640545538,0.00046165759423135214,0.012806701580065019,0.00011542420087643164,0.0054063798563824955,proxy_model
0.36879387611737036,0.0004645076317489001,0.012809551617582567,0.00011613705897744928,0.005407092714483513,proxy_model
0.37651325293719495,0.0004674429905121003,0.012812486976345766,0.00011687126420256697,0.0054078269197086306,proxy_model
0.38439420721897144,0.000470466541165089,0.012815510526998756,0.00011762753514398382,0.005408583190650048,proxy_model
0.39244012100723796,0.0004735812602551548,0.012818625246088821,0.00011840661692669302,0.005409362272432756,proxy_model
0.4006544471375024,0.00047679023438229997,0.012821834220215966,0.00011920928224963117,0.005410164937755695,proxy_model
0.4090407107179979,0.00048009666451701667,0.012825140650350684,0.00012003633246914384,0.005410991987975207,proxy_model
0.4176025106424527,0.00048350387049321227,0.012828547856326878,0.00012088859872651982,0.005411844254232584,proxy_model
0.42634352113452495,0.00048701529568349905,0.012832059281517165,0.00012176694312141887,0.005412722598627483,proxy_model
0.4352674933245644,0.0004906345118643662,0.012835678497698032,0.0001226722599330943,0.0054136279154391575,proxy_model
0.4443782568593782,0.000494365224279062,0.012839409210112729,0.00012360547689139128,0.005414561132397455,proxy_model
0.4536797215456916,0.0004982112769063353,0.012843255262740001,0.0001245675564995842,0.005415523212005648,proxy_model
0.46317587902800766,0.0005021766579435267,0.012847220643777192,0.00012555949741120253,0.005416515152917266,proxy_model
0.4728708045015879,0.0005062655055128467,0.012851309491346514,0.00012658233586308518,0.005417537991369148,proxy_model
0.4827686584612877,0.0005104821136000446,0.01285552609943371,0.00012763714716699555,0.005418592802673059,proxy_model
0.49287368848699736,0.0005148309382350538,0.01285987492406872,0.00012872504726222855,0.005419680702768292,proxy_model
0.5031902310664549,0.0005193166039245899,0.012864360589758256,0.00012984719433174093,0.005420802849837804,proxy_model
0.5137227134562122,0.0005239439103470953,0.012868987896180762,0.0001310047904844427,0.005421960445990506,proxy_model
0.524475655581556,0.0005287178393208495,0.012873761825154515,0.00013219908350639844,0.005423154739012462,proxy_model
0.5354536719761941,0.0005336435620565095,0.012878687547890176,0.00013343136868380006,0.005424387024189864,proxy_model
0.5466614737625435,0.0005387264467058095,0.012883770432539476,0.0001347029907006939,0.005425658646206757,proxy_model
0.5581038706734692,0.0005439720662186361,0.012889016052052303,0.00013601534561456997,0.005426971001120633,proxy_model
0.5697857731163396,0.0005493862065211882,0.012894430192354854,0.00013736988291304831,0.005428325538419112,proxy_model
0.5817121942802863,0.0005549748750284641,0.01290001886086213,0.00013876810765503625,0.0054297237631610994,proxy_model
0.5938882522875712,0.0005607443095048552,0.012905788295338522,0.000140211582699868,0.005431167238205931,proxy_model
0.6063191723899858,0.0005667009872871939,0.012911744973120861,0.00014170193102808722,0.005432657586534151,proxy_model
0.6190102892112231,0.000572851634885194,0.01291789562071886,0.00014324083815768436,0.0054341964936637475,proxy_model
0.6319670490361866,0.0005792032379748284,0.012924247223808494,0.0001448300546597605,0.005435785710165824,proxy_model
0.645195012148216,0.0005857630518008337,0.0129308070376345,0.00014647139877775524,0.005437427054283819,proxy_model
0.6586998552152367,0.0005925386120051884,0.012937582597838854,0.0001481667591545491,0.0054391224146606125,proxy_model
0.6724873737258533,0.0005995377458990995,0.012944581731732767,0.0001499180976719304,0.005440873753177994,proxy_model
0.6865634844764343,0.0006067685841967543,0.01295181257003042,0.0001517274524071045,0.005442683107913168,proxy_model
0.700934228110254,0.0006142395732298335,0.0129592835590635,0.00015359694071111777,0.005444552596217182,proxy_model
0.7156057717097847,0.0006219594876625601,0.012967003473496226,0.00015552876241427352,0.005446484417920337,proxy_model
0.7305844114432472,0.0006299374437278597,0.012974981429561525,0.00015752520316382744,0.005448480858669891,proxy_model
0.7458765752665568,0.0006381829130060496,0.012983226898839717,0.0001595886378994705,0.005450544293405534,proxy_model
0.7614888256818277,0.000646705736768341,0.012991749722602008,0.00016172153447233963,0.005452677189978403,proxy_model
0.7774278625536141,0.0006555161409083427,0.013000560126742009,0.00016392645741353213,0.005454882112919596,proxy_model
0.7937005259840998,0.0006646247514856944,0.01300966873731936,0.0001662060718583516,0.005457161727364415,proxy_model
0.8103137992484701,0.0006740426109069369,0.013019086596740604,0.0001685631476327721,0.005459518803138836,proxy_model
0.8272748117917259,0.0006837811947697347,0.013028825180603401,0.0001710005635088767,0.00546195621901494,proxy_model
0.8445908422882231,0.0006938524293976258,0.013038896415231292,0.00017352131163630958,0.005464476967142373,proxy_model
0.8622693217652548,0.0007042687100935637,0.01304931269592723,0.00017612850215707203,0.005467084157663136,proxy_model
0.8803178367920126,0.0007150429201416546,0.013060086905975321,0.00017882536801129998,0.005469781023517363,proxy_model
0.8987441327352991,0.0007261884505876735,0.01307123243642134,0.00018161526994197675,0.005472570925448041,proxy_model
0.9175561170833858,0.0007377192208301635,0.01308276320666383,0.00018450170170686693,0.005475457357212931,proxy_model
0.9367618628394451,0.0007496497000551981,0.013094693685888864,0.00018748829550630072,0.005478443951012364,proxy_model
0.9563696119860093,0.0007619949295492062,0.013107038915382873,0.000190578827635798,0.005481534483141861,proxy_model
0.9763877790219497,0.0007747705459256215,0.013119814531759288,0.00019377722437289392,0.005484732879878957,proxy_model
0.9968249545734855,0.0007879928053025468,0.013133036791136213,0.00019708756810791702,0.00548804322361398,proxy_model
1.017689909080779,0.000801678608470091,0.013146722594303757,0.00020051410372887586,0.005491469759234939,proxy_model
1.0389915965616943,0.0008158455270875634,0.01316088951292123,0.00020406124527103098,0.0054950169007770945,proxy_model
1.0607391584543389,0.0008305118309522997,0.013175555816785966,0.00020773358284216866,0.005498689238348232,proxy_model
1.0829419275400347,0.0008456965163835279,0.013190740502217194,0.00021153588983504842,0.005502491545341112,proxy_model
1.1056094319484002,0.0008614193357663815,0.013206463321600049,0.00021547313043897146,0.005506428785945035,proxy_model
1.128751399246268,0.0008777008283029455,0.013222744814136612,0.00021955046746291375,0.005510506122968977,proxy_model
1.152377760612185,0.0008945623520190177,0.013239606337852684,0.00022377327048317847,0.005514728925989242,proxy_model
1.1764986550982963,0.0009120261170771863,0.013257070102910853,0.00022814712432906353,0.005519102779835127,proxy_model
1.201124433981431,0.0009301152204487582,0.013275159206282425,0.0002326778379205914,0.005523633493426655,proxy_model
1.2262656652052661,0.0009488536819991049,0.01329389766783277,0.00023737145347293238,0.0055283271089789955,proxy_model
1.2519331379154686,0.0009682664820430897,0.013313310467876757,0.0002422342560827567,0.00553318991158882,proxy_model
1.2781378670897654,0.0009883796004293915,0.013333423586263058,0.0002472727837123731,0.005538228439218437,proxy_model
1.3048910982649293,0.0010092200572147955,0.013354264043048462,0.0002524938375881732,0.005543449493094236,proxy_model
1.3322043123627043,0.0010308159549918114,0.013375859940825477,0.00025790449303057247,0.005548860148536636,proxy_model
1.3600892306167431,0.0010531965229353833,0.01339824050876905,0.0002635121107333492,0.005554467766239413,proxy_model
1.38855781960268,0.0010763921626369178,0.013421436148470585,0.00026932434851101967,0.0055602800040170835,proxy_model
1.4176222963734812,0.0011004344957963874,0.013445478481630054,0.0002753491735336478,0.005566304829039711,proxy_model
1.447295133702291,0.0011253564138459027,0.01347040039967957,0.00028159487506928486,0.005572550530575348,proxy_model
1.4775890654350154,0.001151192129580845,0.013496236115414511,0.0002880700777550627,0.005579025733261126,proxy_model
1.508517091954944,0.0011779772308774354,0.013523021216711102,0.0002947837554188206,0.005585739410924884,proxy_model
1.5400924857617557,0.001205748736578485,0.013550792722412152,0.0003017452454740412,0.005592700900980105,proxy_model
1.5723287971672948,0.001234545154632018,0.013579589140465684,0.0003089642639117982,0.005599919919417861,proxy_model
1.605239860110577,0.0012644065425705085,0.013609450528404175,0.0003164509209143864,0.00560740657642045,proxy_model
1.638839798094505,0.0012953745704215645,0.01364041855625523,0.0003242157371163028,0.0056151713926223664,proxy_model
1.6731430302468484,0.0013274925861441154,0.013672536571977782,0.0003322696605392948,0.005623225316045358,proxy_model
1.7081642775080914,0.0013608056836874386,0.013705849669521104,0.0003406240842292717,0.005631579739735335,proxy_model
1.7439185689487982,0.0013953607737737209,0.013740404759607387,0.00034929086462400064,0.005640246520130064,proxy_model
1.7804212482192117,0.0014312066575083065,0.013776250643341974,0.00035828234068167707,0.0056492379961877405,proxy_model
1.8176879801338515,0.0014683941029253087,0.013813438088758975,0.00036761135380167356,0.005658567009307737,proxy_model
1.8557347573939311,0.0015069759245798602,0.013852019910413526,0.0003772912685700271,0.005668246924076091,proxy_model
1.894577907450497,0.0015470070663019773,0.013892051052135644,0.000387335994363542,0.005678291649869605,proxy_model
1.9342340995112095,0.0015885446872307347,0.013933588673064401,0.0003977600078477278,0.005688715663353792,proxy_model
1.9747203516937952,0.001631648251251301,0.013976692237084967,0.0004085783764052182,0.005699534031911282,proxy_model
2.016054038329225,0.0016763796199612412,0.014021423605794907,0.00041980678253276406,0.005710762438038828,proxy_model
2.0582528974177623,0.001722803149296452,0.014067847135130119,0.00043146154924641924,0.005722417204752483,proxy_model
2.101335038241075,0.0017709857899510875,0.014116029775784755,0.0004435596665361074,0.005734515322042171,proxy_model
2.145318949133676,0.0018209971917298566,0.014166041177563524,0.0004561188189123858,0.005747074474418449,proxy_model
2.1902235054170416,0.0018729098119751833,0.01421795379780885,0.00046915741408992304,0.005760113069595987,proxy_model
2.2360679774997894,0.0019267990282157866,0.014271843014049454,0.00048269461285394607,0.0057736502683600095,proxy_model
2.2828720391474144,0.001982743255187388,0.014327787241021055,0.0004967503601577395,0.005787706015663803,proxy_model
2.3306557759251145,0.0020408240663803696,0.014385868052214036,0.0005113454175011536,0.005802301073007217,proxy_model
2.3794396938173437,0.002101126320273337,0.014446170306107004,0.0005265013966420324,0.005817457052148096,proxy_model
2.4292447280277774,0.0021637382914156166,0.014508782277249284,0.0005422407946944795,0.005833196450200543,proxy_model
2.4800922519634816,0.002228751806525814,0.01457379579235948,0.0005585870306699793,0.005849542686176042,proxy_model
2.5320040864071225,0.0022962623857775127,0.014641306371611179,0.0005755644835195374,0.005866520139025601,proxy_model
2.585002508881176,0.0023663693894471777,0.014711413375280844,0.0005931985317372519,0.005884154187243315,proxy_model
2.6391102632081354,0.00243917617010309,0.014784220155936757,0.0006115155945880195,0.005902471250094083,proxy_model
2.6943505692708274,0.00251479023051788,0.014859834216351547,0.0006305431750244828,0.005921498830530546,proxy_model
2.7507471329770294,0.002593323387490752,0.014938367373324418,0.0006503099043607764,0.00594126555986684,proxy_model
2.8083241564326573,0.00267489194176886,0.015019935927602526,0.000670845588773189,0.005961801244279252,proxy_model
2.8671063483278965,0.002759616854260437,0.015104660840094104,0.00069218125770047,0.005983136913206533,proxy_model
2.927118934540718,0.0028476239287351405,0.015192667914568806,0.0007143492142192295,0.006005304869725293,proxy_model
2.98838766896236,0.0029390440012097307,0.015284087987043397,0.000737383087472679,0.006028338742978742,proxy_model
3.0509388445493864,0.0030340131362193755,0.015379057122053043,0.0007613178872338232,0.006052273542739886,proxy_model
3.1147993046070845,0.0031326728301767663,0.015477716816010432,0.0007861900606871922,0.006077145716193256,proxy_model
3.179996454309043,0.0032351702220226814,0.015580214207856349,0.000812037551516255,0.006102993207022319,proxy_model
3.2465582724578486,0.003341658311372494,0.01568670229720616,0.0008388998613867886,0.006129855516892852,proxy_model
3.3145133234919526,0.003452296184363508,0.015797340170197176,0.0008668181139197054,0.006157773769425769,proxy_model
3.3838907697438563,0.003567249247407736,0.015912293233241403,0.0008958351212501595,0.006186790776756223,proxy_model
3.4547203839548737,0.0036866894690537077,0.016031733454887374,0.000925995453273146,0.00621695110877921,proxy_model
3.527032562051859,0.0038107956301591944,0.01615583961599286,0.0009573455096793075,0.006248301165185371,proxy_model
3.600858336191353,0.00393975358257398,0.016284797568407648,0.0009899335948882126,0.006280889250394276,proxy_model
3.6762293880767736,0.00407375651652833,0.016418800502361997,0.0010238099959900546,0.006314765651496118,proxy_model
3.7531780625543463,0.004213005236917937,0.016558049222751604,0.001059027063810423,0.006349982719316486,proxy_model
3.831737381493622,0.0043577084486704516,0.016702752434504118,0.0010956392972166545,0.006386594952722718,proxy_model
3.9119410579585328,0.004508083051371307,0.016853127037204974,0.001133703430788119,0.006424659086294183,proxy_model
3.993823510675059,0.004664354443318105,0.01700939842915177,0.001173278525976798,0.006464234181482861,proxy_model
4.077419878801746,0.004826756835162551,0.017171800820996216,0.0012144260658885223,0.006505381721394586,proxy_model
4.162766037009366,0.004995533573286987,0.017340577559120655,0.001257210053819326,0.00654816570932539,proxy_model
4.249898610876228,0.005170937473048896,0.017515981458882564,0.0013016971156855342,0.006592652771191598,proxy_model
4.3388549926057385,0.005353231162010754,0.01769827514784442,0.0013479566064903954,0.006638912261996459,proxy_model
4.429673357072944,0.005542687433254678,0.017887731419088344,0.0013960607209742972,0.00668701637648036,proxy_model
4.5223926782069555,0.005739589608860663,0.01808463359469433,0.0014460846085998789,0.0067370402641059425,proxy_model
4.617052745716281,0.005944231913604158,0.018289275899437824,0.0014981064930276453,0.006789062148533709,proxy_model
4.713694182164231,0.006156919858902643,0.01850196384473631,0.001552207796241964,0.006843163451748027,proxy_model
4.812358460401758,0.006377970637011845,0.01872301462284551,0.0016084732674916465,0.00689942892299771,proxy_model
4.913087921365175,0.0066077135254396305,0.018952757511273295,0.0016669911172135492,0.006957946772719613,proxy_model
5.015925792246406,0.006846490301509682,0.019191534287343347,0.0017278531561118796,0.007018808811617943,proxy_model
5.1209162050435655,0.007094655666966992,0.01943969965280066,0.0017911549395700625,0.007082110595076126,proxy_model
5.228104215499836,0.0073525776824731074,0.019697621668306773,0.00185699591757611,0.007147951573082173,proxy_model
5.337535822438758,0.0076206382117903725,0.01996568219762404,0.0019254795903464355,0.007216435245852499,proxy_model
5.449257987504223,0.007899233375400851,0.02024427736123452,0.0019967136698368954,0.007287669325342959,proxy_model
5.563318655313676,0.008188774013247154,0.02053381799908082,0.002070810247333595,0.007361765902839658,proxy_model
5.679766774033138,0.008489686156217912,0.020834730142051578,0.0021478859673194394,0.007438841622825503,proxy_model
5.798652316382891,0.00880241150593078,0.021147455491764444,0.0022280622078157714,0.007519017863321835,proxy_model
5.920026301082849,0.00912740792228937,0.02147245190812304,0.002311465267401419,0.0076024209229074826,proxy_model
6.04394081474681,0.009465149918207438,0.021810193904041104,0.0023982265591142244,0.007689182214620288,proxy_model
6.170449034234977,0.009816129160803547,0.022161173146637216,0.0024884828114424854,0.007779438466948549,proxy_model
6.299605249474366,0.01018085497827169,0.022525898964105357,0.0025823762766157207,0.007873331932121783,proxy_model
6.43146488675685,0.01055985487152775,0.022904898857361418,0.002680054946405653,0.007971010601911716,proxy_model
6.566084532524901,0.010953675029617777,0.02329871901545144,0.0027816727756493674,0.008072628431155431,proxy_model
6.703521957655166,0.011362880847751073,0.02370792483358474,0.002887389913706903,0.008178345569212967,proxy_model
6.843836142250356,0.011788057446689168,0.024133101432522834,0.002997372944065402,0.008288328599571466,proxy_model
6.987087300950051,0.01222981019208003,0.024574854177913698,0.003111795132300881,0.008402750787806945,proxy_model
7.1333369087713026,0.012688765212174971,0.025033809198008638,0.0032308366826069223,0.008521792338112986,proxy_model
7.282647727490113,0.013165569912203454,0.02551061389803712,0.003354685003096886,0.00864564065860295,proxy_model
7.435083832575127,0.013660893483507805,0.026005937469341472,0.00348353498008249,0.008774490635588553,proxy_model
7.59071064068505,0.01417542740535529,0.026520471391188957,0.0036175892615267816,0.008908544917032845,proxy_model
7.749594937741685,0.014709885937149463,0.02705492992298313,0.0037570585498635247,0.009048014205369588,proxy_model
7.911804907590518,0.015265006598554209,0.027610050584387875,0.0039021619043674437,0.009193117559873508,proxy_model
8.077410161261248,0.015841550634824914,0.028186594620658582,0.0040531270532510304,0.009344082708757095,proxy_model
8.24648176684076,0.01644030346440862,0.028785347450242284,0.004210190715652919,0.009501146371158982,proxy_model
8.4190922799714,0.01706207510563125,0.029407119091464914,0.004373598933670571,0.009664554589176633,proxy_model
8.595315774987606,0.017707700579033574,0.030052744564867243,0.004543607414575667,0.00983456307008173,proxy_model
8.775227876704273,0.018378040281648893,0.03072308426748256,0.0047204818833341,0.010011437538840163,proxy_model
8.958905792870514,0.01907398032923619,0.031419024315069856,0.004904498445533841,0.010195454101039905,proxy_model
9.1464283473027,0.019796432862190006,0.032141476848023674,0.005095943960802404,0.010386899616308468,proxy_model
9.337876013711035,0.02054633631054717,0.032891380296380834,0.005295116426771741,0.010586072082277805,proxy_model
9.533330950234157,0.02132465561319801,0.033669699599031676,0.005502325373621239,0.010793281029127303,proxy_model
9.732877034696616,0.022132382386089014,0.03447742637192268,0.005717892269199248,0.011008847924705311,proxy_model
9.936599900604316,0.022970535033875236,0.0353155790197089,0.0059421509346896835,0.011233106590195746,proxy_model
10.144586973893425,0.02384015879914644,0.03618520278498011,0.006175447970752787,0.01146640362625885,proxy_model
10.356927510448443,0.024742325743011502,0.03708736972884517,0.00641814319402735,0.011709098849533413,proxy_model
10.57371263440564,0.025678134650485254,0.03802317863631892,0.006670610083835839,0.011961565739341902,proxy_model
10.795035377258182,0.026648710853780268,0.03899375483961393,0.006933236238882932,0.012224191894388996,proxy_model
11.020990717779815,0.02765520596626919,0.040000249952102856,0.007206423843682337,0.0124973794991884,proxy_model
11.251675622784193,0.02869879751955183,0.041043841505385495,0.007490590144385541,0.012781545799891604,proxy_model
11.487189088737361,0.02978068849574024,0.042125732481573905,0.007786167933619108,0.013077123589125172,proxy_model
11.727632184241259,0.030902106746768427,0.043247150732602095,0.00809360604386402,0.013384561699370082,proxy_model
11.973108093406434,0.032064304292246125,0.04440934827807979,0.00841336984883086,0.013704325504336923,proxy_model
12.223722160132642,0.03326855648711243,0.045613600472946096,0.00874594177219786,0.014036897427703924,proxy_model
12.479581933316277,0.03451616105011238,0.04686120503594605,0.00909182180298473,0.014382777458490793,proxy_model
12.74079721300408,0.03580843694392209,0.04815348092975576,0.009451528016733155,0.01474248367223922,proxy_model
13.007480097512849,0.03714672309759463,0.0494917670834283,0.009825597101554435,0.0151165527570605,proxy_model
13.279745031535546,0.038532376961896375,0.05087742094773004,0.010214584887986038,0.0155055405434921,proxy_model
13.557708855254223,0.0399667728880569,0.05231181687389057,0.010619066881469845,0.015910022536975908,proxy_model
13.841490854481,0.041451300320480215,0.05379634430631388,0.01103963879612761,0.016330594451633672,proxy_model
14.131212811848561,0.04298736179406196,0.05533240577989562,0.011476917088360608,0.016767872743866673,proxy_model
14.426999059072134,0.044576370726941636,0.0569214147127753,0.011931539488642015,0.01722249514414808,proxy_model
14.728976530305385,0.0462197489997982,0.058564792985631865,0.012404165529700787,0.01769512118520685,proxy_model
15.03727481661314,0.0479189243131818,0.060263968299015466,0.012895477069115058,0.018186432724621122,proxy_model
15.352026221584282,0.04967532731487495,0.062020371300708615,0.013406178804140044,0.018697134459646107,proxy_model
15.673365818108714,0.051490388489904046,0.06383543247573771,0.013936998776391062,0.019227954431897124,proxy_model
16.00143150634274,0.053365534806584645,0.06571057879241832,0.014488688863784845,0.019779644519290908,proxy_model
16.33636407288775,0.05530218611289571,0.06764723009872937,0.015062025256913027,0.02035298091241909,proxy_model
16.678307251207585,0.05730175127854476,0.06964679526437843,0.015657808916779196,0.02094876457228526,proxy_model
17.027407783310537,0.059365624079319446,0.07171066806515311,0.01627686601057615,0.02156782166608221,proxy_model
17.38381548272245,0.06149517882172851,0.07384022280756218,0.016920048321912243,0.022211003977418306,proxy_model
17.747683298777854,0.06369176570752363,0.0760368096933573,0.017588233631615668,0.02287918928712173,proxy_model
18.119167382256975,0.0659567059394706,0.07830174992530427,0.018282326064953745,0.023573281720459808,proxy_model
18.49842715239644,0.06829128657170183,0.0806363305575355,0.019003256400799577,0.02429421205630564,proxy_model
18.88562536530271,0.07069675511014453,0.0830417990959782,0.019751982337964633,0.025042937993470696,proxy_model
19.28092818379749,0.07317431387086702,0.08551935785670069,0.02052948871359017,0.025820444369096234,proxy_model
19.684505248725053,0.07572511410672494,0.08807015809255861,0.021336787668156762,0.026627743323662825,proxy_model
20.096529751752225,0.07835024991540948,0.09069529390124315,0.02217491875132965,0.027465874406835712,proxy_model
20.517178509692066,0.08105075194488863,0.0933957959307223,0.023044948962509717,0.02833590461801578,proxy_model
20.946632040383324,0.08382758091528184,0.0961726249011155,0.023947972719608593,0.029238928375114655,proxy_model
21.385074640158138,0.08668162097939022,0.09902666496522389,0.024885111749212773,0.030176067404718836,proxy_model
21.832694462931222,0.08961367294740538,0.10195871693323905,0.025857514890949104,0.031148470546455167,proxy_model
22.289683600944528,0.0926244474047048,0.10496949139053846,0.02686635780851559,0.032157313464021654,proxy_model
22.75623816720201,0.09571455775508111,0.10805960174091478,0.02791284259950065,0.03320379825500672,proxy_model
23.232558379629836,0.09888451322520728,0.11122955721104094,0.028998197295784074,0.03428915295129014,proxy_model
23.718848646998236,0.10213471186956857,0.11447975585540224,0.030123675246000136,0.0354146309015062,proxy_model
24.2153176566417,0.10546543361844457,0.11781047760427824,0.03129055437125012,0.036581510026756185,proxy_model
24.722178464015517,0.10887683341475325,0.12122187740058692,0.032500136284986846,0.03779109194049291,proxy_model
25.239648584126602,0.11236893448860971,0.12471397847444338,0.03375374526775901,0.03904470092326508,proxy_model
25.767950084878255,0.11594162182125659,0.12828666580709025,0.03505272708731107,0.04034368274281713,proxy_model
26.3073096823687,0.11959463585251637,0.13193967983835003,0.03639844765438596,0.04168940330989203,proxy_model
26.857958838184384,0.1233275664880434,0.13567261047387708,0.03779229150448655,0.043083247159992615,proxy_model
27.420133858729738,0.12713984746434284,0.1394848914501765,0.03923566009582109,0.04452661575132716,proxy_model
27.994075996636067,0.13103075113071658,0.14337579511655024,0.04072996991370146,0.046020925569207526,proxy_model
28.580031554293065,0.1349993837079226,0.14734442769375627,0.04227665037178582,0.04756760602729189,proxy_model
29.178251989547398,0.13904468108334198,0.15138972506917564,0.04387714150077394,0.049168097156280004,proxy_model
29.788994023613682,0.14316540520177348,0.15551044918760715,0.04553289141547939,0.05082384707098546,proxy_model
30.41251975124424,0.14736014110958162,0.1597051850954153,0.04724535355163353,0.05253630920713959,proxy_model
31.049096753204807,0.1516272947077579,0.16397233869359157,0.0490159836643286,0.054306939319834664,proxy_model
31.69899821110456,0.15596509126649835,0.16831013525233202,0.05084623658069485,0.056137192236200915,proxy_model
32.36250302462971,0.16037157475012764,0.1727166187359613,0.05273756270023874,0.0580285183557448,proxy_model
33.03989593123081,0.16484460799660527,0.17718965198243894,0.0546914042372566,0.05998235989276267,proxy_model
33.73146762831558,0.16938187379045166,0.18172691777628533,0.05670919120089362,0.062000146856399686,proxy_model
34.43751489799912,0.17398087686173416,0.18632592084756783,0.05879233710974281,0.06408329276524888,proxy_model
35.1583407344655,0.1786389468368238,0.19098399082265746,0.06094223443939307,0.06623319009489913,proxy_model
35.89425447399503,0.1833532421590041,0.19569828614483775,0.06316024980303551,0.06845120545854158,proxy_model
36.64557192771343,0.18812075498877207,0.20046579897460573,0.06544771886713371,0.07073867452263978,proxy_model
37.4126155171194,0.19293831708490244,0.2052833610707361,0.06780594100625958,0.07309689666176565,proxy_model
38.19571441244907,0.1978026066581538,0.21014765064398747,0.0702361737034909,0.07552712935899697,proxy_model
38.99520467393666,0.20271015618000104,0.2150552001658347,0.07273962670525999,0.07803058236076606,proxy_model
39.81142939603183,0.20765736111910701,0.22000240510494068,0.07531745594222854,0.0806084115977346,proxy_model
40.64473885463577,0.21264048956854478,0.22498553355437845,0.07797075723063432,0.08326171288614038,proxy_model
41.49549065741908,0.2176556927171912,0.23000073670302487,0.08070055977159843,0.0859915154271045,proxy_model
42.36404989728614,0.22269901610938872,0.23504406009522238,0.08350781946908097,0.08879877512458703,proxy_model
43.25078930905155,0.22776641162806496,0.24011145561389863,0.08639341209050631,0.09168436774601238,proxy_model
44.156089429396204,0.23285375012816042,0.2451987941139941,0.08935812629752275,0.09464908195302882,proxy_model
45.08033876017116,0.2379568346395862,0.25030187862541986,0.09240265657788177,0.09769361223338784,proxy_model
46.0239339351202,0.2430714140521547,0.2554164580379884,0.09552759611298745,0.10081855176849351,proxy_model
46.987279890091635,0.24819319718910726,0.26053824117494095,0.0987334296192268,0.10402438527473287,proxy_model
47.97079003681313,0.2533178671711284,0.2656629111569621,0.10202052620471527,0.10731148186022134,proxy_model
48.974886440303834,0.25844109596915743,0.2707861399549911,0.10538913228651024,0.11068008794201631,proxy_model
49.99999999999999,0.2635585590419579,0.2759036030277916,0.10883936461661622,0.11413032027212229,proxy_model
