launch,time_ns,ideal_vs_coupling_error,ideal_vs_coupling_error_decoherence_disorder
Central,0.0,1.0000000000000004,1.0000000000000002
Central,0.5,0.9999994854804074,0.9999877155854491
Central,1.0,0.9999979455985536,0.9999749465822473
Central,1.5,0.9999953913433122,0.999961650458288
Central,2.0,0.99999184089036,0.9999477761753708
Central,2.5,0.9999873193954727,0.999933265228214
Central,3.0,0.9999818587090489,0.9999180528921869
Central,3.5,0.9999754970156729,0.9999020696475153
Central,4.0,0.9999682784035394,0.9998852427424122
Central,4.5,0.999960252369451,0.9998674978529702
Central,5.0,0.9999514732659144,0.9998487607937455
Central,5.5,0.9999419996975855,0.9998289592297739
Central,6.0,0.9999318938748829,0.9998080243380685
Central,6.5,0.9999212209330858,0.9997858923642946
Central,7.0,0.9999100482255504,0.9997625060176707
Central,7.5,0.9998984445999048,0.9997378156434057
Central,8.0,0.9998864796661473,0.9997117801055316
Central,8.5,0.9998742230655193,0.9996843673009979
Central,9.0,0.9998617437488428,0.9996555542031373
Central,9.5,0.9998491092726981,0.9996253262889476
Central,10.0,0.9998363851214062,0.9995936761196286
Central,10.5,0.9998236340622537,0.999560600673804
Central,11.0,0.9998109155407828,0.9995260966790502
Central,11.5,0.9997982851222781,0.9994901524093304
Central,12.0,0.9997857939848263,0.9994527325772503
Central,12.5,0.9997734884685234,0.9994137481828365
Central,13.0,0.9997614096845513,0.9993729892394495
Central,13.5,0.9997495931870111,0.999329950415555
Central,14.0,0.9997380687095176,0.999283273258193
Central,14.5,0.9997268599677278,0.999228262875588
Central,15.0,0.9997159845281426,0.9991359216341753
Central,15.5,0.9997054537427366,0.9992553845703726
Central,16.0,0.9996952727482394,0.9991759803190512
Central,16.5,0.9996854405281937,0.9991162901069831
Central,17.0,0.9996759500353274,0.999064517341741
Central,17.5,0.9996667883712026,0.9990151452821451
Central,18.0,0.999657937019664,0.9989665106319697
Central,18.5,0.9996493721301943,0.9989179226499064
Central,19.0,0.9996410648469861,0.9988690012590336
Central,19.5,0.999632981679293,0.9988194694245818
Central,20.0,0.999625084908454,0.9987690668735419
Central,20.5,0.999617333026892,0.9987174985635925
Central,21.0,0.9996096812043413,0.9986643841600661
Central,21.5,0.9996020817765763,0.9986091804369229
Central,22.0,0.9995944847519789,0.9985510235541261
Central,22.5,0.9995868383313665,0.9984883377518872
Central,23.0,0.9995790894366429,0.9984176180228526
Central,23.5,0.9995711842439716,0.9983280180499509
Central,24.0,0.9995630687173327,0.9981550775583855
Central,24.5,0.9998255336936538,0.9985846437879267
Central,25.0,0.999545992629465,0.9985379058651163
Central,25.5,0.9995369276641114,0.9983243579945184
Central,26.0,0.9995274445647978,0.9982068713013539
Central,26.5,0.9995174959812464,0.9981130717352971
Central,27.0,0.9995070373479268,0.9980258802972947
Central,27.5,0.9994960273168805,0.997939704779857
Central,28.0,0.9994844281627896,0.9978520543493505
Central,28.5,0.9994722061571919,0.9977615005471263
Central,29.0,0.99945933190878,0.9976670062862902
Central,29.5,0.9994457806667684,0.9975676254521234
Central,30.0,0.9994315325843648,0.9974622921300439
Central,30.5,0.9994165729394386,0.9973495628007311
Central,31.0,0.99940089230956,0.9972271353706441
Central,31.5,0.9993844866986954,0.9970906045978398
Central,32.0,0.9993673576129906,0.9969273850199136
Central,32.5,0.9993575265500425,0.9969828213516628
Central,33.0,0.9996299657741741,0.9976388109516584
Central,33.5,0.999311727183765,0.9972410697894957
Central,34.0,0.9992918289151885,0.9968501160078106
Central,34.5,0.9992712960476982,0.996561167559987
Central,35.0,0.9992501615782325,0.9961946242943096
Central,35.5,0.9992284629506475,0.9965174626257747
Central,36.0,0.9992062416677008,0.9963029134730234
Central,36.5,0.9991835428452267,0.9960980413248263
Central,37.0,0.9991604147107658,0.9959089645064026
Central,37.5,0.9991369080497519,0.9957249261877072
Central,38.0,0.9991130756032333,0.9955407779391189
Central,38.5,0.9990889714219863,0.9953535646347921
Central,39.0,0.9990646501828039,0.9951608642230148
Central,39.5,0.9990401664736244,0.9949596163071641
Central,40.0,0.9990155740550416,0.9947440497743698
Central,40.5,0.9989909251065641,0.9944984785462676
Central,41.0,0.9989662694667463,0.9941561003707896
Central,41.5,0.9989416538769857,0.9943841738717076
Central,42.0,0.9989171212393444,0.9941555387588492
Central,42.5,0.9988927098991879,0.9939133098378905
Central,43.0,0.9988684529637362,0.9936588218517759
Central,43.5,0.9988443776677327,0.9934015325828531
Central,44.0,0.998820504797413,0.9931333221134494
Central,44.5,0.998839427973332,0.9937428918413124
Central,45.0,0.9989902020882986,0.9961376593939403
Central,45.5,0.9987502018007444,0.9973436789459107
Central,46.0,0.9990041318522598,0.9950925022708197
Central,46.5,0.9987043961447964,0.9936117351792281
Central,47.0,0.998681760214042,0.9927608668471752
Central,47.5,0.9986592603006978,0.9922622680791191
Central,48.0,0.9986368551816756,0.991881780246181
Central,48.5,0.9986144961965167,0.991547781965204
Central,49.0,0.9985921277205541,0.9912343734196569
Central,49.5,0.9985696877615389,0.9909301403202744
Central,50.0,0.9985471086760676,0.9906291963597706
Central,50.5,0.9985243180000982,0.990328044027369
Central,51.0,0.998501239385805,0.9900242451568517
Central,51.5,0.9984777936350185,0.9897157069370712
Central,52.0,0.9984538998175705,0.9894001081384293
Central,52.5,0.9984294764610322,0.989074103267581
Central,53.0,0.9984044427966877,0.9887316019729103
Central,53.5,0.9983787200450663,0.9883587447949644
Central,54.0,0.9983522327231235,0.9879144731864159
Central,54.5,0.9987030344866229,0.9881474553042684
Central,55.0,0.9982966867604673,0.9879343999857751
Central,55.5,0.9982675053195774,0.9874345949371498
Central,56.0,0.9983047950563857,0.9870359799794064
Central,56.5,0.9983727258544416,0.9884505412038832
Central,57.0,0.9981737652169271,0.9893356801598793
Central,57.5,0.9981910144652556,0.987714847840147
Central,58.0,0.9981058452674312,0.9868796486872703
Central,58.5,0.9980702403931012,0.9862239161630866
Central,59.0,0.998033561400778,0.9857378867290489
Central,59.5,0.9979958420371006,0.9853347782388315
Central,60.0,0.9979571297226701,0.9849814915383515
Central,60.5,0.9979174854695947,0.9846733684178258
Central,61.0,0.9978769836053065,0.9844281632384486
Central,61.5,0.9978357113019135,0.9843019043993335
Central,62.0,0.9977937679134075,0.9844335705557906
Central,62.5,0.9979132844747398,0.9849782043734642
Central,63.0,0.9977083209316119,0.9863464646489322
Central,63.5,0.9976650684318539,0.9892767131707626
Central,64.0,0.9976216444942801,0.9889832521468526
Central,64.5,0.9977872780962354,0.9861862643898521
Central,65.0,0.9982750509998022,0.9849029241904519
Central,65.5,0.9975615287543981,0.983459058227567
Central,66.0,0.997449177567427,0.9823808391333476
Central,66.5,0.99740712683009,0.9811755004527755
Central,67.0,0.997365805303235,0.9806101837996237
Central,67.5,0.9973375764056093,0.9805441030878307
Central,68.0,0.9972859279884251,0.9810995758691733
Central,68.5,0.9979623784625551,0.9813780255990417
Central,69.0,0.9981688511695467,0.9811389361839551
Central,69.5,0.997879867746621,0.9805362901536686
Central,70.0,0.9972137010587834,0.9798125592010961
Central,70.5,0.9971082856056569,0.9791477854077404
Central,71.0,0.997077356630534,0.9786057359030469
Central,71.5,0.9970481302572063,0.9781881030468385
Central,72.0,0.997020649153015,0.977912294862899
Central,72.5,0.9969949401617103,0.9778842505958675
Central,73.0,0.9969710142190639,0.978490239838442
Central,73.5,0.9971512717841955,0.980380400206347
Central,74.0,0.996928476861356,0.9873440752249283
Central,74.5,0.9969098103812905,0.9909539609906425
Central,75.0,0.9968928183105981,0.9885795889027302
Central,75.5,0.997144564227123,0.9819582275048172
Central,76.0,0.9970537723016833,0.9789236908742736
Central,76.5,0.996851216906707,0.9764937219489527
Central,77.0,0.9968401991791074,0.975146614650899
Central,77.5,0.9968304481594688,0.9743320894274768
Central,78.0,0.9968218606176473,0.9737422145770236
Central,78.5,0.9968143303371717,0.9732553139955947
Central,79.0,0.9968077500626737,0.9728107607397927
Central,79.5,0.9968020134543419,0.9723586954706245
Central,80.0,0.9967970170163234,0.9723511928053095
Central,80.5,0.9967926619661301,0.9728824101462881
Central,81.0,0.9967888560128283,0.9728929293423839
Central,81.5,0.9967855150130415,0.972341102931092
Central,82.0,0.9967825644756203,0.9712974493816874
Central,82.5,0.9967980499531427,0.9714955515106892
Central,83.0,0.9967775928413418,0.9787379753696236
Central,83.5,0.996775481930419,0.9797150947893515
Central,84.0,0.9970106037240927,0.9745592126388917
Central,84.5,0.9967718866355104,0.9718233736291273
Central,85.0,0.9967703951431857,0.9704599210908046
Central,85.5,0.9967691265961218,0.9699614698965858
Central,86.0,0.9967681123644891,0.9698954282397994
Central,86.5,0.9969660723812911,0.9700094174897146
Central,87.0,0.9967670367536844,0.9706567636239835
Central,87.5,0.9967670995984881,0.97180923168185
Central,88.0,0.9967676627057771,0.9720859180495609
Central,88.5,0.9967688114663135,0.9715363285246922
Central,89.0,0.9967706376398638,0.9702701406509038
Central,89.5,0.9967732374758016,0.9684329616681447
Central,90.0,0.9968594884816447,0.9671383441987277
Central,90.5,0.9968148719067438,0.9666334806763519
Central,91.0,0.9967866664094809,0.966131920459095
Central,91.5,0.9967933419762329,0.9656704149001527
Central,92.0,0.9968012679661529,0.9652641445057603
Central,92.5,0.9968105241467224,0.9649178037215281
Central,93.0,0.9968211803925766,0.9646352104790623
Central,93.5,0.9968332948855175,0.9644270863742266
Central,94.0,0.9968469124816077,0.9643167370165429
Central,94.5,0.9970676844272591,0.9667851706999615
Central,95.0,0.9968787613861184,0.9679830200846198
Central,95.5,0.9969455490571871,0.9665443742951225
Central,96.0,0.9972760622561971,0.9664238925712387
Central,96.5,0.9969380228060258,0.9677357693824657
Central,97.0,0.9969607037839738,0.972714584522845
Central,97.5,0.9969847388495335,0.97866483837927
Central,98.0,0.997037542658693,0.979617443538252
Central,98.5,0.9972730945445649,0.9794145653597325
Central,99.0,0.997063962837577,0.9759062079605545
Central,99.5,0.9971043349220942,0.9700620061658916
Central,100.0,0.9976694843309308,0.9671837852663546
Central,100.5,0.9974143322108129,0.9645331492237038
Central,101.0,0.9972807322395046,0.9623112598092712
Central,101.5,0.9981016508747648,0.9621839898962936
Central,102.0,0.9984755833388638,0.9623495567211553
Central,102.5,0.9979738775495299,0.9622243125614929
Central,103.0,0.9973018571365636,0.9618874106061172
Central,103.5,0.9973311914875209,0.9614975459264211
Central,104.0,0.9973598297412658,0.9611481388477513
Central,104.5,0.9973876013900754,0.960852259431081
Central,105.0,0.9974143458725652,0.9605979969016355
Central,105.5,0.9974399147832006,0.9603737411648581
Central,106.0,0.9974641739197875,0.960172311257444
Central,106.5,0.9974870051364698,0.959990429238284
Central,107.0,0.9975083079728339,0.9598279962924768
Central,107.5,0.9975280010332555,0.9596877719079385
Central,108.0,0.9975460230945863,0.9595752179817403
Central,108.5,0.9975623339245844,0.9594974470610331
Central,109.0,0.9975769147980811,0.9594564430790432
Central,109.5,0.9975897687026705,0.9594102454760542
Central,110.0,0.9978017908929464,0.9598735814372265
Central,110.5,0.9976104151584733,0.9613898483506513
Central,111.0,0.9976183197213961,0.9626436714682448
Central,111.5,0.9976729869729232,0.9642707407859336
Central,112.0,0.9976297185852288,0.9701768776930633
Central,112.5,0.9976334370944756,0.9779855788349957
Central,113.0,0.9976360103073244,0.9827832499129987
Central,113.5,0.9976375862044282,0.9843900998681223
Central,114.0,0.9976383233866939,0.9829368457550949
Central,114.5,0.9976383887592131,0.9787745572233271
Central,115.0,0.9976589234606134,0.9723862207313371
Central,115.5,0.9976371986054493,0.9656148982804507
Central,116.0,0.9979659333051909,0.9629964814101664
Central,116.5,0.9976941225063168,0.960909389590618
Central,117.0,0.9976347515213981,0.9590140870425297
Central,117.5,0.9976344449866978,0.9574454420637145
Central,118.0,0.9976346597562078,0.9562064236661121
Central,118.5,0.9976355406981002,0.9552349476748505
Central,119.0,0.997637219735357,0.95446315189116
Central,119.5,0.9976398140816358,0.9538388773937558
Central,120.0,0.9976434247039583,0.9533264709399869
Central,120.5,0.9976481350321661,0.9529010816994743
Central,121.0,0.9976540099310645,0.9525377748384909
Central,121.5,0.9977129275579897,0.9523247514991694
Central,122.0,0.9980802898114225,0.9545256111765674
Central,122.5,0.9976906810476809,0.959533474857917
Central,123.0,0.9976897684682322,0.961504980353425
Central,123.5,0.9977017525008939,0.9623649865613464
Central,124.0,0.9977148780012748,0.9642021043097919
Central,124.5,0.9977290745265791,0.9655957158288488
Central,125.0,0.9977442547976996,0.9663196377511081
Central,125.5,0.9977603160481939,0.9661486495224847
Central,126.0,0.9977771415660016,0.9649238634695907
Central,126.5,0.9977946024019646,0.9625624610951278
Central,127.0,0.997812559217202,0.9590685174797426
Central,127.5,0.9980143859594764,0.9571428739847052
Central,128.0,0.997849363300808,0.9556932861998678
Central,128.5,0.9978678979170335,0.9543085965707702
Central,129.0,0.9978863073920503,0.9530979508663795
Central,129.5,0.9979044309023526,0.9520522086484414
Central,130.0,0.9979221095404718,0.9510760464374686
Central,130.5,0.9979391882862717,0.9500002818698601
Central,131.0,0.9979637952176901,0.9485659311675483
Central,131.5,0.998969305410726,0.9507088424226487
Central,132.0,0.997985371731871,0.951379519032614
Central,132.5,0.9979986412844952,0.951298192162094
Central,133.0,0.9980106549787843,0.95104816708583
Central,133.5,0.9980213154544301,0.9507625167011544
Central,134.0,0.9980305391098557,0.9504261162989935
Central,134.5,0.9980382567606743,0.9498826572235637
Central,135.0,0.9980444140861683,0.9499900428530735
Central,135.5,0.9980489718639511,0.950212163248147
Central,136.0,0.9980519059961414,0.950091054803786
Central,136.5,0.9980532073333591,0.9499269147245986
Central,137.0,0.9980528813056713,0.9497604875183275
Central,137.5,0.9980509473721633,0.9495970231729071
Central,138.0,0.9980474383031023,0.9494365055029464
Central,138.5,0.9980423993106439,0.9492781011030501
Central,139.0,0.9980358870456941,0.9491208659218283
Central,139.5,0.998027968479858,0.948963737771806
Central,140.0,0.9980187196923831,0.9488052949366108
Central,140.5,0.9980082245826201,0.9486432779801545
Central,141.0,0.9979965735288044,0.948473628933181
Central,141.5,0.9979838620138858,0.9482883317356272
Central,142.0,0.9979701892387538,0.9480698694089049
Central,142.5,0.9979556567425069,0.9477745648880748
Central,143.0,0.9979403670484397,0.9472722634318855
Central,143.5,0.9979244223532053,0.9460928594199746
Central,144.0,0.9982609915935653,0.9480370664985099
Central,144.5,0.9978909676762996,0.9486762330167188
Central,145.0,0.9978736495703373,0.9486621693953005
Central,145.5,0.9978560581277606,0.9486398864000477
Central,146.0,0.997838276786529,0.9486767588442688
Central,146.5,0.9978203824752673,0.9487647142986741
Central,147.0,0.9978024449537098,0.9502001672267532
Central,147.5,0.9977845262732398,0.9523614472270082
Central,148.0,0.9977666803584562,0.9539763253360449
Central,148.5,0.9977489527089181,0.9550117992684851
Central,149.0,0.9977313802185301,0.9554750215429714
Central,149.5,0.9977139911085158,0.9554102148898876
Central,150.0,0.9978793896513493,0.9563912929625039
Central,150.5,0.9981671376516315,0.9607847964738525
Central,151.0,0.9977307585058646,0.9647843554292574
Central,151.5,0.9976465344369166,0.9681106664461889
Central,152.0,0.9976301903479833,0.9704643507120309
Central,152.5,0.9976140258023383,0.974423292919358
Central,153.0,0.9975980145755874,0.9762677744110947
Central,153.5,0.9975821244691246,0.9773605753173454
Central,154.0,0.9975663179176418,0.9779197466459608
Central,154.5,0.9975505526248389,0.9779863464970254
Central,155.0,0.9975347822182563,0.9776035064755436
Central,155.5,0.9975189569146394,0.9768229471418095
Central,156.0,0.9975030241878504,0.9757008600750003
Central,156.5,0.9974869294319981,0.9742946630709537
Central,157.0,0.997470616613176,0.9726609397852031
Central,157.5,0.9974540289039638,0.9708543274410999
Central,158.0,0.9974371092956087,0.9689272388988632
Central,158.5,0.9974198011835743,0.9669304354190161
Central,159.0,0.997402048922901,0.9649146066503862
Central,159.5,0.997383798350527,0.9629333031371983
Central,160.0,0.9973649972724041,0.9610477639432146
Central,160.5,0.9973455959138449,0.9593338549880766
Central,161.0,0.9973255473320919,0.957887745068468
Central,161.5,0.9976274552196478,0.9595113856910557
Central,162.0,0.9972833370948219,0.9629448002797789
Central,162.5,0.9972610988899768,0.9656740157193501
Central,163.0,0.9972617711256346,0.9678019603903149
Central,163.5,0.9973003700384548,0.9702688973853031
Central,164.0,0.9972078864620427,0.9720459871569842
Central,164.5,0.9971638917974053,0.9753817735014895
Central,165.0,0.9971374212571102,0.9789725464093163
Central,165.5,0.9971100577217124,0.9816294479779537
Central,166.0,0.9970817969771085,0.9832946273990828
Central,166.5,0.9970526397392957,0.9837834952840562
Central,167.0,0.9977984175462302,0.983906608003493
Central,167.5,0.9975490491167323,0.9877779275282851
Central,168.0,0.996959869709328,0.9868814839389175
Central,168.5,0.9969549819386346,0.9842064111036315
Central,169.0,0.9969018129380168,0.9806181792905497
Central,169.5,0.9968595218608851,0.9773057099533945
Central,170.0,0.9969638915634308,0.974531598950028
Central,170.5,0.9967887836924575,0.973291647983639
Central,171.0,0.9967523741866827,0.9715639011292753
Central,171.5,0.9969149278506751,0.970856511516867
Central,172.0,0.9966776967878479,0.9720230468066334
Central,172.5,0.9966395273963572,0.9732410647929245
Central,173.0,0.9966008744400446,0.9744288304677566
Central,173.5,0.9965617935090274,0.9753973130892382
Central,174.0,0.9965223421025926,0.9758955721432465
Central,174.5,0.9964825792603764,0.9756628806437484
Central,175.0,0.9964425651843462,0.974455079018974
Central,175.5,0.9964023608548442,0.9720596417746735
Central,176.0,0.9963620276441871,0.9683147319212204
Central,176.5,0.99632162693149,0.9631368560940788
Central,177.0,0.9963664363598493,0.9610663686549621
Central,177.5,0.996240866278651,0.959668728002089
Central,178.0,0.9962006257583808,0.9584303086368492
Central,178.5,0.9961605558760829,0.9574558006195849
Central,179.0,0.9961207125809945,0.9567391904159116
Central,179.5,0.9960811497604926,0.9562243490665828
Central,180.0,0.9960419189708173,0.955849963409945
Central,180.5,0.9960030691982635,0.9555631662712061
Central,181.0,0.9959646466534,0.9553150792985305
Central,181.5,0.9959266946004345,0.9550420851381922
Central,182.0,0.9958892532232979,0.954608191664234
Central,182.5,0.9974932763903196,0.9571506806646387
Central,183.0,0.9958160472917875,0.9578499191930437
Central,183.5,0.9957803470284361,0.9576605220447238
Central,184.0,0.9957452860194738,0.9577183700917308
Central,184.5,0.9957108883590851,0.958086035313019
Central,185.0,0.9956771750409319,0.9587349949585027
Central,185.5,0.9957480290476924,0.9596306416402052
Central,186.0,0.9957653976562456,0.9606741968680402
Central,186.5,0.9955803071860084,0.9647098542591204
Central,187.0,0.995549483756789,0.9692726246670428
Central,187.5,0.9955194080463572,0.9725456014935008
Central,188.0,0.9954900856803247,0.9741896474891216
Central,188.5,0.9954615204137414,0.9739378762182735
Central,189.0,0.995433714342694,0.9716145412441733
Central,189.5,0.9954066681097381,0.9671658540577828
Central,190.0,0.9953803810981455,0.9607046125163548
Central,190.5,0.9953548516102205,0.9580776285677656
Central,191.0,0.995330077025291,0.9564995179470337
Central,191.5,0.9953060539334394,0.9550691256399771
Central,192.0,0.9958626685272097,0.9559278975128039
Central,192.5,0.9952602452491546,0.9574244005518078
Central,193.0,0.9961865046292466,0.9585616538279316
Central,193.5,0.9954222167368428,0.9584031844327934
Central,194.0,0.9951970470216267,0.9576721877262586
Central,194.5,0.9951774264733024,0.9568921601134814
Central,195.0,0.9951585163366317,0.9561523364311529
Central,195.5,0.9951403079928924,0.9553546673197559
Central,196.0,0.996150979269515,0.9562541863068407
Central,196.5,0.9973234421647568,0.9581258142499887
Central,197.0,0.9979426506381583,0.9610732476651191
Central,197.5,0.9950742812999395,0.9614931200282739
Central,198.0,0.9950594110682618,0.9609419665996655
Central,198.5,0.9950451631598957,0.9603765829940053
Central,199.0,0.9950315177452533,0.9599755697997311
Central,199.5,0.9950184525297074,0.9597105849785355
Central,200.0,0.9950059425527015,0.9595393420927851
Central,200.5,0.9949939600072406,0.9594313333303321
Central,201.0,0.9949824740857285,0.9593660520422863
Central,201.5,0.994971450857764,0.9593293449184318
Central,202.0,0.994960853185034,0.9593108463822522
Central,202.5,0.9949506406778564,0.9593023298739026
Central,203.0,0.9949407696972197,0.959296578725429
Central,203.5,0.9949311934053908,0.9592864684836402
Central,204.0,0.994921861867278,0.9592639968232639
Central,204.5,0.9949127222038182,0.9592189315269583
Central,205.0,0.99490371879768,0.9591364829346967
Central,205.5,0.9948947935505761,0.9589926807666327
Central,206.0,0.9948858861904776,0.958744190837143
Central,206.5,0.9948769346260415,0.9583042099602226
Central,207.0,0.9948678753446052,0.9574849645915879
Central,207.5,0.9952848254763205,0.9596476170314626
Central,208.0,0.9954569338542583,0.9601336611431107
Central,208.5,0.9954550556569286,0.9609096723127865
Central,209.0,0.9948292664172159,0.9603350381247703
Central,209.5,0.9948652395796773,0.959501194523182
Central,210.0,0.9952048590263984,0.9592472594253669
Central,210.5,0.9963949163716823,0.9620439692843402
Central,211.0,0.9966620405739504,0.9645203397645818
Central,211.5,0.9968622188494931,0.9660179324291243
Central,212.0,0.9963496466155386,0.96684136129321
Central,212.5,0.9954013064216077,0.9676794303474199
Central,213.0,0.9952689683897997,0.9731575460585264
Central,213.5,0.9949353322172845,0.9744899849971497
Central,214.0,0.9951240079375423,0.9723703889335307
Central,214.5,0.994677176758857,0.9714160961120446
Central,215.0,0.9946584957969555,0.9702393800591096
Central,215.5,0.994638883115357,0.9694266626396195
Central,216.0,0.9946183298231458,0.9688704127638464
Central,216.5,0.9945968329312178,0.9684423048808852
Central,217.0,0.9945743953053579,0.9680782890245875
Central,217.5,0.9945510255574544,0.967748513385235
Central,218.0,0.9945267378773333,0.9674374683490778
Central,218.5,0.9945015518086273,0.9671354093226938
Central,219.0,0.9944754919729718,0.966834984257605
Central,219.5,0.9944485877475724,0.9665299743898497
Central,220.0,0.994420872901883,0.9662148668924426
Central,220.5,0.9943923851996483,0.9658847792568854
Central,221.0,0.9943631659729946,0.9655355810636896
Central,221.5,0.9943332596755263,0.9651641722924431
Central,222.0,0.9943027134215159,0.9647688655223225
Central,222.5,0.9942715765182731,0.9643496568370642
Central,223.0,0.9942398999986263,0.96390777737619
Central,223.5,0.9942077361601751,0.9634434701648816
Central,224.0,0.9943642407550591,0.9642388634539011
Central,224.5,0.9941421593734286,0.9659073678142985
Central,225.0,0.9941088534133408,0.9670891340185555
Central,225.5,0.9940752733287499,0.9678231400594082
Central,226.0,0.9940414714719175,0.9680463159224366
Central,226.5,0.9940074991453832,0.9712315696137991
Central,227.0,0.9939734063279599,0.9716727533308941
Central,227.5,0.994281848205046,0.9705789727838616
Central,228.0,0.9944127822809261,0.9732710451671476
Central,228.5,0.9942767716429954,0.9747799225435387
Central,229.0,0.9938367712060266,0.9751731684492588
Central,229.5,0.9955708779143682,0.9775924180227502
Central,230.0,0.9979139647895346,0.9826298920184031
Central,230.5,0.9974841965321142,0.984481164527348
Central,231.0,0.9958388488135185,0.9841415653244072
Central,231.5,0.9944298421642983,0.9822657825262452
Central,232.0,0.9936355357095882,0.979130308990119
Central,232.5,0.9941755324772563,0.9772448877682112
Central,233.0,0.9944345188764465,0.9761335551760414
Central,233.5,0.9937914225766002,0.9747767775148775
Central,234.0,0.9935069179646479,0.973316569106003
Central,234.5,0.9934756823342072,0.9719121114207164
Central,235.0,0.9934448513906288,0.9706715718823034
Central,235.5,0.993414440338042,0.9696265431426957
Central,236.0,0.9933844624943685,0.9687576689382301
Central,236.5,0.9933549293048807,0.9680281612867567
Central,237.0,0.9933258503461067,0.9674020795311674
Central,237.5,0.9932972333208634,0.9668499799729577
Central,238.0,0.9932690840459047,0.9663490330099643
Central,238.5,0.9932414064343199,0.9658815677248511
Central,239.0,0.9932142024754156,0.9654334985442645
Central,239.5,0.9931874722153202,0.9649930078877239
Central,240.0,0.9931612137419622,0.9645495107870091
Central,240.5,0.9931354231783628,0.9640928578527812
Central,241.0,0.9931100946883546,0.9636127015264263
Central,241.5,0.9930852204988607,0.9630973409074604
Central,242.0,0.9930607909427545,0.9625257465251408
Central,242.5,0.9930367945260706,0.9618079298547648
Central,243.0,0.993013218022911,0.962692485357013
Central,243.5,0.9929900466008696,0.965378884617173
Central,244.0,0.9937081578211193,0.965565290339141
Central,244.5,0.9941154849202307,0.9669579614989887
Central,245.0,0.9929227939577848,0.9662589702214915
Central,245.5,0.993282918828259,0.9661789125333266
Central,246.0,0.9930224068615984,0.9661758770954517
Central,246.5,0.9928585387213339,0.9658655075328393
Central,247.0,0.9928376943512449,0.9653678424839615
Central,247.5,0.9928171045796312,0.9647435678746579
Central,248.0,0.9927967511474858,0.9639996542368859
Central,248.5,0.992776617139026,0.9630754461568553
Central,249.0,0.9927566873766047,0.9617958066554756
Central,249.5,0.9942909785110174,0.9648592175872869
Central,250.0,0.9945243914085105,0.9674712013749508
Leftmost,0.0,1.0,1.0000000000000002
Leftmost,0.5,0.9999995582042075,0.9999782231490972
Leftmost,1.0,0.9999982314276236,0.9999521003534324
Leftmost,1.5,0.9999960155440969,0.9999216715082301
Leftmost,2.0,0.9999929038142055,0.9998869840017832
Leftmost,2.5,0.9999888870890211,0.9998480925882407
Leftmost,3.0,0.9999839540904533,0.9998050592479226
Leftmost,3.5,0.999978091763336,0.999757953036912
Leftmost,4.0,0.9999712856931889,0.9997068499276662
Leftmost,4.5,0.999963520582414,0.9996518326423895
Leftmost,5.0,0.9999547807766763,0.9995929904809995
Leftmost,5.5,0.9999450508323031,0.9995304191456237
Leftmost,6.0,0.9999343161147829,0.9994642205637921
Leftmost,6.5,0.9999225634178591,0.9993945027127802
Leftmost,7.0,0.9999097815922727,0.9993213794479934
Leftmost,7.5,0.9998959621729654,0.9992449703388722
Leftmost,8.0,0.9998810999934752,0.9991654005165796
Leftmost,8.5,0.9998651937763637,0.9990828005387982
Leftmost,9.0,0.9998482466888009,0.9989973062783515
Leftmost,9.5,0.9998302668528773,0.9989090588442125
Leftmost,10.0,0.9998112678008568,0.9988182045459187
Leftmost,10.5,0.9997912688663407,0.9987248949156668
Leftmost,11.0,0.9997702955032509,0.9986292868067598
Leftmost,11.5,0.9997483795255746,0.9985315425929653
Leftmost,12.0,0.9997255592620014,0.9984318305014724
Leftmost,12.5,0.9997018796208063,0.9983303251232769
Leftmost,13.0,0.9996773920616967,0.9982272081604902
Leftmost,13.5,0.9996521544727026,0.9981226694922641
Leftmost,14.0,0.9996262309516177,0.998016908673023
Leftmost,14.5,0.999599691492926,0.9979101370235777
Leftmost,15.0,0.9995726115825632,0.9978025805456037
Leftmost,15.5,0.9995450717042422,0.9976944839962165
Leftmost,16.0,0.999517156762414,0.9975861166243227
Leftmost,16.5,0.9994889554281762,0.9974777803322235
Leftmost,17.0,0.9994605594156244,0.9973698214521
Leftmost,17.5,0.9994320626971793,0.9972626480397129
Leftmost,18.0,0.999403560667374,0.9971567558161749
Leftmost,18.5,0.9993751492653653,0.9970527680781748
Leftmost,19.0,0.9993469240670949,0.996951498946495
Leftmost,19.5,0.9993189793585044,0.9968540571249569
Leftmost,20.0,0.9992914072015496,0.9967620230630805
Leftmost,20.5,0.9992642965049152,0.9966777656309179
Leftmost,21.0,0.9992377321113337,0.9966050378815288
Leftmost,21.5,0.9992117939132321,0.9965501589800768
Leftmost,22.0,0.9991865560081166,0.996524457260728
Leftmost,22.5,0.9991620859046036,0.9965491720054568
Leftmost,23.0,0.9991384437893825,0.9966614906976515
Leftmost,23.5,0.9991156818646204,0.9968877403829071
Leftmost,24.0,0.9990938437644359,0.9970698892058192
Leftmost,24.5,0.9990729640580495,0.9967900539927698
Leftmost,25.0,0.9990530678461412,0.9957716940124252
Leftmost,25.5,0.9994644610004676,0.9947561558404951
Leftmost,26.0,0.9999578633118017,0.994755628614668
Leftmost,26.5,0.9996370827759569,0.9947230284480529
Leftmost,27.0,0.9989834743677805,0.9946737782722982
Leftmost,27.5,0.9989685251995138,0.9946164067218576
Leftmost,28.0,0.9989545015119033,0.9945565240049643
Leftmost,28.5,0.9989413594559753,0.994498734555222
Leftmost,29.0,0.9989290462144597,0.994447941693356
Leftmost,29.5,0.9989175005243027,0.9944108522686531
Leftmost,30.0,0.99890665328865,0.9943987249188175
Leftmost,30.5,0.9988964282714083,0.9944339382816201
Leftmost,31.0,0.9988867428665962,0.9945683458727262
Leftmost,31.5,0.9988775089338637,0.9949328492459137
Leftmost,32.0,0.9988686336908991,0.9957230298139461
Leftmost,32.5,0.9988600206528484,0.9964968544100432
Leftmost,33.0,0.9988515706084508,0.9962387422170964
Leftmost,33.5,0.9988431826222633,0.9945797054378953
Leftmost,34.0,0.9990824714522626,0.9928070371239982
Leftmost,34.5,0.9988380118007205,0.9928118771323442
Leftmost,35.0,0.9988173771840678,0.9927945663579572
Leftmost,35.5,0.9988082292238737,0.9927671278119593
Leftmost,36.0,0.9987986483256474,0.9927368058545579
Leftmost,36.5,0.9987885443597199,0.9927090455743258
Leftmost,37.0,0.9987778323199693,0.9926891056679575
Leftmost,37.5,0.9987664331567461,0.9926834528210171
Leftmost,38.0,0.9987542745466802,0.9927017671586729
Leftmost,38.5,0.9987412915921176,0.9927609206382757
Leftmost,39.0,0.9987274274437885,0.9928941182390995
Leftmost,39.5,0.9987126338411755,0.9931709166644929
Leftmost,40.0,0.9986968715659847,0.9937020958773153
Leftmost,40.5,0.9986801108050752,0.9943652553559903
Leftmost,41.0,0.9986623314201714,0.9943962451789479
Leftmost,41.5,0.9986435231226558,0.9931438664287902
Leftmost,42.0,0.9986256274621728,0.9913451394041132
Leftmost,42.5,0.998602828263106,0.9915312973578198
Leftmost,43.0,0.9985809706085879,0.9917007439300642
Leftmost,43.5,0.9985581415432978,0.9918591751860926
Leftmost,44.0,0.9985343793287913,0.9919798636105605
Leftmost,44.5,0.9985097311566236,0.9920240935476513
Leftmost,45.0,0.9984842526899386,0.9919686469056
Leftmost,45.5,0.9984580075292904,0.9918199709473292
Leftmost,46.0,0.9984321787283914,0.9916222721409338
Leftmost,46.5,0.9984035075272919,0.9918079059206937
Leftmost,47.0,0.9983754138267046,0.9926439452003452
Leftmost,47.5,0.9983468742161807,0.9939800318655425
Leftmost,48.0,0.9983179817585026,0.995166962241685
Leftmost,48.5,0.9982888330214903,0.9951952198004309
Leftmost,49.0,0.9982595272043425,0.9936382999631735
Leftmost,49.5,0.998230165246988,0.9904715006813896
Leftmost,50.0,0.998883765916986,0.9896568622798972
Leftmost,50.5,0.9982966972661524,0.9897907571342658
Leftmost,51.0,0.9981427591655582,0.9899123382727081
Leftmost,51.5,0.9981141854386668,0.9900362980738872
Leftmost,52.0,0.9980860550703066,0.9901749751304928
Leftmost,52.5,0.9980584608356431,0.9903386087671794
Leftmost,53.0,0.9980314912318383,0.9905284981336755
Leftmost,53.5,0.9980052297422747,0.9907194931269077
Leftmost,54.0,0.9983128958601944,0.9908521712355226
Leftmost,54.5,0.9984382105189278,0.9908764793848044
Leftmost,55.0,0.9982331371367884,0.9908247852490198
Leftmost,55.5,0.9979087224695559,0.9910842731863997
Leftmost,56.0,0.9978870338189942,0.9918137240341903
Leftmost,56.5,0.9978664149104924,0.9915764240483221
Leftmost,57.0,0.9978468985459511,0.9899045600009269
Leftmost,57.5,0.9978285089084019,0.9891491709766982
Leftmost,58.0,0.9978112614511783,0.9893817359789701
Leftmost,58.5,0.9977951628684469,0.9896070568340077
Leftmost,59.0,0.9977802111468645,0.9898562098904695
Leftmost,59.5,0.9977663956973757,0.9901639382685932
Leftmost,60.0,0.9977536975654677,0.9905775815246334
Leftmost,60.5,0.9977420897174619,0.9911512074528174
Leftmost,61.0,0.997731537399754,0.9918917031499151
Leftmost,61.5,0.9977219985672516,0.9927044418222188
Leftmost,62.0,0.9977134243766257,0.9935180846803471
Leftmost,62.5,0.997896118664929,0.9943523571558289
Leftmost,63.0,0.9980786016813187,0.9946683010707504
Leftmost,63.5,0.9982102935816836,0.9934814310892627
Leftmost,64.0,0.998298384876852,0.9905765136927669
Leftmost,64.5,0.9985217547935169,0.98812341634004
Leftmost,65.0,0.9990222524358771,0.9882889453535157
Leftmost,65.5,0.9981980450859523,0.9884069420461618
Leftmost,66.0,0.9980628485999382,0.9884951495461229
Leftmost,66.5,0.9978797440834403,0.988565750610943
Leftmost,67.0,0.9976663803288717,0.9886445460373959
Leftmost,67.5,0.997663892448525,0.9889734683184617
Leftmost,68.0,0.9976614955030453,0.9893207829086094
Leftmost,68.5,0.9976591157265409,0.9897215474758884
Leftmost,69.0,0.9976566827649445,0.9902351292166856
Leftmost,69.5,0.9976541303552966,0.9909609127827326
Leftmost,70.0,0.9976513969612391,0.9919927084676378
Leftmost,70.5,0.9976484263590351,0.9930635001842267
Leftmost,71.0,0.9976451681689857,0.9932453402118382
Leftmost,71.5,0.9976721161873914,0.9917675683479575
Leftmost,72.0,0.9981309005854371,0.9895191380536379
Leftmost,72.5,0.9977862463742897,0.9887853464912949
Leftmost,73.0,0.9976284811326037,0.9890551904000164
Leftmost,73.5,0.9976232632894217,0.9892503655578547
Leftmost,74.0,0.9976176001736142,0.9893713095250811
Leftmost,74.5,0.9976114918165844,0.9894158657709728
Leftmost,75.0,0.997604945973295,0.9893872857621395
Leftmost,75.5,0.9975979780388617,0.9892998558840175
Leftmost,76.0,0.9976133453019009,0.9891833331246606
Leftmost,76.5,0.9975828746966652,0.9894621172503243
Leftmost,77.0,0.997574806578176,0.9899717474538566
Leftmost,77.5,0.9975664503220665,0.9900330070414859
Leftmost,78.0,0.9979028871275764,0.9901308278817518
Leftmost,78.5,0.997549079300579,0.9907319146052594
Leftmost,79.0,0.9975401814819044,0.9907144319639638
Leftmost,79.5,0.9975312283875131,0.9900337338642637
Leftmost,80.0,0.9975222900992635,0.9886970760987088
Leftmost,80.5,0.9975134402923054,0.988370517042161
Leftmost,81.0,0.9975047556117387,0.9885710100875639
Leftmost,81.5,0.9974963150322379,0.988750839171409
Leftmost,82.0,0.9974881992067448,0.9889142389952359
Leftmost,82.5,0.9974804898102233,0.9890587213427391
Leftmost,83.0,0.9975227133516203,0.9891722411328363
Leftmost,83.5,0.9978819807082029,0.9892307096528813
Leftmost,84.0,0.9980409061222786,0.9891992763063322
Leftmost,84.5,0.9980038627581904,0.9890301508423857
Leftmost,85.0,0.9977794521838077,0.9886153615893507
Leftmost,85.5,0.997477034236028,0.9886476124341167
Leftmost,86.0,0.997444681440919,0.9899080418195294
Leftmost,86.5,0.9974430756530849,0.9907421931045317
Leftmost,87.0,0.997442553794121,0.9912979049017533
Leftmost,87.5,0.9975462570671503,0.991681550232775
Leftmost,88.0,0.9976423040205306,0.9916545415942205
Leftmost,88.5,0.9977179533465639,0.9911931309528847
Leftmost,89.0,0.9977744846621395,0.9903376698167223
Leftmost,89.5,0.9978134835426206,0.9891487511778048
Leftmost,90.0,0.9979195659340436,0.9886439301994687
Leftmost,90.5,0.9978801456542944,0.9889664383480785
Leftmost,91.0,0.9978445718260536,0.9892042483204095
Leftmost,91.5,0.9978334666552109,0.9891757067994214
Leftmost,92.0,0.9979224810309387,0.9888515470342556
Leftmost,92.5,0.9980247244118666,0.98888469251852
Leftmost,93.0,0.9977952787230212,0.9884739463740786
Leftmost,93.5,0.9977410927988084,0.988626959873577
Leftmost,94.0,0.9977163534326197,0.9887453668366054
Leftmost,94.5,0.997694536831624,0.9887846677206067
Leftmost,95.0,0.9976770618777064,0.9887571369274986
Leftmost,95.5,0.997665097841909,0.9886722617091754
Leftmost,96.0,0.9976595519650366,0.9885388913117178
Leftmost,96.5,0.9976818246617283,0.9883659896779551
Leftmost,97.0,0.9977074451684402,0.9881628906061732
Leftmost,97.5,0.9977341314763735,0.9879393604166904
Leftmost,98.0,0.9977636272575665,0.9879665958244908
Leftmost,98.5,0.9977904513490974,0.9881052881161076
Leftmost,99.0,0.9978199511064165,0.9882581405872891
Leftmost,99.5,0.9978502498338137,0.988423476776707
Leftmost,100.0,0.9979751993970807,0.9885937320367734
Leftmost,100.5,0.9981864513446728,0.988751308068508
Leftmost,101.0,0.9980782778383775,0.9888629658320044
Leftmost,101.5,0.998036255377446,0.9897510436280715
Leftmost,102.0,0.9980947782471935,0.990462992655747
Leftmost,102.5,0.9981533116701395,0.9906623968765462
Leftmost,103.0,0.9982109383060689,0.990443580183873
Leftmost,103.5,0.9982668364491887,0.9899603998723374
Leftmost,104.0,0.998348547594153,0.9898935330962313
Leftmost,104.5,0.9983707666621006,0.9899442251510817
Leftmost,105.0,0.9984178078892917,0.989957665526232
Leftmost,105.5,0.9984611568473639,0.9899238786229418
Leftmost,106.0,0.9985006975199191,0.9898332284992691
Leftmost,106.5,0.9985364608339073,0.9896716800658284
Leftmost,107.0,0.998568612506724,0.9894103959747755
Leftmost,107.5,0.9985974349620277,0.9889784111806732
Leftmost,108.0,0.9987741244472497,0.9885882941669967
Leftmost,108.5,0.9986466577819256,0.989489194630281
Leftmost,109.0,0.9986679671339447,0.9895041248172761
Leftmost,109.5,0.9986961930723472,0.9892636568086496
Leftmost,110.0,0.9987989286722092,0.9889836960211543
Leftmost,110.5,0.9988650259339689,0.988713262198291
Leftmost,111.0,0.9988846456718382,0.98845837978351
Leftmost,111.5,0.9988476208347434,0.9882116018137924
Leftmost,112.0,0.9987727899442949,0.9880074199659873
Leftmost,112.5,0.9987867885316654,0.9879879572775655
Leftmost,113.0,0.9987984944704834,0.9879580167628366
Leftmost,113.5,0.9988066845302217,0.9879175032227919
Leftmost,114.0,0.9988097219548709,0.9878666511947651
Leftmost,114.5,0.9988055183547185,0.9878054635648754
Leftmost,115.0,0.9987914994920583,0.9877335812200007
Leftmost,115.5,0.9988119408414564,0.9876504116505079
Leftmost,116.0,0.9988319225708644,0.9875552952234659
Leftmost,116.5,0.9988510422382965,0.9874475349843463
Leftmost,117.0,0.9988693084491872,0.987326131963492
Leftmost,117.5,0.9988867322402637,0.9871889597889063
Leftmost,118.0,0.9989033268257071,0.9870306664125442
Leftmost,118.5,0.998919107342989,0.9868369682449112
Leftmost,119.0,0.9989340906020998,0.986566489219537
Leftmost,119.5,0.9989482948418166,0.986083155136701
Leftmost,120.0,0.9990082863447569,0.9856563260130525
Leftmost,120.5,0.9989744449768581,0.9864620446440467
Leftmost,121.0,0.9989864324673302,0.9865717890646276
Leftmost,121.5,0.9989977237434616,0.9865213204096438
Leftmost,122.0,0.999008341010948,0.9864379189749437
Leftmost,122.5,0.9990183067686413,0.9863502537180177
Leftmost,123.0,0.9990276436968027,0.9862654463491384
Leftmost,123.5,0.9990363745715163,0.9861851160387637
Leftmost,124.0,0.9990445222056114,0.9861091899761196
Leftmost,124.5,0.9990521094158684,0.9860369667532639
Leftmost,125.0,0.9990591590157049,0.9859674454240398
Leftmost,125.5,0.9990656938319594,0.985899414771479
Leftmost,126.0,0.9990717367438199,0.985831433565136
Leftmost,126.5,0.9990773107414148,0.9857617227154671
Leftmost,127.0,0.9990824390010586,0.9856879329196895
Leftmost,127.5,0.9990871449737021,0.9856066766677982
Leftmost,128.0,0.9990914524827275,0.9855125444304185
Leftmost,128.5,0.999095385826895,0.9853958565289456
Leftmost,129.0,0.9990989698839966,0.9852369255897452
Leftmost,129.5,0.9991022302105894,0.9849893719192486
Leftmost,130.0,0.999105193133117,0.9845255902098777
Leftmost,130.5,0.9991078858257237,0.9853219818216306
Leftmost,131.0,0.9991103363701983,0.9857826182613558
Leftmost,131.5,0.9991125737936839,0.9857368940472724
Leftmost,132.0,0.9991146280801194,0.9855925810971455
Leftmost,132.5,0.9991165301517798,0.9854193505617251
Leftmost,133.0,0.9991183118177885,0.9851977052203265
Leftmost,133.5,0.9991200056870735,0.9848652982326928
Leftmost,134.0,0.9991216450438959,0.9843047826533426
Leftmost,134.5,0.9991232636848228,0.9840210859096233
Leftmost,135.0,0.9991248957168017,0.9843118134455435
Leftmost,135.5,0.9991265753168247,0.984409367525371
Leftmost,136.0,0.9991283364545366,0.9844005977702986
Leftmost,136.5,0.9991302125799953,0.9843261752502794
Leftmost,137.0,0.9991322362796733,0.9842015506311151
Leftmost,137.5,0.9991344389046164,0.9840269012617632
Leftmost,138.0,0.9991368501754868,0.9837882455097634
Leftmost,138.5,0.9991482220300258,0.9835565733264973
Leftmost,139.0,0.9991424068985849,0.9851787978762464
Leftmost,139.5,0.9991455998759401,0.985718184025748
Leftmost,140.0,0.9991490956941061,0.9855367455887114
Leftmost,140.5,0.9991529096062209,0.9850987655876688
Leftmost,141.0,0.9991570527278146,0.9846725599390007
Leftmost,141.5,0.9991615316638846,0.984305007672071
Leftmost,142.0,0.9991663481695914,0.9839748442929857
Leftmost,142.5,0.9991714988522746,0.9836570550250268
Leftmost,143.0,0.9991769749221656,0.9833302450725719
Leftmost,143.5,0.9991977836116617,0.9839131686217052
Leftmost,144.0,0.999188839978645,0.9852829138549193
Leftmost,144.5,0.999195182971756,0.9861200090556237
Leftmost,145.0,0.9992017593082843,0.9862290255303757
Leftmost,145.5,0.9992085316222963,0.9861680040450178
Leftmost,146.0,0.999215457013163,0.9863690275609931
Leftmost,146.5,0.9992224872866423,0.9860038137210535
Leftmost,147.0,0.9992295692756592,0.9866730852913855
Leftmost,147.5,0.9992366452396108,0.9880041983929081
Leftmost,148.0,0.9992436533396905,0.9889228413344094
Leftmost,148.5,0.9992505281864164,0.9895101981911212
Leftmost,149.0,0.999257201454249,0.9898087914741949
Leftmost,149.5,0.999263602556914,0.9898502974599289
Leftmost,150.0,0.9992696593758857,0.9896712614023249
Leftmost,150.5,0.9992752990333532,0.989317135868729
Leftmost,151.0,0.9992804487000365,0.9888392225269023
Leftmost,151.5,0.9992850364273372,0.9882875139764837
Leftmost,152.0,0.9992889919926193,0.9877023996650985
Leftmost,152.5,0.9992922477458488,0.9871086135655376
Leftmost,153.0,0.9992947394454781,0.9865130450525341
Leftmost,153.5,0.9992964070712588,0.9859046345249182
Leftmost,154.0,0.9992971956016907,0.985251535485329
Leftmost,154.5,0.9992970557440239,0.9844860840684176
Leftmost,155.0,0.9992959446051443,0.9842737718278038
Leftmost,155.5,0.9992938262922749,0.9849604358733857
Leftmost,156.0,0.9992906724332281,0.9859535545993164
Leftmost,156.5,0.9992864626069151,0.9862507406683328
Leftmost,157.0,0.999281184675967,0.9861709993131356
Leftmost,157.5,0.9992748350146174,0.9858208283221267
Leftmost,158.0,0.9992806850921293,0.9852036401035991
Leftmost,158.5,0.9992589491479138,0.9850175459513906
Leftmost,159.0,0.9992494487359997,0.9847606863199508
Leftmost,159.5,0.9993131319738463,0.9846427132664749
Leftmost,160.0,0.999227484848533,0.9856490850583464
Leftmost,160.5,0.9992151056472647,0.9859761120494744
Leftmost,161.0,0.9992018630368212,0.9859939205902584
Leftmost,161.5,0.999187816072452,0.9858941258859082
Leftmost,162.0,0.9991730293001113,0.9857471687799017
Leftmost,162.5,0.9991575719093642,0.9855716992455199
Leftmost,163.0,0.9991415168122465,0.9853646873719968
Leftmost,163.5,0.9991249396599973,0.9851077143110066
Leftmost,164.0,0.9991079178106244,0.9847590141526535
Leftmost,164.5,0.9990905292611165,0.9842277036856281
Leftmost,165.0,0.9990728515587662,0.9841033358401677
Leftmost,165.5,0.9990549607065033,0.9844590179790157
Leftmost,166.0,0.9990369300773433,0.9843313890406936
Leftmost,166.5,0.9990188293530589,0.9838795799090558
Leftmost,167.0,0.9990007235019086,0.9854064428318633
Leftmost,167.5,0.998982671809826,0.9859869128143964
Leftmost,168.0,0.9989647269787499,0.9858144888846828
Leftmost,168.5,0.9989469343049167,0.9850680591526049
Leftmost,169.0,0.9989293309488193,0.9851166623625539
Leftmost,169.5,0.9989119453073021,0.9850924726613824
Leftmost,170.0,0.9988947964968183,0.984881948524054
Leftmost,170.5,0.998877893955348,0.9845409069988655
Leftmost,171.0,0.9988612371687883,0.986310449159167
Leftmost,171.5,0.998844815525914,0.9874143490987385
Leftmost,172.0,0.998828608304183,0.9877720575816288
Leftmost,172.5,0.998812584786859,0.987599846917934
Leftmost,173.0,0.9987967045100894,0.9871682190740696
Leftmost,173.5,0.9987809176367974,0.9866757804497494
Leftmost,174.0,0.998765165452514,0.9861945789032125
Leftmost,174.5,0.9987493809766336,0.9857169493246103
Leftmost,175.0,0.9987334896810374,0.9852030075596943
Leftmost,175.5,0.9987174103066462,0.984596100790619
Leftmost,176.0,0.9987010557671913,0.9846871819143684
Leftmost,176.5,0.9986843341284446,0.9851206474409565
Leftmost,177.0,0.9986671496502372,0.9853653896532438
Leftmost,177.5,0.9986494038779178,0.9854565325835907
Leftmost,178.0,0.9986309967693983,0.9854158441877624
Leftmost,178.5,0.9986118278436694,0.9852297645739174
Leftmost,179.0,0.9985917973365765,0.9848177625574751
Leftmost,179.5,0.9986428661445678,0.984003603086754
Leftmost,180.0,0.9985487629792599,0.9838304221583017
Leftmost,180.5,0.9985255734098522,0.9842530978782932
Leftmost,181.0,0.9985011529637862,0.9846002202452664
Leftmost,181.5,0.9984754220910736,0.98479562226464
Leftmost,182.0,0.9984483082913711,0.9848972185066083
Leftmost,182.5,0.9984197469576879,0.9849379819975763
Leftmost,183.0,0.9983896821336276,0.984935127346444
Leftmost,183.5,0.9983580671771566,0.9848944433175787
Leftmost,184.0,0.9983248653252418,0.984810739897987
Leftmost,184.5,0.9982900501550935,0.9846630684631175
Leftmost,185.0,0.998253605939146,0.9843993738274585
Leftmost,185.5,0.9982155278922958,0.9850856505132727
Leftmost,186.0,0.9981758223112539,0.9859959144851543
Leftmost,186.5,0.9981345066071714,0.9862544649784627
Leftmost,187.0,0.998091609233899,0.9862574990224886
Leftmost,187.5,0.9980471695153719,0.9862125354785534
Leftmost,188.0,0.9980012373766187,0.98617477776043
Leftmost,188.5,0.9979538729837973,0.9861438584110482
Leftmost,189.0,0.9979051462994298,0.9861009318332039
Leftmost,189.5,0.9978551365596393,0.9860111668400459
Leftmost,190.0,0.9978039316807125,0.9858084858973009
Leftmost,190.5,0.9977516276026592,0.9853581708234169
Leftmost,191.0,0.9978473678871023,0.9845946414369307
Leftmost,191.5,0.9990189861693817,0.9858964680614651
Leftmost,192.0,0.9980767017754114,0.9864495997429451
Leftmost,192.5,0.9975335778306768,0.9865960411882995
Leftmost,193.0,0.9974815418412907,0.9864844852331625
Leftmost,193.5,0.9975030743598515,0.9861572417024729
Leftmost,194.0,0.9973641175758268,0.9860108420438753
Leftmost,194.5,0.997307183692183,0.9861626032342696
Leftmost,195.0,0.997250245819648,0.9861946202051535
Leftmost,195.5,0.9971934357824989,0.9861173708752603
Leftmost,196.0,0.9971368842558255,0.9859124964976693
Leftmost,196.5,0.997101276985811,0.9856408162867505
Leftmost,197.0,0.9970250687022063,0.986673601798886
Leftmost,197.5,0.9969700528837702,0.9870909453411494
Leftmost,198.0,0.9969157904513595,0.9871577986968991
Leftmost,198.5,0.9968623943201036,0.9870871705809074
Leftmost,199.0,0.9968099716561096,0.9869804302839521
Leftmost,199.5,0.9967586232257406,0.986871512654558
Leftmost,200.0,0.9967084427845294,0.9867694375652839
Leftmost,200.5,0.996659516507764,0.9866756343004831
Leftmost,201.0,0.9966119224647311,0.986589145556947
Leftmost,201.5,0.9965657301385911,0.9865077531539677
Leftmost,202.0,0.9965209999939046,0.9864275821914986
Leftmost,202.5,0.9964777830939118,0.9863414957576816
Leftmost,203.0,0.9964361207697566,0.9862351998765991
Leftmost,203.5,0.9963960443439901,0.9860775129477904
Leftmost,204.0,0.9963575749107876,0.9857950296810907
Leftmost,204.5,0.9963207231754329,0.9852100886087799
Leftmost,205.0,0.9962854893557096,0.9839340479676479
Leftmost,205.5,0.9968956071159533,0.9832210410859812
Leftmost,206.0,0.9962340579804579,0.9844073108356005
Leftmost,206.5,0.9961893400144721,0.9852567937368064
Leftmost,207.0,0.9961603705245466,0.9858020589044091
Leftmost,207.5,0.9961328639430652,0.9861759237631812
Leftmost,208.0,0.9961067592893492,0.9864551709472189
Leftmost,208.5,0.9960819863532528,0.9866856428437298
Leftmost,209.0,0.9960584661781505,0.9868950344416768
Leftmost,209.5,0.9960361116230575,0.987100234175325
Leftmost,210.0,0.996014828003491,0.9873113405047252
Leftmost,210.5,0.995994513809864,0.9875335194956493
Leftmost,211.0,0.9959750615013108,0.9877675935156014
Leftmost,211.5,0.9959563583718843,0.9880100752089938
Leftmost,212.0,0.9959382874850394,0.9882532172072066
Leftmost,212.5,0.995920728671254,0.988485434381447
Leftmost,213.0,0.9959035595825556,0.9886921220833984
Leftmost,213.5,0.9958866567966244,0.9888565477199814
Leftmost,214.0,0.995869896962073,0.9889603022045652
Leftmost,214.5,0.995853157975469,0.9889827943504422
Leftmost,215.0,0.9958363201796936,0.9888993161235652
Leftmost,215.5,0.9958192675723379,0.9886771656349772
Leftmost,216.0,0.9958018890120629,0.9882692939716095
Leftmost,216.5,0.9957840794101935,0.9876055381570223
Leftmost,217.0,0.9957657408943144,0.9865838350593816
Leftmost,217.5,0.9957467839302937,0.9860256996798457
Leftmost,218.0,0.9957271283890092,0.986631280010475
Leftmost,218.5,0.9957067045440866,0.9867602758680946
Leftmost,219.0,0.9956854539872044,0.9864745035179219
Leftmost,219.5,0.9956633304479708,0.9857336796404377
Leftmost,220.0,0.9956403005060513,0.9843502045345902
Leftmost,220.5,0.9959798507290486,0.9831162579788018
Leftmost,221.0,0.9959444015605738,0.9817769350908185
Leftmost,221.5,0.995907469435302,0.9806612230424131
Leftmost,222.0,0.9958964403531128,0.9803672389809458
Leftmost,222.5,0.9955898459356418,0.9800073505948036
Leftmost,223.0,0.9958530762539182,0.980329415749411
Leftmost,223.5,0.9959939118310307,0.980559672496929
Leftmost,224.0,0.9960018932137681,0.9807297058882327
Leftmost,224.5,0.9958664666112957,0.9808583830161026
Leftmost,225.0,0.9955771564120804,0.9809572548409229
Leftmost,225.5,0.9953315372756134,0.9810333651056289
Leftmost,226.0,0.9953000864665232,0.9810906293172695
Leftmost,226.5,0.9952685381417951,0.9811302920242164
Leftmost,227.0,0.9952370348171482,0.9811505123234364
Leftmost,227.5,0.9952057254130775,0.981144550904842
Leftmost,228.0,0.9951747637753611,0.9810956959611389
Leftmost,228.5,0.9951443071251476,0.9809630590080631
Leftmost,229.0,0.9951145144567671,0.9806405061527084
Leftmost,229.5,0.9952908652823762,0.9800817160274995
Leftmost,230.0,0.9967106017175467,0.9811821621865651
Leftmost,230.5,0.9960405653826051,0.9815697733819764
Leftmost,231.0,0.995005133758636,0.981693488559098
Leftmost,231.5,0.9949809933221394,0.9817160508517182
Leftmost,232.0,0.994958416692495,0.9816753059259182
Leftmost,232.5,0.9949375301564122,0.981557798505325
Leftmost,233.0,0.9949184494444181,0.9813062399095949
Leftmost,233.5,0.9949012785426681,0.980790871490545
Leftmost,234.0,0.9949024880046914,0.9797620737207102
Leftmost,234.5,0.9948730172286888,0.9807910607092134
Leftmost,235.0,0.9948620673545607,0.9814255868762229
Leftmost,235.5,0.9948533070515204,0.9817435430102596
Leftmost,236.0,0.9948467689412206,0.9819052410970943
Leftmost,236.5,0.9948424700177605,0.9819854193846066
Leftmost,237.0,0.9948404116139977,0.9820178507710179
Leftmost,237.5,0.9948405795494586,0.9820177891224278
Leftmost,238.0,0.9948429444565785,0.9819916033170474
Leftmost,238.5,0.9948474622795298,0.9819404678034307
Leftmost,239.0,0.9948540749375203,0.9818608656216353
Leftmost,239.5,0.9948627111422065,0.9817418374193648
Leftmost,240.0,0.9948732873567847,0.9815553163499109
Leftmost,240.5,0.9948857088824545,0.9812283933489153
Leftmost,241.0,0.9948998710562988,0.980580613296312
Leftmost,241.5,0.9949156605432383,0.9792610904251549
Leftmost,242.0,0.995412448616437,0.9785579478449964
Leftmost,242.5,0.9950657109638621,0.9782019629524978
Leftmost,243.0,0.9950989786149382,0.9787966074156824
Leftmost,243.5,0.994992599399084,0.9792535275393488
Leftmost,244.0,0.9950146202317645,0.9792081450745336
Leftmost,244.5,0.9950374856712858,0.9786336022539128
Leftmost,245.0,0.9959292894937255,0.9793170227577764
Leftmost,245.5,0.9964998028735483,0.9814718015474253
Leftmost,246.0,0.9951098248407739,0.9831638580216187
Leftmost,246.5,0.9951347626436909,0.9837142621868737
Leftmost,247.0,0.9956601467482759,0.9835791096232837
Leftmost,247.5,0.9959887689933664,0.9830297307153448
Leftmost,248.0,0.9957463236346762,0.9821464157665741
Leftmost,248.5,0.99523561462515,0.9813202151851759
Leftmost,249.0,0.9952606242017467,0.9810609169099955
Leftmost,249.5,0.9952853932049179,0.9803164776317216
Leftmost,250.0,0.9954064030294452,0.9801309254307669
Rightmost,0.0,1.000000000000001,1.0000000000000007
Rightmost,0.5,0.9999996505630391,0.9999867990027189
Rightmost,1.0,0.9999986027160362,0.9999687309998431
Rightmost,1.5,0.999996857858284,0.9999457645929312
Rightmost,2.0,0.9999944183472093,0.999917878834775
Rightmost,2.5,0.999991287535603,0.9998850635421324
Rightmost,3.0,0.9999874698223683,0.9998473195910126
Rightmost,3.5,0.9999829707154678,0.9998046591880201
Rightmost,4.0,0.999977796905377,0.9997571061107215
Rightmost,4.5,0.9999719563470542,0.9997046959095681
Rightmost,5.0,0.9999654583481496,0.9996474760635891
Rightmost,5.5,0.999958313660934,0.999585506081877
Rightmost,6.0,0.9999505345752245,0.9995188575428087
Rightmost,6.5,0.9999421350094325,0.9994476140630006
Rightmost,7.0,0.9999331305967611,0.999371871188178
Rightmost,7.5,0.9999235387635165,0.9992917361984353
Rightmost,8.0,0.9999133787965162,0.9992073278207554
Rightmost,8.5,0.9999026718966273,0.9991187758421572
Rightmost,9.0,0.9998914412155833,0.9990262206173823
Rightmost,9.5,0.999879711873404,0.9989298124656179
Rightmost,10.0,0.9998675109539652,0.9988297109513362
Rightmost,10.5,0.9998548674765327,0.9987260840448314
Rightmost,11.0,0.9998418123414157,0.998619107158438
Rightmost,11.5,0.9998283782482383,0.9985089620545856
Rightmost,12.0,0.9998145995857644,0.9983958356216993
Rightmost,12.5,0.9998005122926221,0.9982799185133522
Rightmost,13.0,0.9997861536887679,0.998161403644792
Rightmost,13.5,0.9997715622780056,0.9980404845387782
Rightmost,14.0,0.9997567775223829,0.9979173535091748
Rightmost,14.5,0.9997418395898067,0.9977921996654506
Rightmost,15.0,0.9997267890767066,0.9976652067134049
Rightmost,15.5,0.9997116667081045,0.997536550515975
Rightmost,16.0,0.9996965130178952,0.9974063963612841
Rightmost,16.5,0.9996813680126242,0.9972748958607129
Rightmost,17.0,0.9996662708224509,0.9971421833639672
Rightmost,17.5,0.999651259343372,0.9970083717249162
Rightmost,18.0,0.9996363698751024,0.9968735471718471
Rightmost,18.5,0.999621636759282,0.9967377629130527
Rightmost,19.0,0.999607092022889,0.9966010309169158
Rightmost,19.5,0.9995927650318798,0.9964633109992874
Rightmost,20.0,0.9995786821601367,0.996324495848989
Rightmost,20.5,0.999564866478811,0.9961843897763096
Rightmost,21.0,0.9995513374710541,0.9960426774979596
Rightmost,21.5,0.9995381107769622,0.9958988766208035
Rightmost,22.0,0.9995251979733351,0.9957522625165014
Rightmost,22.5,0.999512606392498,0.995601744535436
Rightmost,23.0,0.9995003389840759,0.9954456524178436
Rightmost,23.5,0.999488394223108,0.9952813479181272
Rightmost,24.0,0.9998486142672643,0.9951044747838121
Rightmost,24.5,0.9994997925029069,0.994907407287924
Rightmost,25.0,0.9994544129226683,0.9964524659023858
Rightmost,25.5,0.9994436536090282,0.997113883857495
Rightmost,26.0,0.999433142537662,0.9970334955946454
Rightmost,26.5,0.9994228522848028,0.9965092666621143
Rightmost,27.0,0.9994127517671321,0.9958903168835476
Rightmost,27.5,0.999402806568716,0.9953990687016627
Rightmost,28.0,0.9993929793155425,0.9950451194056059
Rightmost,28.5,0.9993832300941199,0.9947740341554736
Rightmost,29.0,0.9993735169098995,0.994547298663542
Rightmost,29.5,0.9993637961806237,0.994343627874613
Rightmost,30.0,0.999354023259121,0.9941507109538008
Rightmost,30.5,0.9993441529795106,0.9939602327927313
Rightmost,31.0,0.9993341402203596,0.993765128290239
Rightmost,31.5,0.9993239404779256,0.9935575936011904
Rightmost,32.0,0.9994115222953002,0.9933267502162677
Rightmost,32.5,0.9996347759691312,0.9930545122293388
Rightmost,33.0,0.9992917956417608,0.9945166349966759
Rightmost,33.5,0.999280435307594,0.9956981584195995
Rightmost,34.0,0.9992686945980177,0.9957492757184221
Rightmost,34.5,0.9992565444072598,0.9951837131578432
Rightmost,35.0,0.9992439599345756,0.9945268775330816
Rightmost,35.5,0.9992309210798055,0.9940117406691601
Rightmost,36.0,0.9992174127872097,0.9936278719860463
Rightmost,36.5,0.999203425332579,0.9933232206767841
Rightmost,37.0,0.9991889545493228,0.9930625344545022
Rightmost,37.5,0.999174001990017,0.9928252232761319
Rightmost,38.0,0.9991585750207403,0.9925984892228511
Rightmost,38.5,0.9991426868463998,0.9923730275080173
Rightmost,39.0,0.9991263564661796,0.9921402995333832
Rightmost,39.5,0.9991096085591642,0.9918900311023269
Rightmost,40.0,0.9990924733011423,0.9916063663295357
Rightmost,40.5,0.999077934055625,0.9912593083940535
Rightmost,41.0,0.9990571873541656,0.99320564314811
Rightmost,41.5,0.9990391219329069,0.9936018736937338
Rightmost,42.0,0.9990208388911517,0.9930448766672272
Rightmost,42.5,0.9990023909159212,0.9923049816832261
Rightmost,43.0,0.9989838338151945,0.9917228666707698
Rightmost,43.5,0.9989768971594024,0.9912620929840008
Rightmost,44.0,0.999050915258284,0.9908523441415276
Rightmost,44.5,0.9989281006025864,0.990475700314835
Rightmost,45.0,0.9989097071611268,0.9905928917401475
Rightmost,45.5,0.9988915097784634,0.9906384576356173
Rightmost,46.0,0.9988735703181537,0.9906216571808107
Rightmost,46.5,0.998855949427187,0.9905521997859901
Rightmost,47.0,0.9988387059136321,0.9904378760748145
Rightmost,47.5,0.9993249792965955,0.9902827473445583
Rightmost,48.0,0.999224447384597,0.9900851439244515
Rightmost,48.5,0.9987897877325489,0.9926076512247048
Rightmost,49.0,0.9987745846628365,0.9947036693077156
Rightmost,49.5,0.9987600055465956,0.9951328331882602
Rightmost,50.0,0.998746086764191,0.994271249648385
Rightmost,50.5,0.9987328594574447,0.992797042315152
Rightmost,51.0,0.9987203492406063,0.9915494578677984
Rightmost,51.5,0.998708575969929,0.9907559730725581
Rightmost,52.0,0.9986975535729623,0.990208942027704
Rightmost,52.5,0.9986872899378386,0.9897463249916947
Rightmost,53.0,0.9986777868620343,0.9892735202726459
Rightmost,53.5,0.9986690400593079,0.9890607343529724
Rightmost,54.0,0.9986610392228058,0.9891259293953668
Rightmost,54.5,0.998653768141661,0.9890698659297883
Rightmost,55.0,0.9986472048678279,0.9889287729881552
Rightmost,55.5,0.9986413219293907,0.9887141642034231
Rightmost,56.0,0.9986360865861592,0.9909882994541439
Rightmost,56.5,0.9986314611230501,0.9918717966237195
Rightmost,57.0,0.9986274031765108,0.9914514703939573
Rightmost,57.5,0.9986238660891198,0.9905058638117309
Rightmost,58.0,0.9986207992874602,0.9897597208484608
Rightmost,58.5,0.9986181486784148,0.9892840324482594
Rightmost,59.0,0.9986158570591877,0.9889465667019989
Rightmost,59.5,0.998613864536574,0.9886701388314416
Rightmost,60.0,0.9986121089513124,0.9884168472507935
Rightmost,60.5,0.9986105263037125,0.9881642913532172
Rightmost,61.0,0.9988883100028221,0.9878947526550648
Rightmost,61.5,0.9989406908228491,0.9875896102401875
Rightmost,62.0,0.9986061572395577,0.9876282634759758
Rightmost,62.5,0.9987666245860585,0.9882970150094078
Rightmost,63.0,0.9986028911667946,0.9894038657180231
Rightmost,63.5,0.9986009516271555,0.9927518754815847
Rightmost,64.0,0.998598720168328,0.9941146405434558
Rightmost,64.5,0.9986825343555422,0.9939795054640788
Rightmost,65.0,0.9988011490296516,0.9928599756022229
Rightmost,65.5,0.9988628645493056,0.9913824323464363
Rightmost,66.0,0.9988728577378644,0.9902115362863206
Rightmost,66.5,0.9988371543186279,0.9894454723805043
Rightmost,67.0,0.998762432453657,0.9889245267903821
Rightmost,67.5,0.9986558206941515,0.9885286294553915
Rightmost,68.0,0.9985630884776141,0.9881922000513587
Rightmost,68.5,0.9985556074576687,0.9878761765325781
Rightmost,69.0,0.9985473047114872,0.9875509078931797
Rightmost,69.5,0.9985381463173301,0.987185623185455
Rightmost,70.0,0.998528102927552,0.9867579093769047
Rightmost,70.5,0.998517150027081,0.9881350320116488
Rightmost,71.0,0.9985052681849225,0.9909775462796416
Rightmost,71.5,0.9984924432971113,0.9920952885998213
Rightmost,72.0,0.9984786668190273,0.9918984792612188
Rightmost,72.5,0.9984639359844684,0.9909562822320175
Rightmost,73.0,0.9984482540083741,0.9899090361037134
Rightmost,73.5,0.9984464312898264,0.9890833330146594
Rightmost,74.0,0.998414080469965,0.9888108805993497
Rightmost,74.5,0.9983956267645868,0.9886616898747906
Rightmost,75.0,0.9983762978599725,0.9884832571236781
Rightmost,75.5,0.99835612907399,0.9882593056234127
Rightmost,76.0,0.998335162353505,0.9879828282243125
Rightmost,76.5,0.9983134462446362,0.9876401088635115
Rightmost,77.0,0.998314258742512,0.9885075510652883
Rightmost,77.5,0.9982700445108134,0.9900529992613462
Rightmost,78.0,0.9982443839220198,0.9904621018620456
Rightmost,78.5,0.9982202836327785,0.9909740188057392
Rightmost,79.0,0.9982823292309433,0.9909428408167315
Rightmost,79.5,0.9983764468466484,0.9906531200337657
Rightmost,80.0,0.9984529959502201,0.9901559386161571
Rightmost,80.5,0.9985086389685559,0.9895689843916196
Rightmost,81.0,0.998540587286123,0.9890009507069789
Rightmost,81.5,0.9985466656422403,0.9884835920717194
Rightmost,82.0,0.998525359522364,0.9879932694702087
Rightmost,82.5,0.99853089338395,0.9876378462324262
Rightmost,83.0,0.9985097073485072,0.9876375053585227
Rightmost,83.5,0.9982924004749071,0.9875515960221003
Rightmost,84.0,0.9981602949359795,0.9873865125465033
Rightmost,84.5,0.9980035682250005,0.9871219907037392
Rightmost,85.0,0.997903590494237,0.9867598109618687
Rightmost,85.5,0.9979156650805309,0.9868058868992348
Rightmost,86.0,0.9978622398182425,0.9873513321395868
Rightmost,86.5,0.998041734345873,0.9874055386446979
Rightmost,87.0,0.9978249754419726,0.987953279469426
Rightmost,87.5,0.9978080558878148,0.9892675949975823
Rightmost,88.0,0.9977923577113256,0.9900840471092935
Rightmost,88.5,0.9977779289183459,0.9904674384791322
Rightmost,89.0,0.9977648073212753,0.9904891601276344
Rightmost,89.5,0.9977530199598442,0.9902239015014005
Rightmost,90.0,0.9977425826275809,0.9897367578504692
Rightmost,90.5,0.9978239941559851,0.9894496979638068
Rightmost,91.0,0.9978885871557736,0.9894979654939323
Rightmost,91.5,0.9978986433383236,0.9901583679842817
Rightmost,92.0,0.9977142393513594,0.9901585781170329
Rightmost,92.5,0.9977154374230108,0.9899070699798106
Rightmost,93.0,0.9978023693114245,0.9896070076318305
Rightmost,93.5,0.9978111843902093,0.989320045317274
Rightmost,94.0,0.997745659449064,0.9890581026274982
Rightmost,94.5,0.9977062006374534,0.9890171742774453
Rightmost,95.0,0.9977075721665154,0.9890699873117439
Rightmost,95.5,0.9977097183591158,0.9890999902416422
Rightmost,96.0,0.9977125307159438,0.9891075378789055
Rightmost,96.5,0.9977158953501886,0.9890942030404851
Rightmost,97.0,0.9977196942877329,0.9890621019577337
Rightmost,97.5,0.9977238068390842,0.9890129966573296
Rightmost,98.0,0.9977281110262443,0.9889470517155535
Rightmost,98.5,0.9977324850465635,0.9888608366660981
Rightmost,99.0,0.9977368087547178,0.9887436980533655
Rightmost,99.5,0.9977409651432887,0.9885711641364301
Rightmost,100.0,0.9977448418020781,0.988294779083169
Rightmost,100.5,0.9977797838038037,0.9878319256096357
Rightmost,101.0,0.9977736023522604,0.9870647762966578
Rightmost,101.5,0.9986439363522032,0.9875287309562474
Rightmost,102.0,0.9989893069362006,0.98807288399331
Rightmost,102.5,0.998458462222623,0.9884145513581537
Rightmost,103.0,0.9977568540163113,0.988581910663411
Rightmost,103.5,0.9978231767645042,0.9886066253691751
Rightmost,104.0,0.997869689867875,0.9885261034122098
Rightmost,104.5,0.9978897559021951,0.988380415104985
Rightmost,105.0,0.9978998289848748,0.988203798868985
Rightmost,105.5,0.9979101502338407,0.9880167773456083
Rightmost,106.0,0.9979238968356698,0.9878241361149845
Rightmost,106.5,0.9979364974364324,0.9876155882105906
Rightmost,107.0,0.997935131877704,0.9873606281859635
Rightmost,107.5,0.9978984293247964,0.9869836833984964
Rightmost,108.0,0.9979479784372203,0.9867183970853873
Rightmost,108.5,0.9977048647696625,0.9877804550088595
Rightmost,109.0,0.9976960827516872,0.9879602348046409
Rightmost,109.5,0.9976869649840441,0.9878681629775644
Rightmost,110.0,0.9977673187009087,0.9878513629627761
Rightmost,110.5,0.9978569899954832,0.9879194277815453
Rightmost,111.0,0.9978678723961895,0.9879700427002451
Rightmost,111.5,0.9977926609100566,0.9880035799962341
Rightmost,112.0,0.9976454121740402,0.9880607655280151
Rightmost,112.5,0.9976449850462118,0.9881298569955485
Rightmost,113.0,0.9976453618578495,0.9881967797867182
Rightmost,113.5,0.997644988844437,0.9882616721836883
Rightmost,114.0,0.9976418105543282,0.988324271774586
Rightmost,114.5,0.997633267411336,0.9883838939496219
Rightmost,115.0,0.9976163008924579,0.9884394605500354
Rightmost,115.5,0.9975946953084297,0.9884895378483004
Rightmost,116.0,0.9975919113522045,0.9885323410397779
Rightmost,116.5,0.9975903118436733,0.9885656402112486
Rightmost,117.0,0.9975899508490338,0.9885864370125986
Rightmost,117.5,0.9975908692495764,0.9885901018783543
Rightmost,118.0,0.9975930942347357,0.9885681293957767
Rightmost,118.5,0.9975966389741866,0.9885018836802673
Rightmost,119.0,0.9976015024718211,0.9883429499993606
Rightmost,119.5,0.9976076696018443,0.9879443084396597
Rightmost,120.0,0.9976671302320061,0.9876022445434672
Rightmost,120.5,0.9976237850774851,0.9885940821207742
Rightmost,121.0,0.9976336353329724,0.9888573924154473
Rightmost,121.5,0.9976445943153421,0.9889258321689867
Rightmost,122.0,0.9976565828633053,0.9889431022866196
Rightmost,122.5,0.9976695114256678,0.9889456334183466
Rightmost,123.0,0.997683281174607,0.9889440404031405
Rightmost,123.5,0.9976977852199937,0.9889419396900005
Rightmost,124.0,0.997712909907041,0.9889407121235899
Rightmost,124.5,0.9977285361787259,0.9889408840783558
Rightmost,125.0,0.9977445409838984,0.9889425647058164
Rightmost,125.5,0.9977607987117538,0.9889455684356647
Rightmost,126.0,0.9977771826334098,0.9889493942279444
Rightmost,126.5,0.9977935663316794,0.9889530857421657
Rightmost,127.0,0.9978098251007783,0.988954908342209
Rightmost,127.5,0.9978258372985845,0.9889516436771245
Rightmost,128.0,0.997841485635223,0.9889369669324815
Rightmost,128.5,0.9978566583830966,0.9888973937194226
Rightmost,129.0,0.9978712504950412,0.988801210944412
Rightmost,129.5,0.997885164618976,0.9885663466695493
Rightmost,130.0,0.9978983119992746,0.9879735804760983
Rightmost,130.5,0.9980775967482675,0.9876894372480066
Rightmost,131.0,0.9979219990430834,0.9885452399621162
Rightmost,131.5,0.9979324105607454,0.9889103815775779
Rightmost,132.0,0.9979417999550295,0.9890767883768756
Rightmost,132.5,0.9979501305698092,0.9891438254994568
Rightmost,133.0,0.9979573770740701,0.9891253529720022
Rightmost,133.5,0.997963525461268,0.9889785981135828
Rightmost,134.0,0.997968572927121,0.9885973540563262
Rightmost,134.5,0.9979725276327022,0.9884934496187735
Rightmost,135.0,0.9979754083609849,0.9889693084294435
Rightmost,135.5,0.9979772440761187,0.9892610733368408
Rightmost,136.0,0.9979780733956092,0.9894585352964644
Rightmost,136.5,0.997977943986277,0.9896039612726284
Rightmost,137.0,0.9979769118953363,0.9897108646354034
Rightmost,137.5,0.9979750408282068,0.9897679437972491
Rightmost,138.0,0.9979724013847125,0.9897264544477778
Rightmost,138.5,0.9979690702651728,0.9894706424165937
Rightmost,139.0,0.9979651294575456,0.9887918376430975
Rightmost,139.5,0.9980936459352574,0.9879029135561543
Rightmost,140.0,0.9979557682427425,0.9886057106216711
Rightmost,140.5,0.9979505308766995,0.9890979506824361
Rightmost,141.0,0.9979450483065555,0.9894824730453329
Rightmost,141.5,0.9979394168061212,0.9898162778334244
Rightmost,142.0,0.997933733203748,0.9901292719298469
Rightmost,142.5,0.997928094188991,0.9904321488344243
Rightmost,143.0,0.997922595660725,0.9907155964964737
Rightmost,143.5,0.9979173321195431,0.9909430849095033
Rightmost,144.0,0.9979123961062034,0.9910378413865779
Rightmost,144.5,0.997907877686884,0.9908561657403907
Rightmost,145.0,0.997903863985071,0.9901275417440683
Rightmost,145.5,0.9979004387590708,0.9894715858163476
Rightmost,146.0,0.9978976820234204,0.9892634371652398
Rightmost,146.5,0.9978956697118558,0.9883956704995458
Rightmost,147.0,0.9979350835611265,0.9882500366976108
Rightmost,147.5,0.9978941599378459,0.9887120308636159
Rightmost,148.0,0.9978947914290074,0.9889382807109379
Rightmost,148.5,0.9978964248194275,0.9888677218133555
Rightmost,149.0,0.9978991118260572,0.9884589738784348
Rightmost,149.5,0.9979028987619745,0.9876923107093911
Rightmost,150.0,0.9979078264018066,0.9865635987133508
Rightmost,150.5,0.9980967807280987,0.9865821984877434
Rightmost,151.0,0.9979889192639111,0.9867892873282811
Rightmost,151.5,0.9979297758423811,0.986979471083563
Rightmost,152.0,0.9979395594515188,0.9871603926933985
Rightmost,152.5,0.9979506009249159,0.9873371670577408
Rightmost,153.0,0.9979629058055349,0.9875108437941456
Rightmost,153.5,0.9979764735479157,0.9876723976614412
Rightmost,154.0,0.9979912974907745,0.9877857286884123
Rightmost,154.5,0.9980073648453875,0.9877477583747525
Rightmost,155.0,0.9980246567019884,0.9873163084593399
Rightmost,155.5,0.9980431480567393,0.986488518492742
Rightmost,156.0,0.9980628078621101,0.9867198798420989
Rightmost,156.5,0.9980835991036265,0.9862195762387456
Rightmost,157.0,0.9981054789060048,0.985689272120527
Rightmost,157.5,0.9981283986716076,0.9856673118979806
Rightmost,158.0,0.9981655707196857,0.985374710058826
Rightmost,158.5,0.9981771361688778,0.9854904037188121
Rightmost,159.0,0.9982028298449257,0.985484926344791
Rightmost,159.5,0.998586126821926,0.9861595209444177
Rightmost,160.0,0.9982565205513969,0.9870324312501858
Rightmost,160.5,0.998284365839037,0.9874199795950521
Rightmost,161.0,0.9983127701961161,0.9876091982171655
Rightmost,161.5,0.9983416488310843,0.9877215059590778
Rightmost,162.0,0.9983709142397925,0.987798259910261
Rightmost,162.5,0.9984004767379506,0.9878501823619175
Rightmost,163.0,0.9984302450254835,0.9878719338533581
Rightmost,163.5,0.9984601267783073,0.9878381960374992
Rightmost,164.0,0.9984900292623344,0.987682174042941
Rightmost,164.5,0.9985198599638405,0.987255018740115
Rightmost,165.0,0.9985495272297644,0.98630078630273
Rightmost,165.5,0.9985789409110273,0.9859265496796255
Rightmost,166.0,0.9986080130016068,0.9859792015198663
Rightmost,166.5,0.9986366582658562,0.9855699020643787
Rightmost,167.0,0.9993007186180576,0.985905876895026
Rightmost,167.5,0.9992715564054888,0.9865717745861422
Rightmost,168.0,0.998719234870832,0.9867134470521723
Rightmost,168.5,0.9987453965419351,0.9863682091954705
Rightmost,169.0,0.9987707669464766,0.9869962835979157
Rightmost,169.5,0.9987952890436901,0.9875470020204276
Rightmost,170.0,0.9988189120079165,0.9878601134097039
Rightmost,170.5,0.9988415915082063,0.9879855180222182
Rightmost,171.0,0.9988632899202867,0.9878590366044281
Rightmost,171.5,0.9988839764682413,0.9873117561408101
Rightmost,172.0,0.998903627294289,0.9861240242183217
Rightmost,172.5,0.9989222254561256,0.9863605466604892
Rightmost,173.0,0.9989397608523953,0.9866797855686663
Rightmost,173.5,0.9989562300779298,0.986891616521018
Rightmost,174.0,0.9989716362114851,0.987025522318478
Rightmost,174.5,0.9989859885397013,0.9870862281224444
Rightmost,175.0,0.9989993022219693,0.9870543375954788
Rightmost,175.5,0.9990115979017569,0.9868817018406252
Rightmost,176.0,0.9990229012707,0.986488073702392
Rightmost,176.5,0.9990332425924116,0.9859615318146824
Rightmost,177.0,0.9990426561934662,0.9862471986747068
Rightmost,177.5,0.9990511799293964,0.9863918134938259
Rightmost,178.0,0.9990588546337467,0.9863936835082457
Rightmost,178.5,0.9990657235583063,0.986208791870414
Rightmost,179.0,0.999071831812558,0.9857360282488141
Rightmost,179.5,0.9991549354309694,0.9848181601840453
Rightmost,180.0,0.9990819527297534,0.9847210479122553
Rightmost,180.5,0.999086059997394,0.9853370795764959
Rightmost,181.0,0.9990895947962217,0.9858291433470932
Rightmost,181.5,0.9990926036095423,0.9861234824239528
Rightmost,182.0,0.9990951318016088,0.9862852056896598
Rightmost,182.5,0.9990972232399968,0.9863538392316336
Rightmost,183.0,0.9990989199623488,0.9863517246564575
Rightmost,183.5,0.9991002618892831,0.9862881842942279
Rightmost,184.0,0.999101286584249,0.9861582456558361
Rightmost,184.5,0.9991020290601111,0.9859312986858482
Rightmost,185.0,0.9991025216312801,0.9855187651187007
Rightmost,185.5,0.999102793809294,0.9847153872565063
Rightmost,186.0,0.9992150669343804,0.9843050408852265
Rightmost,186.5,0.9991027806711368,0.9845983564441871
Rightmost,187.0,0.9991025399685871,0.9846462070253428
Rightmost,187.5,0.9991021681388597,0.9845673125714786
Rightmost,188.0,0.9991016803902382,0.9844156983571763
Rightmost,188.5,0.999101089204582,0.9842133225916214
Rightmost,189.0,0.9991004044217989,0.9839647313975813
Rightmost,189.5,0.9990996333304465,0.9836611780541695
Rightmost,190.0,0.999098780759203,0.9832779338540972
Rightmost,190.5,0.9990978491642984,0.9827636846961222
Rightmost,191.0,0.9992057604969266,0.9832786409355544
Rightmost,191.5,0.9990957473274975,0.9850258839530079
Rightmost,192.0,0.9990945707814448,0.9854805196037486
Rightmost,192.5,0.9990933026877641,0.9851736005350712
Rightmost,193.0,0.9990965124784266,0.9845351501203502
Rightmost,193.5,0.9991822733205987,0.9837542845774818
Rightmost,194.0,0.999088853308327,0.98327973512225
Rightmost,194.5,0.9990871124151584,0.9832053216295725
Rightmost,195.0,0.9990852157203756,0.9830564694571798
Rightmost,195.5,0.9990831436062378,0.9828200065528059
Rightmost,196.0,0.9990808740313821,0.9824477444713392
Rightmost,196.5,0.9990783824420357,0.9818299129531266
Rightmost,197.0,0.9992980759843927,0.9818598399608378
Rightmost,197.5,0.9990726219154715,0.9822588783227811
Rightmost,198.0,0.999069290543104,0.9823818968507938
Rightmost,198.5,0.9990656121599135,0.982359770748068
Rightmost,199.0,0.9990615485186521,0.982261988634185
Rightmost,199.5,0.9990570585301618,0.9821210848957846
Rightmost,200.0,0.9990520982979203,0.981951609654103
Rightmost,200.5,0.9990466211932713,0.9817596525096335
Rightmost,201.0,0.9990405779760059,0.9815469817909656
Rightmost,201.5,0.9990339169642222,0.9813126531598305
Rightmost,202.0,0.9990265842565232,0.9810533497122812
Rightmost,202.5,0.9990185240086225,0.9807628451791894
Rightmost,203.0,0.9990096787653452,0.980430452880058
Rightmost,203.5,0.9989999898478665,0.9800377357117868
Rightmost,204.0,0.9989893977948299,0.9795516075310311
Rightmost,204.5,0.9989778428547533,0.9789092055056416
Rightmost,205.0,0.9990228589048463,0.9779834343794898
Rightmost,205.5,0.998951607138792,0.9784992092706171
Rightmost,206.0,0.9989527180738061,0.9798715550483916
Rightmost,206.5,0.998920820413783,0.9803750152884473
Rightmost,207.0,0.998903584603957,0.9804091655602397
Rightmost,207.5,0.9988850541418766,0.98027733153919
Rightmost,208.0,0.9988651842564137,0.9800876983036624
Rightmost,208.5,0.9988439349844028,0.9798776276881532
Rightmost,209.0,0.9988212718282236,0.9796615279164337
Rightmost,209.5,0.9987971663846102,0.9794453740852159
Rightmost,210.0,0.9987715969341475,0.979231516988863
Rightmost,210.5,0.9987445489811657,0.9790205673290356
Rightmost,211.0,0.9987160157342209,0.9788122139501155
Rightmost,211.5,0.9986859985179841,0.9786055785859952
Rightmost,212.0,0.9986545071082222,0.9783993398224703
Rightmost,212.5,0.9986343352903471,0.9781917200184858
Rightmost,213.0,0.998587184480762,0.979440538922011
Rightmost,213.5,0.9985514168700337,0.9809367176929955
Rightmost,214.0,0.9985143023113088,0.9822319489526464
Rightmost,214.5,0.9984758947251744,0.9833269743211661
Rightmost,215.0,0.9984362565566809,0.9842185584856878
Rightmost,215.5,0.9983954584403569,0.9848955884565248
Rightmost,216.0,0.9983535787681785,0.985330609248492
Rightmost,216.5,0.9983107031648203,0.9854624355574069
Rightmost,217.0,0.9982669238760012,0.9851681420225072
Rightmost,217.5,0.998222339077135,0.9853964059919418
Rightmost,218.0,0.9981770521107787,0.98572937516164
Rightmost,218.5,0.9981311706625092,0.9856207413145622
Rightmost,219.0,0.9980848058858375,0.9851544566298145
Rightmost,219.5,0.9984455321171212,0.9861946313182198
Rightmost,220.0,0.9979910827855061,0.9878292983536975
Rightmost,220.5,0.9981438915245667,0.9884385882743671
Rightmost,221.0,0.998474025798901,0.9882159890928311
Rightmost,221.5,0.997849748088627,0.9876346882542117
Rightmost,222.0,0.9978028940917899,0.9881748434106198
Rightmost,222.5,0.9977563532024762,0.9880962620833951
Rightmost,223.0,0.9977102306348126,0.9876506703320843
Rightmost,223.5,0.9976646268786293,0.987016665880304
Rightmost,224.0,0.9976196369685586,0.9863031864677978
Rightmost,224.5,0.9975753498250253,0.9855696536003455
Rightmost,225.0,0.9975318476737083,0.9848466442768907
Rightmost,225.5,0.9974892055486281,0.9841490043046394
Rightmost,226.0,0.9974474908825443,0.9834821778778029
Rightmost,226.5,0.9974067631868094,0.9828446353263703
Rightmost,227.0,0.9973670738213182,0.9822283588004875
Rightmost,227.5,0.9973284658536773,0.981618067222881
Rightmost,228.0,0.9972909740052881,0.9809887553907752
Rightmost,228.5,0.9972546246806703,0.980299937439827
Rightmost,229.0,0.9972194360751159,0.979483121103949
Rightmost,229.5,0.9974048436837015,0.9804953751387254
Rightmost,230.0,0.9971525739013549,0.9828263809624289
Rightmost,230.5,0.9971208976162467,0.9836572137799275
Rightmost,231.0,0.997090377271516,0.9835702685969554
Rightmost,231.5,0.9970609939033095,0.9831053296749108
Rightmost,232.0,0.9970327222362612,0.9825651828059037
Rightmost,232.5,0.9970055311309237,0.9820348242847828
Rightmost,233.0,0.9969793840455023,0.9814769661650203
Rightmost,233.5,0.9969542395037311,0.9807604662996728
Rightmost,234.0,0.9969300515613433,0.9796342979065837
Rightmost,234.5,0.9969067702643568,0.9785850941564005
Rightmost,235.0,0.9968843420933162,0.979030962849105
Rightmost,235.5,0.9968627103886721,0.9791882080549658
Rightmost,236.0,0.9968418157535944,0.9791955210411734
Rightmost,236.5,0.996821596431714,0.9791201238864375
Rightmost,237.0,0.9968019886584933,0.9789928938492248
Rightmost,237.5,0.9967829269861519,0.9788265644623763
Rightmost,238.0,0.9967643445832445,0.9786238808622342
Rightmost,238.5,0.996746173511112,0.9783807938764383
Rightmost,239.0,0.9967283449804454,0.9780870087913396
Rightmost,239.5,0.9967107895920957,0.977724605098072
Rightmost,240.0,0.9966934375670217,0.9772644587107836
Rightmost,240.5,0.9966762189708332,0.976659279025429
Rightmost,241.0,0.9966590639387901,0.975830980813929
Rightmost,241.5,0.9966419029072972,0.9763680339353007
Rightmost,242.0,0.996624666857908,0.9774023730201089
Rightmost,242.5,0.9966072875796234,0.9772948271794786
Rightmost,243.0,0.9967320975618433,0.9778907442987286
Rightmost,243.5,0.9965718322733428,0.9782606059590904
Rightmost,244.0,0.9965536265789396,0.9781519190651305
Rightmost,244.5,0.9965350190501757,0.9776221258172944
Rightmost,245.0,0.9969215667036003,0.9771972829060395
Rightmost,245.5,0.9982477598748475,0.9781245656858485
Rightmost,246.0,0.997221338550792,0.9792632040333227
Rightmost,246.5,0.9964554332780822,0.9817400518198927
Rightmost,247.0,0.9964339952069736,0.9831582127216619
Rightmost,247.5,0.9964118550392441,0.9838089936124222
Rightmost,248.0,0.9963889794693848,0.983807925675886
Rightmost,248.5,0.9963653415186534,0.9831937125308592
Rightmost,249.0,0.9964025492408923,0.9839022203339903
Rightmost,249.5,0.9963157057323595,0.9843749274906616
Rightmost,250.0,0.9962896908189484,0.9846642693515824
