time,exact_dirichlet_energy,small_q_dirichlet_energy,exact_chern_solid_angle,small_q_chern_solid_angle,exact_chern_mesh_integral,small_q_chern_mesh_integral,exact_centered_dirichlet_energy,small_q_centered_dirichlet_energy,exact_centered_chern_mesh_integral,small_q_centered_chern_mesh_integral,exact_opposite_curvature_fraction,small_q_opposite_curvature_fraction,exact_max_norm_error,small_q_max_norm_error
0.0,5.651218690607489,5.651218690607489,1.0000000000000002,1.0000000000000002,0.9999999999999999,0.9999999999999999,5.643321987026283,5.643321987026283,0.9984827827845653,0.9984827827845653,0.40566369900910415,0.40566369900910415,2.220446049250313e-16,2.220446049250313e-16
0.04,5.616709931098999,5.638922900330046,1.0,1.0000000000000002,1.0,0.9999999999999999,5.608946974927917,5.631176489256862,0.9985159330703492,0.9985039730113545,0.40566369900910415,0.40506010764046074,2.220446049250313e-16,2.220446049250313e-16
0.08,5.5815999718630716,5.627068631619703,1.0,1.0,1.0,1.0,5.573969568163933,5.6194596192230355,0.9985486015972104,0.9985239711786942,0.40566369900910415,0.40445651627181733,2.220446049250313e-16,2.220446049250313e-16
0.12,5.545895083422639,5.615610399508567,1.0,1.0,0.9999999999999999,1.0,5.538395868548317,5.608127972680909,0.9985807384111482,0.9985428916256561,0.405462501886223,0.40445651627181733,2.220446049250313e-16,2.220446049250313e-16
0.16,5.509602891447841,5.604510984053171,1.0000000000000002,1.0,0.9999999999999999,1.0,5.502233330362946,5.597145917985821,0.9986122928814545,0.9985608356221657,0.405462501886223,0.4034505306574116,2.220446049250313e-16,2.220446049250313e-16
0.2,5.472732440432368,5.593739308474946,1.0000000000000002,1.0,0.9999999999999999,0.9999999999999999,5.465490824241442,5.586483625682015,0.9986432137610463,0.9985778920753183,0.4052613047633419,0.40244454504300586,2.220446049250313e-16,2.220446049250313e-16
0.24,5.435294255762159,5.583269006251441,0.9999999999999999,1.0000000000000002,1.0,1.0,5.428178699434819,5.576115730577795,0.9986734492428947,0.9985941389046283,0.4052613047633419,0.4014385594286002,2.220446049250313e-16,2.220446049250313e-16
0.28,5.3973004036174395,5.5730774119250395,1.0,0.9999999999999999,1.0,1.0,5.390308843894571,5.566020385465078,0.9987029470109432,0.9986096445088105,0.4052613047633419,0.4002313766913133,2.220446049250313e-16,2.220446049250313e-16
0.32,5.358764548109234,5.563144826545593,1.0,0.9999999999999999,1.0,1.0,5.351894741568525,5.556178569963406,0.9987316542837416,0.9986244691183,0.40506010764046074,0.3988229968311453,2.220446049250313e-16,2.220446049250313e-16
0.36,5.319702005013714,5.553453968571149,1.0,1.0000000000000002,1.0,1.0,5.312951526266395,5.546573572338821,0.9987595178488633,0.9986386659745714,0.40506010764046074,0.39842060258538303,2.220446049250313e-16,2.220446049250313e-16
0.4,5.280129791432627,5.543989554228577,1.0,1.0,0.9999999999999999,0.9999999999999999,5.2734960314162915,5.537190592473628,0.9987864840859912,0.9986522823338062,0.4048589105175796,0.39761581409385843,2.220446049250313e-16,2.220446049250313e-16
0.44,5.24006667067651,5.534737970761104,0.9999999999999997,0.9999999999999999,0.9999999999999999,0.9999999999999999,5.233546835001375,5.528016432012807,0.9988124989763967,0.9986653603123251,0.4048589105175796,0.39721341984809616,2.220446049250313e-16,2.220446049250313e-16
0.48,5.199533191640296,5.525687017886384,1.0,1.0,1.0,1.0,5.193124298938125,5.519039248690878,0.9988375080963535,0.99867793759634,0.4048589105175796,0.3962074342336905,2.220446049250313e-16,2.220446049250313e-16
0.52,5.158551721918938,5.516825700351417,1.0,1.0,1.0,1.0,5.152250602135194,5.510248358846292,0.9988614565918639,0.9986900480379649,0.4048589105175796,0.3954026457421659,2.220446049250313e-16,2.220446049250313e-16
0.56,5.117146473894999,5.508144059432358,1.0,1.0000000000000002,0.9999999999999999,1.0,5.110949766455614,5.501634076739039,0.9988842891318881,0.9987017221568492,0.4048589105175796,0.3947990543735225,2.220446049250313e-16,2.220446049250313e-16
0.6,5.075343523021451,5.499633034571561,1.0,1.0,1.0,1.0,5.069247674795804,5.493187582401818,0.9989059498371099,0.9987129875637965,0.40465771339469847,0.39339067451335447,2.220446049250313e-16,2.220446049250313e-16
0.64,5.033170817522169,5.491284348652345,0.9999999999999999,1.0,0.9999999999999999,1.0,5.027172080493649,5.484900811909835,0.9989263821810851,0.9987238693199088,0.404054122026055,0.39278708314471106,2.220446049250313e-16,2.220446049250313e-16
0.68,4.990658178740675,5.483090412037961,1.0,1.0000000000000002,0.9999999999999999,1.0,4.9847526072854365,5.476766365475485,0.998945528860452,0.9987343902423487,0.404054122026055,0.3921834917760676,2.220446049250313e-16,2.220446049250313e-16
0.72,4.947837291385426,5.475044241668064,1.0,1.0,0.9999999999999999,1.0,4.942020739048677,5.468777429868029,0.9989633316307087,0.9987445711657705,0.40365172778029274,0.3909763090387807,2.220446049250313e-16,2.220446049250313e-16
0.76,4.904741682948009,5.467139392357028,1.0,1.0,1.0,1.0,4.8990097985954595,5.4609277124575915,0.9989797311038855,0.9987544311668088,0.4034505306574116,0.38956792917861277,2.220446049250313e-16,2.220446049250313e-16
0.8,4.861406691609823,5.459369898068492,1.0000000000000002,1.0000000000000002,0.9999999999999999,1.0,4.8557549148197,5.453211384775479,0.9989946665042573,0.9987639877576421,0.4030481364116493,0.3889643378099693,2.220446049250313e-16,2.220446049250313e-16
0.84,4.817869422003698,5.451730221413078,1.0,1.0,1.0,1.0,4.812292977552047,5.445623033928131,0.9990080753780618,0.9987732570535843,0.40264574216588706,0.38856194356420704,2.220446049250313e-16,2.220446049250313e-16
0.88,4.7741686882598575,5.444215209975101,1.0,1.0000000000000002,1.0,1.0,4.768662579538672,5.4381576205406255,0.9990198932529781,0.9987822539187455,0.4022433479201247,0.38815954931844476,2.220446049250313e-16,2.220446049250313e-16
0.92,4.730344943841198,5.4368200583496975,1.0,1.0000000000000002,1.0,1.0,4.724903945035176,5.430810442166068,0.9990300532429286,0.9987909920931174,0.4020421507972436,0.387153563704039,2.220446049250313e-16,2.220446049250313e-16
0.96,4.686440197760939,5.42954027498543,1.0000000000000002,1.0000000000000002,1.0,1.0,4.681058844594402,5.423577101299399,0.9990384855935195,0.9987994843038506,0.4020421507972436,0.3863487752125145,2.220446049250313e-16,2.220446049250313e-16
1.0,4.642497916876603,5.422371653094856,1.0,1.0000000000000002,1.0,1.0,4.637170495727146,5.416453477292683,0.9990451171631949,0.9988077423630248,0.4020421507972436,0.3861475780896333,2.220446049250313e-16,2.220446049250313e-16
1.04,4.598562914067684,5.415310245027704,1.0,1.0,0.9999999999999999,1.0,4.593283449227494,5.409435701594378,0.9990498708348902,0.9988157772538382,0.4014385594286002,0.3851415924752276,2.220446049250313e-16,2.220446049250313e-16
1.08,4.554681222230065,5.408352339606533,1.0,1.0000000000000002,0.9999999999999999,1.0,4.549443461079255,5.402520135834908,0.9990526648526504,0.9988235992068247,0.4010361651828379,0.38453800110658415,2.220446049250313e-16,2.220446049250313e-16
1.12,4.510899954157575,5.401494442009181,1.0000000000000002,1.0000000000000002,1.0,1.0,4.505697349996405,5.395703352361225,0.9990534120773094,0.9988312177674588,0.40043257381419445,0.38393440973794074,2.220446049250313e-16,2.220446049250313e-16
1.16,4.467267148529472,5.394733255850527,1.0000000000000002,1.0,1.0,1.0,4.4620928407975775,5.388982116887858,0.9990520191549083,0.9988386418562905,0.4000301795684322,0.38292842412353506,2.220446049250313e-16,2.220446049250313e-16
1.2,4.423831602381057,5.3880656671715315,1.0000000000000002,1.0000000000000002,0.9999999999999999,1.0,4.418678393971701,5.38235337298481,0.9990483855910447,0.9988458798225869,0.39942658819978877,0.38152004426336705,2.220446049250313e-16,2.220446049250313e-16
1.24,4.380642690601947,5.381488730088908,1.0,1.0000000000000002,1.0,1.0,4.375503021957502,5.375814228165932,0.999042402723779,0.9988529394923025,0.3996277853226699,0.38011166440319905,2.220446049250313e-16,2.220446049250313e-16
1.28,4.337750173181334,5.374999653896116,1.0000000000000002,1.0000000000000002,1.0,1.0,4.3326160928325015,5.369361941376967,0.9990339525870869,0.9988598282110907,0.3992253910769076,0.37930687591167445,2.220446049250313e-16,2.220446049250313e-16
1.32,4.295203991100239,5.368595791437261,1.0000000000000002,1.0,1.0,1.0,4.290067122285499,5.362993911712067,0.9990229066561,0.9988665528829588,0.39842060258538303,0.3791056787887933,2.220446049250313e-16,2.220446049250313e-16
1.36,4.253054051955421,5.36227462860117,1.0,1.0000000000000004,1.0000000000000002,1.0,4.247905554928508,5.356707668212017,0.9990091244645303,0.9988731200050868,0.3982194054625019,0.37809969317438763,2.220446049250313e-16,2.220446049250313e-16
1.4000000000000001,4.2113500065859935,5.356033774804413,1.0000000000000002,1.0,1.0,1.0,4.206180536187513,5.350500860618055,0.9989924520837006,0.9988795356992656,0.39801820833962076,0.37749610180574417,2.220446049250313e-16,2.220446049250313e-16
1.44,4.170141018159592,5.34987095435001,1.0,1.0,1.0,1.0,4.1649406761935985,5.344371250972335,0.9989727204515094,0.9988858057403355,0.39801820833962076,0.3770937075599819,2.220446049250313e-16,2.220446049250313e-16
1.48,4.129475525357261,5.343783998563837,1.0,1.0,1.0,1.0,4.124233807274403,5.338316705970718,0.9989497435384035,0.9988919355819699,0.3978170112167396,0.37608772194557616,2.220446049250313e-16,2.220446049250313e-16
1.52,4.0894010014720665,5.337770838623551,1.0000000000000002,1.0,1.0,1.0,4.084106736817119,5.332335189985842,0.998923316336034,0.9988979303800927,0.397012222725215,0.3756853276998139,2.220446049250313e-16,2.220446049250313e-16
1.56,4.049963711402441,5.331829499005821,1.0,1.0000000000000002,1.0,1.0,4.044604997435201,5.326424758688972,0.998893212652695,0.9989037950141902,0.397012222725215,0.374478144962527,2.220446049250313e-16,2.220446049250313e-16
1.6,4.011208468673716,5.32595809148698,1.0,1.0,1.0,1.0,4.005772596517692,5.320583553208058,0.998859182697891,0.9989095341067397,0.3964086313565716,0.37407575071676474,2.220446049250313e-16,2.220446049250313e-16
1.6400000000000001,3.9731783947562023,5.320154809640212,1.0,1.0,1.0,1.0,3.9676517673687672,5.314809794767114,0.9988209504364259,0.998915152040953,0.3964086313565716,0.37347215934812134,2.220446049250313e-16,2.220446049250313e-16
1.68,3.9359146830614713,5.3144179237792475,1.0,1.0000000000000002,1.0,0.9999999999999999,3.9302827242513865,5.309101779758613,0.9987782106902454,0.998920652977006,0.3954026457421659,0.37226497661083446,2.220446049250313e-16,2.220446049250313e-16
1.72,3.899456370085647,5.3087457763044394,1.0000000000000002,1.0000000000000002,1.0,1.0,3.8937034237285606,5.303457875206332,0.9987306259638842,0.9989260408669117,0.39459785725064134,0.3714601881193099,2.220446049250313e-16,2.220446049250313e-16
1.76,3.863840116225192,5.303136777412258,1.0,1.0000000000000002,1.0,1.0,3.8579493347441307,5.297876514580925,0.9986778229667521,0.9989313194681654,0.394195463004879,0.3706553996277853,2.220446049250313e-16,2.220446049250313e-16
1.8,3.8290999988124654,5.29758940113364,1.0,1.0,1.0,0.9999999999999999,3.823053219897742,5.292356193934865,0.9986193888026259,0.9989364923562872,0.3935918716362356,0.3690458226447362,2.220446049250313e-16,2.220446049250313e-16
1.84,3.79526731990097,5.292102181670495,1.0,1.0000000000000002,1.0,1.0,3.789044930341659,5.28689546832704,0.9985548667935861,0.9989415629363654,0.39318947739047333,0.36763744278456817,2.220446049250313e-16,2.220446049250313e-16
1.8800000000000001,3.7623704312700452,5.286673710003046,1.0,1.0000000000000004,1.0,1.0,3.7559512166563844,5.281492948510573,0.998483751902221,0.9989465344536941,0.39238468889894873,0.3672350485388059,2.220446049250313e-16,2.220446049250313e-16
1.92,3.7304345790124085,5.281302630743638,1.0,1.0,1.0,1.0,3.7237955579445394,5.2761472978602635,0.9984054857122306,0.9989514100035922,0.3911775061616619,0.3668326542930436,2.220446049250313e-16,2.220446049250313e-16
1.96,3.6994817699132887,5.275987639215181,1.0000000000000002,1.0000000000000002,1.0,1.0,3.692598011215693,5.270857229518517,0.9983194509235318,0.9989561925404759,0.3909763090387807,0.3664302600472813,2.220446049250313e-16,2.220446049250313e-16
2.0,3.6695306616254504,5.27072747873473,1.0000000000000002,1.0000000000000002,1.0,1.0,3.6623750829176167,5.2656215037408804,0.9982249653136361,0.998960884886253,0.38997032342437504,0.366027865801519,2.220446049250313e-16,2.220446049250313e-16
2.04,3.6405964783903815,5.265520938084647,1.0,1.0,1.0,1.0,3.633139624201732,5.260438925424126,0.9981212751123804,0.9989654897381013,0.38916553493285044,0.36562547155575675,2.220446049250313e-16,2.220446049250313e-16
2.08,3.6126909537538605,5.260366849155557,1.0,1.0,1.0,1.0000000000000002,3.60490075119395,5.255308341801647,0.9980075477320257,0.998970009675679,0.3889643378099693,0.364619485941351,2.220446049250313e-16,2.220446049250313e-16
2.12,3.5858223013772585,5.255264084746935,1.0000000000000002,1.0000000000000002,1.0,1.0,3.5776637911799045,5.250228640292329,0.9978828637893299,0.998974447167823,0.38856194356420704,0.3638146974498265,2.220446049250313e-16,2.220446049250313e-16
2.16,3.5599952146594345,5.250211556512433,1.0000000000000002,1.0,1.0,1.0,3.55143025521085,5.2451987464904954,0.9977462083503392,0.9989788045787756,0.38815954931844476,0.36280871183542074,2.220446049250313e-16,2.220446049250313e-16
2.2,3.5352108954648256,5.245208213038399,1.0,1.0000000000000002,1.0000000000000002,1.0,3.526197837200158,5.240217622285616,0.9975964613224156,0.9989830841739756,0.3875559579498013,0.36220512046677733,2.220446049250313e-16,2.220446049250313e-16
2.24,3.5114671118099485,5.240253038045046,1.0000000000000002,1.0000000000000002,1.0,1.0000000000000002,3.501960439119077,5.2352842641016215,0.9974323869113311,0.9989872881254567,0.38675116945827676,0.3616015290981339,2.220446049250313e-16,2.220446049250313e-16
2.2800000000000002,3.4887582839032785,5.235345048700766,1.0000000000000002,1.0000000000000002,1.0,1.0,3.4787082214244758,5.230397701246534,0.9972526220541507,0.99899141851688,0.38594638096675216,0.3611991348523716,2.220446049250313e-16,2.220446049250313e-16
2.32,3.4670755974738645,5.230483294040911,1.0000000000000002,1.0,1.0,1.0,3.456427677372323,5.225556994364017,0.9970556637310731,0.9989954773482297,0.38534278959810875,0.36039434636084705,2.220446049250313e-16,2.220446049250313e-16
2.36,3.4464071428744374,5.225666853483182,1.0,1.0,1.0,1.0,3.435101729401095,5.220761233979178,0.9968398550514052,0.9989994665402033,0.384336803983703,0.35958955786932245,2.220446049250313e-16,2.220446049250313e-16
2.4,3.4267380780179866,5.220894835432411,1.0,1.0000000000000002,1.0000000000000002,1.0,3.414709845322233,5.21600953913164,0.9966033700004457,0.999003387938315,0.3831296212464162,0.3587847693777979,2.220446049250313e-16,2.220446049250313e-16
2.44,3.408050812815489,5.216166375968245,1.0,1.0000000000000002,1.0,1.0,3.3952281716430086,5.211301056089524,0.996344196725251,0.9990072433167372,0.38252602987777273,0.3579799808862733,2.220446049250313e-16,2.220446049250313e-16
2.48,3.3903252124385697,5.211480637609685,1.0,1.0000000000000002,1.0000000000000002,1.0,3.3766296809830987,5.206634957138504,0.9960601192281187,0.9990110343818989,0.3809164528947236,0.3567727981489865,2.220446049250313e-16,2.220446049250313e-16
2.52,3.3735388164450275,5.206836808151029,1.0000000000000002,1.0000000000000002,1.0,1.0,3.3588843302407945,5.202010439440607,0.9957486973272223,0.999014762775861,0.38011166440319905,0.3559680096574619,2.220446049250313e-16,2.220446049250313e-16
2.56,3.3576670705861322,5.202234099564224,1.0,1.0,1.0,1.0000000000000002,3.3419592259276003,5.197426723957885,0.9954072447342598,0.9990184300794823,0.3797092701574368,0.3555656154116996,2.220446049250313e-16,2.220446049250313e-16
2.6,3.3426835679689235,5.197671746962974,1.0,1.0000000000000002,1.0000000000000002,1.0,3.325818792928199,5.192883054436451,0.9950328050893851,0.9990220378153937,0.3791056787887933,0.35496202404305616,2.220446049250313e-16,2.220446049250313e-16
2.64,3.32856029617828,5.193149007624435,1.0000000000000002,1.0000000000000002,1.0000000000000002,1.0,3.310424942861322,5.188378696446805,0.9946221257842575,0.9990255874507931,0.37809969317438763,0.35496202404305616,2.220446049250313e-16,2.220446049250313e-16
2.68,3.315267886973299,5.188665160064555,1.0000000000000002,1.0,1.0000000000000002,1.0,3.2957372382181425,5.183912936476609,0.9941716293950256,0.9990290804000754,0.37789849605150644,0.3539560384286505,2.220446049250313e-16,2.220446049250313e-16
2.72,3.302775865258704,5.184219503163534,1.0,1.0000000000000002,1.0000000000000002,1.0,3.2817130485381196,5.179485081072474,0.9936773825387432,0.9990325180273074,0.37729490468286303,0.35335244706000707,2.220446049250313e-16,2.220446049250313e-16
2.7600000000000002,3.291052894189944,5.179811355338062,1.0,1.0000000000000002,1.0000000000000002,1.0,3.2683076950450163,5.175094456027513,0.9931350619595302,0.9990359016485596,0.375886524822695,0.3531512499371259,2.220446049250313e-16,2.220446049250313e-16
2.8000000000000003,3.280067013493245,5.175440053757327,1.0000000000000002,1.0000000000000002,1.0000000000000002,1.0,3.255474580403174,5.1707404056117126,0.9925399176452013,0.9990392325341053,0.3752829334540516,0.35254765856848247,2.220446049250313e-16,2.220446049250313e-16
2.84,3.26978586835988,5.171104953599966,1.0000000000000002,1.0000000000000002,1.0,1.0,3.2431653005595584,5.166422291842372,0.9918867327717378,0.9990425119104928,0.37488053920828934,0.35154167295407673,2.220446049250313e-16,2.220446049250313e-16
2.88,3.2601769265964706,5.166805427349367,1.0000000000000002,1.0,1.0000000000000002,1.0,3.2313297360029773,5.16213949379208,0.9911697802726016,0.9990457409625038,0.3738745535938836,0.35113927870831446,2.220446049250313e-16,2.220446049250313e-16
2.92,3.2512076820683595,5.162540864124924,1.0,1.0,1.0,1.0,3.219916120190154,5.15789140693189,0.9903827758334696,0.9990489208350049,0.37306976510235906,0.35053568733967105,2.220446049250313e-16,2.220446049250313e-16
2.96,3.242845842848574,5.158310669047008,1.0,1.0,1.0,1.0,3.2088710833511302,5.1536774425075125,0.9895188271215556,0.9990520526346921,0.3714601881193099,0.3501332930939088,2.220446049250313e-16,2.220446049250313e-16
3.0,3.235059502868399,5.154114262633604,1.0000000000000002,1.0,1.0,1.0,3.1981396703868565,5.149497026946515,0.9885703790737479,0.9990551374317476,0.37025300538202305,0.3495297017252653,2.220446049250313e-16,2.220446049250313e-16
3.04,3.2278172962455605,5.14995108022668,1.0,1.0000000000000002,1.0000000000000002,1.0,3.1876653321041286,5.145349601294652,0.9875291550908659,0.999058176261403,0.3692470197676173,0.3489261103566219,2.220446049250313e-16,2.220446049250313e-16
3.08,3.2210885338318174,5.145820571446535,1.0,1.0000000000000002,1.0,1.0,3.1773898895938606,5.1412346206796045,0.9863860940184638,0.9990611701254233,0.36884462552185504,0.34832251898797845,2.220446049250313e-16,2.220446049250313e-16
3.12,3.214843321864509,5.141722199672443,1.0000000000000002,1.0000000000000002,0.9999999999999997,1.0,3.1672534721465797,5.137151553800485,0.9851312828400121,0.9990641199935093,0.36803983703033044,0.34711533625069163,2.220446049250313e-16,2.220446049250313e-16
3.16,3.209052662918731,5.13765544154807,1.0000000000000002,1.0,0.9999999999999978,1.0,3.157194429715545,5.133099882441634,0.9837538850687474,0.9990670268046324,0.36743624566168703,0.34590815351340476,2.220446049250313e-16,2.220446049250313e-16
3.2,3.203688539632987,5.133619786510229,1.0000000000000002,1.0000000000000002,0.9999999999999867,1.0,3.1471492215867873,5.1290791010092756,0.9822420649030646,0.9990698914682957,0.3666314571701625,0.3455057592676425,2.220446049250313e-16,2.220446049250313e-16
3.24,3.198723981917553,5.129614736339634,1.0,1.0,0.9999999999999305,1.0,3.1370522836033095,5.125088716089757,0.9805829073107268,0.9990727148657353,0.36562547155575675,0.3447009707761179,2.220446049250313e-16,2.220446049250313e-16
3.2800000000000002,3.194133118549508,5.125639804732399,1.0000000000000002,1.0,0.9999999999996605,1.0,3.126835877026222,5.121128246028126,0.9787623343334718,0.999075497851058,0.36482068306423215,0.3436949851617122,2.220446049250313e-16,2.220446049250313e-16
3.3200000000000003,3.1898912142112867,5.1216945168911385,1.0000000000000002,1.0000000000000002,0.9999999999984547,1.0,3.1164299229090817,5.11719722052593,0.9767650180604824,0.9990782412523258,0.3640158945727076,0.34248780242442534,2.220446049250313e-16,2.220446049250313e-16
3.36,3.185974693141553,5.117778409134551,1.0000000000000002,1.0,0.9999999999934288,1.0000000000000002,3.105761826724315,5.113295180257149,0.9745742909117924,0.9990809458725841,0.3630099089583019,0.34208540817866306,2.220446049250313e-16,2.220446049250313e-16
3.4,3.182361150640492,5.113891028524504,1.0,1.0000000000000002,0.9999999999738002,1.0000000000000002,3.094756298923211,5.109421676501289,0.9721720541066677,0.9990836124908414,0.36240631758965847,0.34168301393290074,2.220446049250313e-16,2.220446049250313e-16
3.44,3.179029353708721,5.110031932509636,1.0000000000000002,1.0000000000000002,0.9999999999018385,1.0,3.083335178142703,5.105576270792703,0.9695386854732144,0.9990862418630018,0.36180272622101506,0.34107942256425733,2.220446049250313e-16,2.220446049250313e-16
3.48,3.1759592321018233,5.106200688584607,1.0000000000000002,1.0,0.999999999653598,1.0,3.071417264898662,5.101758534585245,0.9666529480898806,0.9990888347227523,0.3601931492379659,0.34067702831849506,2.220446049250313e-16,2.220446049250313e-16
3.52,3.173131861050223,5.102396873964157,1.0000000000000002,1.0,0.9999999988460246,1.0,3.0589181748258363,5.097968048931465,0.963491901642651,0.9990913917824087,0.3591871636235602,0.3402746340727328,2.220446049250313e-16,2.220446049250313e-16
3.56,3.170529436818724,5.09862007527117,1.0000000000000002,1.0000000000000002,0.9999999963629856,1.0,3.045750221828568,5.0942044041755725,0.9600308188376859,0.9990939137337214,0.35818117800915444,0.3396710427040893,2.220446049250313e-16,2.220446049250313e-16
3.6,3.168135246138269,5.094869888238059,1.0,1.0000000000000002,0.9999999891317994,1.0,3.03182234286889,5.09046719965944,0.9562431097291503,0.9990964012486452,0.35637040390322416,0.3390674513354459,2.220446049250313e-16,2.220446049250313e-16
3.64,3.165933630280963,5.0911459174207145,1.0,1.0000000000000002,0.9999999691438396,1.0,3.01704007749373,5.086756043440976,0.9521002574019475,0.9990988549800721,0.3559680096574619,0.3390674513354459,2.220446049250313e-16,2.220446049250313e-16
3.68,3.1639099440615435,5.087447775924425,1.0,1.0000000000000002,0.9999999165972913,1.0,3.0013056165158827,5.083070552024242,0.9475717690759966,0.9991012755625311,0.35516322116593735,0.33846385996680245,2.220446049250313e-16,2.220446049250313e-16
3.72,3.1620505091405757,5.083775085141136,1.0000000000000002,1.0000000000000002,0.9999997849550659,1.0,2.9845179354019242,5.079410350100692,0.9426251473460884,0.9991036636128579,0.3545596297972939,0.33745787435239677,2.220446049250313e-16,2.220446049250313e-16
3.7600000000000002,3.1603425593559202,5.080127474497466,1.0,1.0,0.9999994700685741,1.0,2.966573028726694,5.075775070301019,0.9372258868943762,0.9991060197308336,0.35375484130576934,0.33725667722951563,2.220446049250313e-16,2.220446049250313e-16
3.8000000000000003,3.1587741729338057,5.076504581212973,1.0000000000000002,1.0000000000000002,0.9999987495809138,1.0,2.947364262323759,5.072164352957015,0.931337502544543,0.9991083444997939,0.35295005281424474,0.3368542829837533,2.220446049250313e-16,2.220446049250313e-16
3.84,3.1573341816638414,5.072906050068116,1.0,1.0,0.9999971698191535,1.0,2.9267828592499994,5.068577845873004,0.9249215948799833,0.9991106384872153,0.35254765856848247,0.33645188873799103,2.220446049250313e-16,2.220446049250313e-16
3.88,3.156012039656913,5.069331533181482,1.0000000000000002,1.0,0.9999938447510992,1.0,2.904718534131484,5.065015204106363,0.917937959723706,0.999112902245272,0.35154167295407673,0.3358482973693476,2.220446049250313e-16,2.220446049250313e-16
3.92,3.1547976233177533,5.065780689795798,1.0,1.0000000000000002,0.9999871153414038,1.0,2.8810602876378923,5.061476089756659,0.9103447474845026,0.9991151363113709,0.3509380815854333,0.33544590312358535,2.220446049250313e-16,2.220446049250313e-16
3.96,3.1536809190555886,5.062253186072299,1.0,1.0000000000000002,0.9999739988840713,1.0,2.855697368607218,5.057960171763033,0.9020986776643992,0.9991173412086637,0.3501332930939088,0.335043508877823,2.220446049250313e-16,2.220446049250313e-16
4.0,3.152651536009446,5.058748694893073,1.0000000000000002,1.0000000000000002,0.9999493392317085,1.0,2.828520405738533,5.054467125709398,0.8931553127339937,0.9991195174465364,0.3495297017252653,0.3342387203862985,2.220446049250313e-16,2.220446049250313e-16
4.04,3.151697958684316,5.055266895670996,1.0,1.0000000000000002,0.9999045547131447,1.0,2.7994227040399657,5.050996633637103,0.883469394280888,0.9991216655210794,0.3489261103566219,0.3330315376490116,2.220446049250313e-16,2.220446049250313e-16
4.08,3.1508064313355066,5.051807474166868,1.0000000000000002,1.0000000000000002,0.9998258770515108,1.0,2.7683016938650673,5.047548383864697,0.8729952431423548,0.9991237859155377,0.34832251898797845,0.3328303405261305,2.220446049250313e-16,2.220446049250313e-16
4.12,3.1499593463840583,5.048370122313475,1.0,1.0,0.9996919888991078,1.0,2.7350605131178365,5.044122070814468,0.8616872246112455,0.9991258791007425,0.34731653337357277,0.33262914340324934,2.220446049250313e-16,2.220446049250313e-16
4.16,3.149132998967581,5.044954538046191,1.0,1.0000000000000002,0.9994710065285434,1.0,2.6996096968992562,5.040717394845446,0.849500280298313,0.9991279455355248,0.3467129420049293,0.33182435491172474,2.220446049250313e-16,2.220446049250313e-16
4.2,3.1482945759908567,5.041560425139856,1.0,1.0,0.9991168224684697,1.0,2.661868944308687,5.037334062092564,0.8363905303417227,0.9991299856671132,0.3461093506362859,0.33081836929731906,2.220446049250313e-16,2.220446049250313e-16
4.24,3.147398277968074,5.038187493051638,1.0000000000000002,1.0000000000000002,0.998564921001607,1.0,2.621768929863709,5.033971784311697,0.8223159536454044,0.999131999931515,0.34530456214476135,0.3302147779286756,2.220446049250313e-16,2.220446049250313e-16
4.28,3.1463805314494535,5.034835456769594,1.0000000000000002,1.0000000000000002,0.9977279021247688,1.0,2.579253127201483,5.030630278730329,0.8072371595408887,0.9991339887538825,0.34449977365323675,0.3292087923142699,2.220446049250313e-16,2.220446049250313e-16
4.32,3.145154341732536,5.0315040366666866,1.0,1.0,0.9964910847067718,1.0,2.53427961497467,5.027309267903564,0.7911182709338939,0.9991359525488644,0.34731653337357277,0.3290075951913888,2.220446049250313e-16,2.220446049250313e-16
4.36,3.1436029579679996,5.028192958360018,1.0,1.0000000000000002,0.9947086887115836,1.0,2.486822838218531,5.024008479575277,0.773927945152378,0.999137891720944,0.35234646144560133,0.32860520094562645,2.220446049250313e-16,2.220446049250313e-16
4.4,3.14157316786442,5.024901952575011,1.0000000000000002,1.0,0.9922011965828081,1.0000000000000002,2.4368753016019467,5.020727646544154,0.7556405622527963,0.9991398066647642,0.35295005281424474,0.32800160957698304,2.220446049250313e-16,2.220446049250313e-16
4.44,3.1388686929487934,5.021630755014386,1.0,1.0000000000000002,0.9887545411729888,1.0,2.3844491723950907,5.0174665065344115,0.7362376089630032,0.9991416977654388,0.35295005281424474,0.3278004124541019,2.220446049250313e-16,2.220446049250313e-16
4.48,3.135244298350958,5.01837910623166,1.0,1.0000000000000002,0.9841217409576225,1.0,2.3295777693876856,5.014224802070998,0.7157092772680973,0.9991435653988546,0.35335244706000707,0.3267944268396962,2.220446049250313e-16,2.220446049250313e-16
4.5200000000000005,3.130401340602158,5.015146751509007,1.0000000000000002,1.0000000000000002,0.9780274890935211,1.0,2.2723169085964003,5.011002280359078,0.694056278000546,0.9991454099319588,0.35335244706000707,0.3263920325939339,2.220446049250313e-16,2.220446049250313e-16
4.5600000000000005,3.1239855298936337,5.011933440739284,1.0000000000000002,1.0,0.9701759985842798,1.0000000000000002,2.2127460674266426,5.007798693167619,0.6712918410180515,0.9991472317230377,0.35295005281424474,0.32598963834817163,2.220446049250313e-16,2.220446049250313e-16
4.6000000000000005,3.1155876598320504,5.008738928312044,1.0000000000000002,1.0,0.9602621220523618,1.0,2.1509693169521493,5.004613796716892,0.6474438357509614,0.9991490311219838,0.35295005281424474,0.3257884412252905,2.220446049250313e-16,2.220446049250313e-16
4.64,3.104747945078018,5.005562973003372,1.0,1.0000000000000002,0.9479854255328073,1.0,2.0871159589886754,5.001447351569749,0.6225569022903744,0.9991508084705553,0.35254765856848247,0.32558724410240936,2.220446049250313e-16,2.220446049250313e-16
4.68,3.090964402479412,5.002405337869365,1.0,1.0000000000000002,0.9330665370772021,1.0,2.021340793185204,4.9982991225264835,0.5966944390794354,0.9991525641026213,0.35254765856848247,0.32518484985664703,2.220446049250313e-16,2.220446049250313e-16
4.72,3.0737054234708525,4.9992657901431325,1.0000000000000004,1.0000000000000002,0.915264756346146,1.0,1.9538239322673618,4.99516887852316,0.5699402556266758,0.9991542983444045,0.3517428700769579,0.32478245561088476,2.220446049250313e-16,2.220446049250313e-16
4.76,3.0524263360006247,4.996144101135149,1.0000000000000002,1.0,0.8943956466644365,1.0,1.8847700835246737,4.9920563925332315,0.5423996752007786,0.9991560115147082,0.3509380815854333,0.3239776671193602,2.220446049250313e-16,2.220446049250313e-16
4.8,3.0265893754135633,4.993040046136828,1.0000000000000002,1.0,0.8703471780287728,1.0,1.8144072236928661,4.988961441472351,0.5141998703985226,0.9991577039251411,0.3513404758311956,0.3237764699964791,2.220446049250313e-16,2.220446049250313e-16
4.84,2.995686115691701,4.9899534043271885,0.9999999999999999,1.0000000000000002,0.8430929794717241,1.0,1.7429846135620237,4.985883806106208,0.48548923904266955,0.9991593758803305,0.3513404758311956,0.3231728786278356,2.220446049250313e-16,2.220446049250313e-16
4.88,2.9592610984519685,4.986883958682482,1.0000000000000002,1.0,0.812701406798221,1.0,1.6707701276384481,4.9828232709612985,0.45643568096764114,0.9991610276781284,0.3517428700769579,0.32236809013631107,2.220446049250313e-16,2.220446049250313e-16
4.92,2.9169351777446173,4.98383149588867,1.0000000000000007,1.0,0.7793394315453808,1.0,1.598046911286897,4.979779624238488,0.4272237154853055,0.9991626596098113,0.3539560384286505,0.32196569589054874,2.220446049250313e-16,2.220446049250313e-16
4.96,2.86842700611086,4.980795806256629,0.9999999999999999,1.0,0.7432707822106851,1.0000000000000002,1.525109419973427,4.976752657729273,0.3980504777070212,0.9991642719602725,0.35435843267441275,0.32156330164478647,2.220446049250313e-16,2.220446049250313e-16
5.0,2.8135711399793237,4.9777766836399815,1.0000000000000009,1.0000000000000002,0.7048482734045847,1.0,1.4522589385480107,4.9737421667346124,0.369120738465865,0.9991658650082068,0.35576681253458076,0.3211609073990242,2.220446049250313e-16,2.220446049250313e-16
5.04,2.7523314415372675,4.974773925355441,-8.834874115176435e-16,1.0000000000000002,0.6645007833625695,1.0,1.3797987185140441,4.970747949986267,0.3406411938651495,0.9991674390262913,0.0,0.3203561189074996,2.220446049250313e-16,2.220446049250313e-16
5.08,2.68480878264777,4.97178733210559,-4.947529504498804e-16,1.0000000000000002,0.6227158212004146,1.0000000000000002,1.3080289036141197,4.967769809570503,0.3128143526416226,0.9991689942813561,0.0,0.3203561189074996,2.220446049250313e-16,2.220446049250313e-16
5.12,2.6112424806120536,4.968816707903973,1.9436723053388158e-16,1.0,0.5800190035899129,1.0,1.2372414352145875,4.964807550854091,0.2858324007713223,0.9991705310345533,0.0,0.3191489361702128,2.220446049250313e-16,2.220446049250313e-16
5.16,2.5320053699309564,4.965861860002432,-5.300924469105861e-17,1.0,0.5369519919095375,1.0,1.167715136497827,4.9618609824125235,0.2598714354349648,0.9991720495415168,0.0,0.3185453448015693,2.220446049250313e-16,2.220446049250313e-16
5.2,2.4475928874085895,4.962922598820599,5.300924469105861e-17,1.0000000000000002,0.49405050260824174,1.0,1.0997111674957214,4.958929915960347,0.235086432551242,0.9991735500525186,0.0,0.3183441476786882,2.220446049250313e-16,2.220446049250313e-16
5.24,2.358606970362355,4.959998737877455,-1.4135798584282297e-16,0.9999999999999999,0.451823897211354,1.0,1.0334690222568261,4.956014166283521,0.21160724746044335,0.99917503281262,0.0,0.3183441476786882,2.220446049250313e-16,2.220446049250313e-16
5.28,2.2657358982974793,4.957090093724877,-7.067899292141149e-17,1.0,0.41073760876703047,1.0,0.9692032071332302,4.953113551173766,0.18953585601720735,0.9991764980618164,0.0,0.31814295055580705,2.220446049250313e-16,2.220446049250313e-16
5.32,2.169731419820155,4.95419648588311,3.533949646070574e-17,1.0,0.37119931069846734,1.0,0.9071006986149578,4.950227891364784,0.1689449357714621,0.999177946035178,0.0,0.3173381620642825,2.220446049250313e-16,2.220446049250313e-16
5.36,2.0713845878095927,4.951317736778083,-3.533949646070574e-17,1.0,0.3335493333908334,1.0,0.8473192342752373,4.947357010470306,0.14987777770665794,0.9991793769629855,0.0,0.3165333735727579,2.220446049250313e-16,2.220446049250313e-16
5.4,1.9715016821835014,4.948453671680512,-0.0,1.0,0.2980554351505095,1.0,0.7899864452680104,4.944500734923891,0.13234942072104697,0.9991807910708628,0.0,0.3159297822041145,2.220446049250313e-16,2.220446049250313e-16
5.44,1.8708814498424688,4.945604118646693,1.766974823035287e-17,1.0000000000000002,0.26491168167131,1.0,0.73519979710677,4.9416588939204225,0.11634882335640842,0.9991821885799033,0.0,0.31532619083547103,2.220446049250313e-16,2.220446049250313e-16
5.48,1.7702946637586836,4.942768908460973,-8.834874115176436e-18,1.0000000000000002,0.23424091316498938,1.0,0.683027270062653,4.938831319359216,0.10184183592346065,0.9991835697067928,0.0,0.31492379658970876,2.220446049250313e-16,2.220446049250313e-16
5.5200000000000005,1.6704667301658997,4.939947874579808,8.834874115176436e-18,1.0000000000000002,0.20610009696630058,1.0,0.6335086833834542,4.936017845788719,0.08877471268434918,0.9991849346639289,0.0,0.3147225994668276,2.220446049250313e-16,2.220446049250313e-16
5.5600000000000005,1.5720637863812266,4.937140853077333,-0.0,1.0000000000000002,0.18048777719188164,1.0,0.5866575495486707,4.9332183103527045,0.07707790598795929,0.9991862836595362,0.0,0.3139178109753031,2.220446049250313e-16,2.220446049250313e-16
5.6000000000000005,1.4756824595739475,4.934347682592446,-1.766974823035287e-17,1.0000000000000002,0.15735283161759628,1.0,0.5424633358741532,4.930432552737935,0.06666990739026324,0.9991876168977782,0.0,0.31351541672954075,2.220446049250313e-16,2.220446049250313e-16
5.64,1.3818432196301675,4.931568204277297,-2.6504622345529306e-17,1.0000000000000002,0.13660381130162544,1.0,0.5008940101207963,4.9276604151232375,0.057460938538136705,0.9991889345788643,0.0,0.3131130224837785,2.220446049250313e-16,2.220446049250313e-16
5.68,1.2909870701997186,4.928802261747159,-0.0,1.0000000000000002,0.1181182490985406,1.0000000000000002,0.46189875296172206,4.924901742129932,0.049356340353881686,0.9991902368991548,0.0,0.31291182536089734,2.220446049250313e-16,2.220446049250313e-16
5.72,1.2034751865944062,4.926049701031645,-8.834874115176436e-18,1.0000000000000002,0.1017514577626034,1.0,0.4254107315463151,4.922156380773566,0.04225955685145159,0.9991915240512619,0.0,0.3125094311151351,2.220446049250313e-16,2.220446049250313e-16
5.76,1.1195910266327778,4.923310370527182,-2.6504622345529306e-17,1.0,0.08734447836599246,1.0,0.39134984322433236,4.9194241804169385,0.03607465498299658,0.9991927962241486,0.0,0.31230823399225394,2.220446049250313e-16,2.220446049250313e-16
5.8,1.0395444053172007,4.920584120950752,-0.0,1.0000000000000002,0.07473097115500438,1.0,0.3596253551264804,4.916704992724325,0.030708360974577447,0.9991940536032219,0.0,0.3117046426236105,2.220446049250313e-16,2.220446049250313e-16
5.84,0.9634770280161732,4.917870805294819,-0.0,1.0000000000000002,0.06374295443650356,1.0000000000000002,0.3301383823381009,4.913998671616897,0.026071624846818176,0.9991952963704264,0.0,0.31150344550072934,2.220446049250313e-16,2.220446049250313e-16
5.88,0.8914690099818697,4.91517027878341,1.3252311172764653e-17,1.0,0.05421538780061011,1.0000000000000002,0.30278416374590417,4.911305073229275,0.022080747673633844,0.9991965247043324,0.0,0.31089985413208593,2.220446049250313e-16,2.220446049250313e-16
5.92,0.823545962979675,4.912482398829327,-4.417437057588218e-18,1.0000000000000002,0.045989662770826854,1.0,0.27745410949504645,4.908624055867203,0.018658121007221896,0.9991977387802227,0.0,0.31029626276344247,2.220446049250313e-16,2.220446049250313e-16
5.96,0.7596862939195484,4.909807024992434,2.208718528794109e-17,1.0,0.03891610829407214,1.0000000000000002,0.2540376068735387,4.90595547996627,0.0157326358110024,0.9991989387701755,0.0,0.31029626276344247,2.220446049250313e-16,2.220446049250313e-16
6.0,0.6998284285211006,4.907144018938989,-0.0,1.0,0.032855643437718116,1.0,0.2324235821077229,4.90329920805168,0.013239820538689648,0.9992001248431461,0.0,0.31029626276344247,2.220446049250313e-16,2.220446049250313e-16
6.04,0.6438777397701477,4.904493244401994,-1.3252311172764653e-17,0.9999999999999999,0.027680719119499334,1.0000000000000002,0.2125018239749189,4.900655104699015,0.011121766106247809,0.9992012971650464,0.0,0.30969267139479906,2.220446049250313e-16,2.220446049250313e-16
6.08,0.591713022449137,4.901854567142523,-4.417437057588218e-18,1.0000000000000002,0.023275688651808228,1.0,0.1941640814348416,4.898023036495962,0.009326890769176246,0.9992024558988186,0.0,0.3092902771490368,2.220446049250313e-16,2.220446049250313e-16
6.12,0.5431924090348895,4.899227854911992,8.834874115176436e-18,1.0,0.019536737013587855,1.0000000000000002,0.1773049518652441,4.895402872004977,0.007809591499883743,0.9992036012045111,0.0,0.30908908002615565,2.220446049250313e-16,2.220446049250313e-16
6.16,0.498158667647794,4.896612977415349,2.208718528794109e-18,1.0,0.016371484191191853,1.0,0.16182257922884352,4.8927944817268685,0.006529821286485124,0.9992047332393501,0.0,0.3084854886575122,2.220446049250313e-16,2.220446049250313e-16
6.2,0.45644385931430026,4.894009806275167,-4.417437057588218e-18,1.0,0.013698361119337258,1.0,0.14761918288709025,4.890197738065227,0.005452624535213016,0.9992058521578081,0.0,0.30768070016598764,2.220446049250313e-16,2.220446049250313e-16
6.24,0.41787336001500097,4.89141821499657,8.834874115176436e-18,1.0000000000000002,0.011445839521295775,1.0,0.1346014380956131,4.887612515291741,0.004547655926511532,0.9992069581116714,0.0,0.3074795030431065,2.220446049250313e-16,2.220446049250313e-16
6.28,0.38226927367928626,4.888838078933015,2.208718528794109e-18,1.0000000000000002,0.009551580531657125,1.0,0.12268072872808693,4.885038689512304,0.003788701939566288,0.9992080512501066,0.0,0.30687591167446304,2.220446049250313e-16,2.220446049250313e-16
6.32,0.3494532765089122,4.886269275252872,1.1043592643970545e-17,1.0,0.007961552144883173,1.0000000000000002,0.11177329170998805,4.882476138633942,0.0031532189677060053,0.9992091317197228,0.0,0.3066747145515819,2.220446049250313e-16,2.220446049250313e-16
6.36,0.3192489418877419,4.883711682906792,2.208718528794109e-18,1.0,0.006629152657844506,1.0,0.1018002711954252,4.8799247423325,0.0026218975385687523,0.9992101996646334,0.0,0.30627232030581963,2.220446049250313e-16,2.220446049250313e-16
6.4,0.29148359975205196,4.881165182595829,2.208718528794109e-18,1.0,0.005514366485514678,1.0000000000000002,0.09268769884671536,4.877384382021085,0.002178258597182308,0.9992112552265165,0.0,0.3060711231829385,2.220446049250313e-16,2.220446049250313e-16
6.44,0.26598978564991926,4.878629656740294,-4.417437057588218e-18,1.0,0.0045829699657153125,1.0000000000000002,0.08436641480115772,4.874854940819232,0.0018082850318901947,0.9992122985446724,0.0,0.30566872893717617,2.220446049250313e-16,2.220446049250313e-16
6.48,0.242606333676688,4.876104989449338,-1.1043592643970545e-18,1.0000000000000002,0.0038057978597813603,1.0000000000000002,0.0767719421255359,4.872336303522774,0.0015000895238411994,0.9992133297560792,0.0,0.3052663346914139,2.220446049250313e-16,2.220446049250313e-16
6.5200000000000005,0.22117916476411895,4.87359106649121,-0.0,1.0000000000000002,0.0031580759713723183,1.0,0.06984432583310234,4.869828356574402,0.001243618273921458,0.9992143489954489,0.0,0.3048639404456516,2.220446049250313e-16,2.220446049250313e-16
6.5600000000000005,0.2015618180133075,4.871087775264201,1.1043592643970545e-18,1.0000000000000002,0.002618821394647115,1.0000000000000002,0.06352794591545585,4.867330988034881,0.001030389101977219,0.9992153563952791,0.0,0.30446154619988935,2.220446049250313e-16,2.220446049250313e-16
6.6000000000000005,0.1836157683583443,4.868595004768226,1.6565388965955816e-18,0.9999999999999999,0.002170309118969029,1.0,0.05777131235087773,4.864844087554917,0.000853261725678255,0.9992163520859048,0.0,0.3038579548312459,2.220446049250313e-16,2.220446049250313e-16
6.640000000000001,0.16721056917953955,4.8661126455770525,1.1043592643970545e-18,1.0000000000000002,0.001797601832742168,1.0,0.052526848706101456,4.862367546347643,0.0007062376257203096,0.9992173361955491,0.0,0.30365675770836476,1.1102230246251565e-16,2.220446049250313e-16
6.68,0.1522238538077284,4.863640589811132,-0.0,1.0,0.0014881385835890852,1.0,0.04775066975497856,4.859901257161714,0.0005842867183964548,0.999218308850371,0.0,0.3032543634626025,2.220446049250313e-16,2.220446049250313e-16
6.72,0.13854122535311605,4.8611787311110435,-1.1043592643970545e-18,1.0000000000000002,0.0012313772956619614,1.0,0.043402357492781034,4.857445114254994,0.0004831980267113388,0.9992192701745125,0.0,0.3028519692168402,2.220446049250313e-16,2.220446049250313e-16
6.76,0.12605606007013456,4.858726964611496,1.6565388965955816e-18,1.0,0.0010184858770499732,1.0,0.03944473902180242,4.854999013368815,0.00039945161974104586,0.9992202202901451,0.0,0.3020471807253156,2.220446049250313e-16,2.220446049250313e-16
6.8,0.11466924560319154,4.856285186915912,-0.0,1.0,0.000842076658173951,1.0,0.03584366901227806,4.852562851702793,0.0003301092397895632,0.9992211593175141,0.0,0.30104119511090993,2.220446049250313e-16,2.220446049250313e-16
6.84,0.10428887198077214,4.8538532960715495,-1.1043592643970545e-18,1.0,0.0006959790972298672,1.0,0.03256781879051306,4.8501365278901805,0.0002727212298130058,0.9992220873749805,0.0,0.30104119511090993,2.220446049250313e-16,2.220446049250313e-16
6.88,0.09482989014514387,4.851431191545166,5.521796321985272e-19,1.0,0.0005750460033239626,1.0000000000000002,0.029588473560847647,4.84771994197375,0.00022524758861558407,0.999223004579066,0.0,0.3008399979880288,2.220446049250313e-16,2.220446049250313e-16
6.92,0.08621375011208254,4.849018774199179,1.1043592643970545e-18,1.0000000000000002,0.0004749889112028675,1.0,0.02687933881706539,4.845312995382191,0.00018599120337667595,0.9992239110444897,0.0,0.3006388008651476,2.220446049250313e-16,2.220446049250313e-16
6.96,0.0783680285280161,4.846615946268359,2.4848083448933724e-18,1.0000000000000002,0.0003922386564854031,1.0,0.024416356629908507,4.842915590906991,0.00015354152767670443,0.9992248068842124,0.0,0.3006388008651476,2.220446049250313e-16,2.220446049250313e-16
7.0,0.07122605340212065,4.844222611336983,-2.760898160992636e-19,1.0,0.0003238276209876949,1.0000000000000002,0.022177532199143854,4.840527632679825,0.00012672718143594863,0.999225692209471,0.0,0.3000352094965042,2.220446049250313e-16,2.220446049250313e-16
7.04,0.06472653210591008,4.841838674316489,-1.1043592643970545e-18,1.0000000000000002,0.0002672905264397711,1.0,0.02014277082073909,4.838149026150384,0.00010457614282626076,0.999226567129819,0.0,0.29983401237362306,2.220446049250313e-16,2.220446049250313e-16
7.08,0.05881318731927204,4.839464041423576,5.521796321985272e-19,1.0000000000000002,0.00022058104030971433,1.0,0.018293725232821672,4.835779678064687,8.628237898591714e-05,0.9992274317531608,0.0,0.2996328152507419,2.220446049250313e-16,2.220446049250313e-16
7.12,0.05343440442678925,4.837098620158758,-0.0,1.0,0.00018200181296910707,1.0,0.01661365315993557,4.833419496443831,7.117792139203266e-05,0.9992282861857893,0.0,0.29923042100497965,2.220446049250313e-16,2.220446049250313e-16
7.16,0.04854289290025983,4.83474231928537,1.380449080496318e-19,1.0000000000000002,0.00015014588782648745,1.0,0.01508728476644208,4.831068390563165,5.870953311996999e-05,0.9992291305324182,0.0,0.29902922388209846,1.1102230246251565e-16,2.220446049250313e-16
7.2,0.044095363413639295,4.8323950488089835,2.760898160992636e-19,1.0000000000000002,0.00012384771447452016,1.0,0.013700699650465113,4.828726270931905,4.8419239682008634e-05,0.999229964896217,0.0,0.2982244353905739,2.220446049250313e-16,2.220446049250313e-16
7.24,0.040052221798886324,4.830056719957247,-1.380449080496318e-19,1.0000000000000002,0.00010214225009385116,1.0,0.012441212954177229,4.826393049273141,3.9928103817788365e-05,0.9992307893788427,0.0,0.2976208440219305,2.220446049250313e-16,2.220446049250313e-16
7.28,0.03637728044194591,4.827727245160133,2.760898160992636e-19,1.0000000000000002,8.423085810848852e-05,1.0,0.011297270129887231,4.82406863850426,3.2922718852055614e-05,0.9992316040804725,0.0,0.2974196468990493,1.1102230246251565e-16,2.220446049250313e-16
7.32,0.033037487316655435,4.825406538030581,1.380449080496318e-19,1.0000000000000002,6.945290777256321e-05,1.0,0.010258349880458593,4.82175295271775,2.714397647515633e-05,0.9992324090998336,0.0,0.29701725265328704,1.1102230246251565e-16,2.220446049250313e-16
7.36,0.030002672542691084,4.823094513345512,4.141347241488954e-19,1.0,5.7262146665903e-05,1.0,0.009314874783825434,4.81944590716239,2.2377734474757122e-05,0.999233204534234,0.0,0.29701725265328704,1.1102230246251565e-16,2.220446049250313e-16
7.4,0.02724531211620965,4.820791087027236,-1.380449080496318e-19,1.0000000000000002,4.7207062754136906e-05,1.0,0.00845812911208491,4.817147418224809,1.844706943520224e-05,0.9992339904795913,0.0,0.29641366128464364,1.1102230246251565e-16,2.220446049250313e-16
7.44,0.024740308285264183,4.818496176125218,1.380449080496318e-19,1.0000000000000002,3.8914576447460295e-05,1.0000000000000002,0.007680183363607992,4.814857403411399,1.5205850015737562e-05,0.9992347670304607,0.0,0.2962124641617625,1.1102230246251565e-16,2.220446049250313e-16
7.48,0.022464785915054467,4.816209698798188,-4.831571781737114e-19,1.0,3.207650854743425e-05,1.0,0.006973825039999142,4.8125757813306,1.253340930347576e-05,0.999235534280064,0.0,0.29601126703888136,2.220446049250313e-16,2.220446049250313e-16
7.5200000000000005,0.020397904101061893,4.813931574296623,-0.0,1.0000000000000002,2.643835948963248e-05,1.0,0.006332495217064311,4.8103024716755,1.0330130977593366e-05,0.9992362923203152,0.0,0.29601126703888136,1.1102230246251565e-16,2.220446049250313e-16
7.5600000000000005,0.018520682233104952,4.811661722945545,2.070673620744477e-19,1.0000000000000002,2.1790011035898374e-05,1.0,0.0057502304790154725,4.808037395206799,8.513794565772618e-06,0.999237041241847,0.0,0.29601126703888136,1.1102230246251565e-16,2.220446049250313e-16
7.6000000000000005,0.016815839683662702,4.809400066127659,2.070673620744477e-19,1.0,1.7958025482645077e-05,1.0,0.005221609806988355,4.805780473736079,7.01655075727712e-06,0.9992377811340372,0.0,0.29520647854735677,2.220446049250313e-16,2.220446049250313e-16
7.640000000000001,0.015267648283924842,4.807146526266821,-1.380449080496318e-19,1.0000000000000002,1.4799271244591582e-05,1.0000000000000002,0.00474170603581642,4.803531630109403,5.782419287573615e-06,0.9992385120850319,0.0,0.29500528142447563,1.1102230246251565e-16,2.220446049250313e-16
7.68,0.013861796756391652,4.804901026811796,-1.380449080496318e-19,1.0,1.2195648849101836e-05,1.0,0.004306041516291711,4.801290788191222,4.765219958591091e-06,0.9992392341817716,0.0,0.29500528142447563,1.1102230246251565e-16,2.220446049250313e-16
7.72,0.012585266289744471,4.80266349222036,6.90224540248159e-20,1.0000000000000002,1.004972924073406e-05,1.0,0.003910547643390853,4.799057872848586,3.926862450158246e-06,0.9992399475100132,0.0,0.29460288717871336,2.220446049250313e-16,2.220446049250313e-16
7.76,0.011426216467117589,4.800433847943663,-2.070673620744477e-19,1.0000000000000002,8.2811479760464e-06,1.0000000000000002,0.003551527933802209,4.796832809935649,3.2359331777901714e-06,0.9992406521543536,0.0,0.29460288717871336,1.1102230246251565e-16,2.220446049250313e-16
7.8,0.010373880790383207,4.798212020410906,-0.0,1.0000000000000002,6.823625354137619e-06,1.0000000000000002,0.0032256243582973096,4.7946155262784735,2.666527957281026e-06,0.9992413481982518,0.0,0.2939992958100699,1.1102230246251565e-16,2.220446049250313e-16
7.84,0.009418471078663304,4.795997937014311,3.4511227012407953e-19,1.0000000000000002,5.622504605832036e-06,1.0,0.0029297866558595717,4.7924059496600995,2.1972879850429603e-06,0.9992420357240518,0.0,0.2935969015643076,1.1102230246251565e-16,2.220446049250313e-16
7.88,0.008551090057452184,4.793791526094343,-6.90224540248159e-20,1.0,4.632718658703753e-06,1.0000000000000002,0.002661244376886343,4.790204008805907,1.810603920892947e-06,0.9992427148130014,0.0,0.2935969015643076,1.1102230246251565e-16,2.220446049250313e-16
7.92,0.007763651494255275,4.791592716925228,6.90224540248159e-20,1.0000000000000002,3.817111303199726e-06,1.0,0.002417481422134134,4.788009633369236,1.491958908318138e-06,0.9992433855452757,0.0,0.29319450731854535,2.220446049250313e-16,2.220446049250313e-16
7.96,0.00704880727657635,4.789401439700728,-6.90224540248159e-20,1.0000000000000002,3.1450513120756826e-06,1.0,0.00219621286233533,4.785822753917278,1.2293863895449851e-06,0.999244047999995,0.0,0.29259091594990194,2.220446049250313e-16,2.220446049250313e-16
8.0,0.00639988086769364,4.787217625520172,6.90224540248159e-20,1.0,2.591288636750144e-06,1.0,0.001995363840559723,4.783643301917222,1.0130227397482078e-06,0.9992447022552456,0.0,0.2921885217041396,1.1102230246251565e-16,2.220446049250313e-16
8.040000000000001,0.005810806614411869,4.785041206374752,-1.7255613506203976e-20,1.0,2.135010577841224e-06,1.0,0.001813050375430236,4.781471209722641,8.347381996803703e-07,0.9992453483880989,0.0,0.29178612745837734,1.1102230246251565e-16,2.220446049250313e-16
8.08,0.0052760744184650165,4.7828721151340545,5.1766840518611925e-20,1.0000000000000002,1.7590631036093224e-06,1.0,0.001647561898249337,4.779306410560146,6.8783244874937e-07,0.9992459864746297,0.0,0.2915849303354962,1.1102230246251565e-16,2.220446049250313e-16
8.120000000000001,0.004790679319192157,4.780710285532843,1.7255613506203976e-20,1.0,1.4493085205776782e-06,1.0,0.0014973453709837344,4.77714883851626,5.667835312494865e-07,0.9992466165899343,0.0,0.29118253608973393,1.1102230246251565e-16,2.220446049250313e-16
8.16,0.004350075569328683,4.778555652158077,-5.1766840518611925e-20,1.0,1.1940956957250707e-06,1.0,0.0013609908449310505,4.774998428524542,4.6704081063658973e-07,0.9992472388081484,0.0,0.2907801418439716,1.1102230246251565e-16,2.220446049250313e-16
8.2,0.0039501348181323415,4.776408150436152,5.1766840518611925e-20,1.0000000000000002,9.838231648272174e-07,1.0000000000000002,0.0012372183318004747,4.77285511635292,3.84854250045116e-07,0.999247853202465,0.0,0.29057894472109047,1.1102230246251565e-16,2.220446049250313e-16
8.24,0.003587108046540902,4.77426771662039,3.451122701240795e-20,1.0000000000000002,8.105788831382842e-07,1.0,0.001124865869930612,4.770718838591274,3.171336596377831e-07,0.9992484598451503,0.0,0.29037774759820933,1.1102230246251565e-16,2.220446049250313e-16
8.28,0.0032575909276220897,4.772134287778719,-0.0,1.0,6.678432045695973e-07,1.0,0.0010228786784947776,4.76858953263922,2.613326610485695e-07,0.9992490588075604,0.0,0.2897741562295659,1.1102230246251565e-16,2.220446049250313e-16
8.32,0.002958492312247406,4.770007801781602,1.7255613506203976e-20,1.0000000000000002,5.502440151626402e-07,1.0000000000000002,0.0009302993018600655,4.766467136694113,2.153530361418049e-07,0.9992496501601585,0.0,0.28917056486092246,1.1102230246251565e-16,2.220446049250313e-16
8.36,0.0026870055647445408,4.767888197290144,1.7255613506203976e-20,1.0,4.53354880294251e-07,1.0,0.0008462586548249378,4.764351589739264,1.774658848133767e-07,0.9992502339725281,0.0,0.28856697349227906,1.1102230246251565e-16,2.220446049250313e-16
8.4,0.0024405824963219303,4.765775413744448,-6.039464727171392e-20,1.0000000000000002,3.735286625517486e-07,1.0000000000000002,0.0007699678873126154,4.762242831532357,1.4624664213747075e-07,0.9992508103133912,0.0,0.28856697349227906,1.1102230246251565e-16,2.220446049250313e-16
8.44,0.002216909665389542,4.76366939135213,-1.7255613506203976e-20,0.9999999999999999,3.077603866950579e-07,1.0,0.000700710994294666,4.760140802594074,1.2052152167140533e-07,0.9992513792506212,0.0,0.28856697349227906,1.1102230246251565e-16,2.220446049250313e-16
8.48,0.0020138868336067165,4.761570071077068,1.7255613506203976e-20,1.0000000000000002,2.535742176040473e-07,1.0000000000000002,0.0006378381033090089,4.7580454441969,9.932337808223233e-08,0.999251940851258,0.0,0.2881645792465168,1.1102230246251565e-16,2.220446049250313e-16
8.52,0.0018296073846601128,4.759477394628319,-1.7255613506203976e-20,1.0,2.089303165418188e-07,1.0000000000000002,0.0005807593779651518,4.75595669835415,8.185533412058478e-08,0.9992524951815221,0.0,0.28796338212363565,1.1102230246251565e-16,2.220446049250313e-16
8.56,0.0016623405295042393,4.757391304449246,-1.7255613506203976e-20,1.0000000000000002,1.7214808336213853e-07,1.0,0.000528939481340225,4.753874507809151,6.746080729139645e-08,0.9992530423068299,0.0,0.2877621850007545,1.1102230246251565e-16,2.220446049250313e-16
8.6,0.0015105151371755106,4.755311743706825,1.2941710129652981e-20,1.0,1.4184290485322357e-07,1.0,0.00048189254820330354,4.7517988160246345,5.559881108813081e-08,0.9992535822918044,0.0,0.28715859363211105,1.1102230246251565e-16,2.220446049250313e-16
8.64,0.001372705044408902,4.75323865628112,1.2941710129652981e-20,1.0000000000000002,1.1687403477339617e-07,1.0000000000000002,0.00043917761960087545,4.749729567172295,4.582360322216052e-08,0.999254115200291,0.0,0.2869573965092299,1.1102230246251565e-16,2.220446049250313e-16
8.68,0.0012476157102323546,4.75117198675496,-2.156951688275497e-20,1.0000000000000002,9.63016480201141e-08,1.0,0.00040039449752903434,4.747666706122529,3.7767916217656244e-08,0.9992546410953694,0.0,0.2867561993863488,1.1102230246251565e-16,2.220446049250313e-16
8.72,0.0011340720935730333,4.749111680403775,4.313903376550994e-21,1.0,7.935145519938008e-08,1.0000000000000002,0.00036517998124129485,4.745610178434352,3.11291401071345e-08,0.9992551600393663,0.0,0.28655500226346764,1.1102230246251565e-16,2.220446049250313e-16
8.76,0.001031007642762665,4.747057683185613,-1.2941710129652981e-20,1.0,6.538554742486267e-08,1.0000000000000002,0.00033320445022585294,4.743559930345475,2.565793775438518e-08,0.9992556720938678,0.0,0.28615260801770537,1.1102230246251565e-16,2.220446049250313e-16
8.8,0.0009374542957535181,4.745009941731309,-0.0,1.0,5.387837497380806e-08,1.0,0.00030416876206123584,4.741515908762554,2.1148864671691177e-08,0.999256177319731,0.0,0.28615260801770537,1.1102230246251565e-16,2.220446049250313e-16
8.84,0.0008525333989248836,4.74296840333484,4.313903376550994e-21,1.0000000000000002,4.439695620095288e-08,1.0,0.00027780143625107145,4.739478061251611,1.743264049811524e-08,0.9992566757770964,0.0,0.28575021377194304,1.1102230246251565e-16,2.220446049250313e-16
8.88,0.000775447460640585,4.740933015943823,6.4708550648264906e-21,1.0000000000000002,3.6584572033495497e-08,1.0,0.000253856097771579,4.737446336028591,1.4369781376500443e-08,0.9992571675253996,0.0,0.2855490166490619,1.1102230246251565e-16,2.220446049250313e-16
8.92,0.0007054726632748001,4.73890372815018,-2.156951688275497e-21,1.0,3.014733237038278e-08,1.0000000000000002,0.00023210915646174006,4.735420681950096,1.184535362819646e-08,0.9992576526233816,0.0,0.28534781952618077,1.1102230246251565e-16,2.220446049250313e-16
8.96,0.000641952064316114,4.736880489180949,6.4708550648264906e-21,1.0000000000000002,2.4843108692141446e-08,1.0,0.00021235770056665554,4.7334010485042635,9.76465129139986e-09,0.9992581311291007,0.0,0.28514662240329963,1.1102230246251565e-16,2.220446049250313e-16
9.0,0.0005842894234433776,4.734863248889264,4.313903376550994e-21,1.0,2.0472416183953354e-08,1.0,0.0001944175847282219,4.7313873858018,8.049634840478444e-09,0.9992586030999426,0.0,0.28514662240329963,1.1102230246251565e-16,2.220446049250313e-16
9.040000000000001,0.0005319435981930505,4.732851957745456,-2.156951688275497e-21,1.0,1.6870902029436706e-08,1.0000000000000002,0.00017812169452138154,4.729379644567152,6.63599704289723e-09,0.9992590685926314,0.0,0.2849454252804185,1.1102230246251565e-16,2.220446049250313e-16
9.08,0.00048442345605362883,4.7308465668283315,-0.0,1.0000000000000002,1.3903156969359017e-08,1.0000000000000002,0.0001633183712747065,4.727377776129834,5.470745509694359e-09,0.9992595276632394,0.0,0.28474422815753736,1.1102230246251565e-16,2.220446049250313e-16
9.120000000000001,0.000441283255572292,4.7288470278165615,2.156951688275497e-21,1.0,1.1457617042309626e-08,1.0,0.00014986998240553608,4.725381732415883,4.510210942835883e-09,0.9992599803671979,0.0,0.2843418339117751,1.1102230246251565e-16,2.220446049250313e-16
9.16,0.0004021184533823629,4.72685329298024,-4.313903376550994e-21,0.9999999999999999,9.442363463116099e-09,1.0,0.00013765162385561834,4.723391465939469,3.718406106691968e-09,0.9992604267593065,0.0,0.28393943966601276,1.1102230246251565e-16,2.220446049250313e-16
9.200000000000001,0.0003665618979946382,4.724865315172552,6.4708550648264906e-21,1.0,7.781662420867187e-09,1.0,0.00012654994244536857,4.721406929794624,3.0656737545696205e-09,0.9992608668937422,0.0,0.28393943966601276,1.1102230246251565e-16,2.220446049250313e-16
9.24,0.0003342803747752156,4.7228830478216,-3.2354275324132453e-21,1.0,6.413114443878056e-09,1.0,0.0001164620670845677,4.71942807764712,2.527572619302056e-09,0.9992613008240702,0.0,0.28393943966601276,1.1102230246251565e-16,2.220446049250313e-16
9.28,0.00030497146978830636,4.720906444922347,2.156951688275497e-21,1.0000000000000002,5.2853059417442194e-09,1.0000000000000002,0.0001072946387947126,4.717454863726461,2.08395954092636e-09,0.9992617286032518,0.0,0.2835370454202505,1.1102230246251565e-16,2.220446049250313e-16
9.32,0.0002783607231433842,4.718935461028693,-4.313903376550994e-21,1.0,4.355874450871221e-09,1.0,9.896293042254591e-05,4.715487242818021,1.7182331884656423e-09,0.999262150283654,0.0,0.2835370454202505,1.1102230246251565e-16,2.220446049250313e-16
9.36,0.0002541990451780349,4.716970051245677,-0.0,1.0,3.58991469810273e-09,1.0000000000000002,9.139004776396855e-05,4.713525170255294,1.4167109178535456e-09,0.9992625659170586,0.0,0.28333584829736935,1.1102230246251565e-16,2.220446049250313e-16
9.4,0.000232260371255071,4.715010171221814,2.156951688275497e-21,1.0,2.9586654360566737e-09,1.0,8.450620458024574e-05,4.711568601912273,1.1681153199159582e-09,0.9992629755546704,0.0,0.2829334540516071,1.1102230246251565e-16,2.220446049250313e-16
9.44,0.00021233953317673288,4.713055777141534,1.0784758441377485e-21,1.0000000000000002,2.4384275841736124e-09,1.0,7.824806468116174e-05,4.70961749419595,9.631511427134498e-10,0.9992633792471256,0.0,0.28253105980584475,1.1102230246251565e-16,2.220446049250313e-16
9.48,0.00019425032724016477,4.711106825717758,-1.6177137662066227e-21,1.0,2.0096729245551376e-09,1.0,7.25581448789247e-05,4.70767180403893,7.94156674364624e-10,0.9992637770445,0.0,0.2823298626829636,1.1102230246251565e-16,2.220446049250313e-16
9.52,0.0001778237607950835,4.709163274184582,3.2354275324132453e-21,1.0,1.6563097815165483e-09,1.0,6.738427318797184e-05,4.705731488892177,6.548164756799848e-10,0.9992641689963185,0.0,0.2821286655600825,1.1102230246251565e-16,2.220446049250313e-16
9.56,0.00016290646083332532,4.707225080290085,-0.0,1.0000000000000002,1.3650780288198475e-09,1.0,6.267909716465478e-05,4.7037965067178416,5.399246610414577e-10,0.9992645551515605,0.0,0.28192746843720135,1.1102230246251565e-16,2.220446049250313e-16
9.6,0.00014935922965595268,4.705292202289236,2.156951688275497e-21,1.0,1.125050641906727e-09,1.0000000000000002,5.83996377518912e-05,4.701866815982249,4.4518982851013135e-10,0.9992649355586705,0.0,0.28192746843720135,1.1102230246251565e-16,2.220446049250313e-16
9.64,0.00013705573404069855,4.70336459893693,1.6177137662066227e-21,1.0000000000000002,9.272230257815211e-10,1.0,5.450688442162818e-05,4.699942375648948,3.670743072361389e-10,0.999265310265563,0.0,0.2815250741914391,1.1102230246251565e-16,2.220446049250313e-16
9.68,0.00012588131558331723,4.701442229481116,1.6177137662066227e-21,1.0000000000000002,7.641746570992406e-10,1.0,5.09654277963341e-05,4.698023145171896,3.0266168167591063e-10,0.9992656793196325,0.0,0.2811226799456768,1.1102230246251565e-16,2.220446049250313e-16
9.72,0.00011573191102240604,4.699525053656047,-5.3923792206887425e-22,1.0000000000000002,6.297903025049897e-10,1.0,4.774312628334086e-05,4.6961090844887545,2.4954761566030484e-10,0.9992660427677587,0.0,0.2811226799456768,1.1102230246251565e-16,2.220446049250313e-16
9.76,0.00010651307238891947,4.697613031675617,2.426570649309934e-21,1.0,5.190303198936136e-10,1.0000000000000002,4.4810803575970494e-05,4.694200154014264,2.0574987588346007e-10,0.9992664006563156,0.0,0.2807202856999145,1.1102230246251565e-16,2.220446049250313e-16
9.8,9.813907775843683e-05,4.695706124226823,-1.0784758441377485e-21,1.0000000000000002,4.277413977048751e-10,1.0,4.2141974165989075e-05,4.692296314633742,1.6963417626726955e-10,0.9992667530311764,0.0,0.28051908857703334,1.1102230246251565e-16,2.220446049250313e-16
9.84,9.053212423493177e-05,4.693804292463309,5.3923792206887425e-22,1.0000000000000002,3.525006107811065e-10,1.0,3.971259427574273e-05,4.690397527696678,1.3985305957691055e-10,0.9992670999377227,0.0,0.28011669433127107,1.1102230246251565e-16,2.220446049250313e-16
9.88,8.362159556721064e-05,4.691907497999025,8.088568831033113e-22,1.0000000000000002,2.904869253694027e-10,1.0000000000000002,3.750083585781196e-05,4.6885037550104185,1.1529552262975142e-10,0.9992674414208498,0.0,0.2797143000855088,1.1102230246251565e-16,2.220446049250313e-16
9.92,7.73433975004963e-05,4.690015702901962,5.3923792206887425e-22,1.0000000000000002,2.393753198982256e-10,1.0000000000000002,3.548688152740753e-05,4.686614958833958,9.50454952407286e-11,0.9992677775249731,0.0,0.27951310296262766,1.1102230246251565e-16,2.220446049250313e-16
9.96,7.163935460236402e-05,4.688128869688016,-0.0,1.0000000000000002,1.9724953929207938e-10,1.0,3.365273849005882e-05,4.68473110187182,7.834761569024071e-11,0.9992681082940363,0.0,0.27911070871686533,1.1102230246251565e-16,2.220446049250313e-16
10.0,6.645666288029607e-05,4.686246961314905,5.3923792206887425e-22,1.0,1.6253020216322851e-10,1.0,3.198206970625829e-05,4.682852147268034,6.457901952451938e-11,0.9992684337715155,0.0,0.2789095115939842,1.1102230246251565e-16,2.220446049250313e-16
