target_id,n_sites,thermal_ratio,rate_ratio,gamma_rec,gamma_abs,eta_rescue,eta_rescue_sem,eta_deph,delta_eta,samples,parameter_match,artifact_stage
T004,6,0.029999999999999995,0.020000000000000004,0.010000000000000002,3.338237795364999e-17,0.37507947398736047,0.0078763177016512,0.6624271723114653,-0.28734769832410484,15,paper_subset,exploratory
T004,6,0.04913681120862191,0.020000000000000004,0.010000000000000002,1.4505239678964109e-11,0.375079473955174,0.007876317702000134,0.6624271723114653,-0.2873476983562913,15,paper_subset,exploratory
T004,6,0.08048087385839177,0.020000000000000004,0.010000000000000002,4.0156457021218595e-08,0.37507938487711895,0.007876318669333712,0.6624271723114653,-0.28734778743434636,15,paper_subset,exploratory
T004,6,0.1318191168228237,0.020000000000000004,0.010000000000000002,5.074293406865882e-06,0.37506821418733566,0.007876439979392047,0.6624271723114653,-0.28735895812412965,15,paper_subset,exploratory
T004,6,0.21590570190034555,0.020000000000000004,0.010000000000000002,9.738660972735104e-05,0.3748635304128378,0.007878663890244001,0.6624271723114653,-0.2875636418986275,15,paper_subset,exploratory
T004,6,0.3536305904380761,0.020000000000000004,0.010000000000000002,0.0005914225349836695,0.3737731159645487,0.00789054637502947,0.6624271723114653,-0.2886540563469166,15,paper_subset,exploratory
T004,6,0.5792093186649748,0.020000000000000004,0.010000000000000002,0.0017790749411824207,0.3711858326727056,0.007918966149235965,0.6624271723114653,-0.2912413396387597,15,paper_subset,exploratory
T004,6,0.9486832980505137,0.020000000000000004,0.010000000000000002,0.0034850853674870154,0.36755122983328803,0.00795937953852052,0.6624271723114653,-0.2948759424781773,15,paper_subset,exploratory
T004,6,1.5538424037693628,0.020000000000000004,0.010000000000000002,0.005254154953793832,0.3638805921784572,0.008000698275157994,0.6624271723114653,-0.2985465801330081,15,paper_subset,exploratory
T004,6,2.5450286947322147,0.020000000000000004,0.010000000000000002,0.006750808089821467,0.3608503621664509,0.008035129812317503,0.6624271723114653,-0.3015768101450144,15,paper_subset,exploratory
T004,6,4.168486483119412,0.020000000000000004,0.010000000000000002,0.007867102848427409,0.3586335927347865,0.008060472200585148,0.6624271723114653,-0.3037935795766788,15,paper_subset,exploratory
T004,6,6.827537778224365,0.020000000000000004,0.010000000000000002,0.008637553712819771,0.3571246640723112,0.008077785687155248,0.6624271723114653,-0.3053025082391541,15,paper_subset,exploratory
T004,6,11.182781160944813,0.020000000000000004,0.010000000000000002,0.009144584990800491,0.35614085453332867,0.008089098100314227,0.6624271723114653,-0.30628631777813664,15,paper_subset,exploratory
T004,6,18.31620688975598,0.020000000000000004,0.010000000000000002,0.009468671725821599,0.35551580268400157,0.008096294281862008,0.6624271723114653,-0.30691136962746374,15,paper_subset,exploratory
T004,6,29.999999999999996,0.020000000000000004,0.010000000000000002,0.009672161004820061,0.355124838413583,0.00810079873531314,0.6624271723114653,-0.3073023338978823,15,paper_subset,exploratory
T004,6,0.029999999999999995,0.028606523738550924,0.014303261869275462,4.7747689369018366e-17,0.4251971325658305,0.006769531836378322,0.6624271723114653,-0.23723003974563478,15,paper_subset,exploratory
T004,6,0.04913681120862191,0.028606523738550924,0.014303261869275462,2.0747224160482874e-11,0.4251971325148141,0.006769531837020897,0.6624271723114653,-0.2372300397966512,15,paper_subset,exploratory
T004,6,0.08048087385839177,0.028606523738550924,0.014303261869275462,5.743683205167947e-08,0.4251969913479512,0.0067695336115993834,0.6624271723114653,-0.23723018096351411,15,paper_subset,exploratory
T004,6,0.1318191168228237,0.028606523738550924,0.014303261869275462,7.2578947399940635e-06,0.4251792888018375,0.006769756156739389,0.6624271723114653,-0.23724788350962783,15,paper_subset,exploratory
T004,6,0.21590570190034555,0.028606523738550924,0.014303261869275462,0.00013929461814912307,0.42485501026205097,0.006773836305522714,0.6624271723114653,-0.23757216204941434,15,paper_subset,exploratory
T004,6,0.3536305904380761,0.028606523738550924,0.014303261869275462,0.0008459271393262152,0.4231303576182834,0.006795646730392599,0.6624271723114653,-0.23929681469318193,15,paper_subset,exploratory
T004,6,0.5792093186649748,0.028606523738550924,0.014303261869275462,0.0025446574768797996,0.41905746237123903,0.006847854113856987,0.6624271723114653,-0.24336970994022628,15,paper_subset,exploratory
T004,6,0.9486832980505137,0.028606523738550924,0.014303261869275462,0.0049848088647946875,0.41338111621586965,0.006922091427557796,0.6624271723114653,-0.24904605609559566,15,paper_subset,exploratory
T004,6,1.5538424037693628,0.028606523738550924,0.014303261869275462,0.007515155420586407,0.4077012132716292,0.006997837128926775,0.6624271723114653,-0.2547259590398361,15,paper_subset,exploratory
T004,6,2.5450286947322147,0.028606523738550924,0.014303261869275462,0.009655857593793967,0.403051473561091,0.007060733161048362,0.6624271723114653,-0.2593756987503743,15,paper_subset,exploratory
T004,6,4.168486483119412,0.028606523738550924,0.014303261869275462,0.011252523219358011,0.3996720558871201,0.007106850806707092,0.6624271723114653,-0.2627551164243452,15,paper_subset,exploratory
T004,6,6.827537778224365,0.028606523738550924,0.014303261869275462,0.01235451926643937,0.3973822841815352,0.007138257359230596,0.6624271723114653,-0.2650448881299301,15,paper_subset,exploratory
T004,6,11.182781160944813,0.028606523738550924,0.014303261869275462,0.013079739380926533,0.39589393845315135,0.007158729903157174,0.6624271723114653,-0.26653323385831396,15,paper_subset,exploratory
T004,6,18.31620688975598,0.028606523738550924,0.014303261869275462,0.013543289124863073,0.39495019797454756,0.007171732281516479,0.6624271723114653,-0.26747697433691775,15,paper_subset,exploratory
T004,6,29.999999999999996,0.028606523738550924,0.014303261869275462,0.013834345169373579,0.394360629947513,0.007179862615297716,0.6624271723114653,-0.26806654236395233,15,paper_subset,exploratory
T004,6,0.029999999999999995,0.04091666002021387,0.020458330010106936,6.829477046978897e-17,0.4895996857128208,0.005422982852752437,0.6624271723114653,-0.1728274865986445,15,paper_subset,exploratory
T004,6,0.04913681120862191,0.04091666002021387,0.020458330010106936,2.9675298022794527e-11,0.4895996856320008,0.005422982853815224,0.6624271723114653,-0.17282748667946451,15,paper_subset,exploratory
T004,6,0.08048087385839177,0.04091666002021387,0.020458330010106936,8.215340497767656e-08,0.48959946195430043,0.00542298579980009,0.6624271723114653,-0.17282771035716488,15,paper_subset,exploratory
T004,6,0.1318191168228237,0.04091666002021387,0.020458330010106936,1.0381156908577202e-05,0.48957141295136825,0.005423355259593948,0.6624271723114653,-0.17285575936009706,15,paper_subset,exploratory
T004,6,0.21590570190034555,0.04091666002021387,0.020458330010106936,0.00019923674003676376,0.48905779224202944,0.005430132997520885,0.6624271723114653,-0.17336938006943586,15,paper_subset,exploratory
T004,6,0.3536305904380761,0.04091666002021387,0.020458330010106936,0.0012099517396109924,0.48633204920977113,0.005466486109562439,0.6624271723114653,-0.17609512310169417,15,paper_subset,exploratory
T004,6,0.5792093186649748,0.04091666002021387,0.020458330010106936,0.003639690225942154,0.47993413826361586,0.005554200583485733,0.6624271723114653,-0.18249303404784945,15,paper_subset,exploratory
T004,6,0.9486832980505137,0.04091666002021387,0.020458330010106936,0.007129902656144415,0.47110753277458184,0.0056800516702421346,0.6624271723114653,-0.19131963953688347,15,paper_subset,exploratory
T004,6,1.5538424037693628,0.04091666002021387,0.020458330010106936,0.010749123596895234,0.46237790085471014,0.005809066477029499,0.6624271723114653,-0.20004927145675516,15,paper_subset,exploratory
T004,6,2.5450286947322147,0.04091666002021387,0.020458330010106936,0.013811025973646716,0.45530600484668377,0.005916187282580912,0.6624271723114653,-0.20712116746478154,15,paper_subset,exploratory
T004,6,4.168486483119412,0.04091666002021387,0.020458330010106936,0.01609477862965802,0.4502073365219325,0.00599454113540951,0.6624271723114653,-0.2122198357895328,15,paper_subset,exploratory
T004,6,6.827537778224365,0.04091666002021387,0.020458330010106936,0.01767099243368913,0.4467720422894832,0.006047751634765465,0.6624271723114653,-0.2156551300219821,15,paper_subset,exploratory
T004,6,11.182781160944813,0.04091666002021387,0.020458330010106936,0.018708293754726713,0.44454741166201267,0.006082357062220453,0.6624271723114653,-0.21787976064945264,15,paper_subset,exploratory
T004,6,18.31620688975598,0.04091666002021387,0.020458330010106936,0.019371321092422702,0.44314016641131176,0.006104298846181974,0.6624271723114653,-0.21928700590015354,15,paper_subset,exploratory
T004,6,29.999999999999996,0.04091666002021387,0.020458330010106936,0.019787626174749627,0.4422623590216029,0.006118003626866363,0.6624271723114653,-0.22016481328986243,15,paper_subset,exploratory
T004,6,0.029999999999999995,0.05852417030852325,0.029262085154261624,9.768379863314517e-17,0.5686977481796179,0.003928826096688008,0.6624271723114653,-0.09372942413184737,15,paper_subset,exploratory
T004,6,0.04913681120862191,0.05852417030852325,0.029262085154261624,4.2445355866882225e-11,0.5686977480534574,0.003928826098112682,0.6624271723114653,-0.0937294242580079,15,paper_subset,exploratory
T004,6,0.08048087385839177,0.05852417030852325,0.029262085154261624,1.1750616648483454e-07,0.5686973989256489,0.003928830043066892,0.6624271723114653,-0.09372977338581645,15,paper_subset,exploratory
T004,6,0.1318191168228237,0.05852417030852325,0.029262085154261624,1.4848440576941773e-05,0.5686536196166153,0.003929324865872324,0.6624271723114653,-0.09377355269485,15,paper_subset,exploratory
T004,6,0.21590570190034555,0.05852417030852325,0.029262085154261624,0.00028497352667265893,0.5678523158722454,0.003938430812506756,0.6624271723114653,-0.09457485643921992,15,paper_subset,exploratory
T004,6,0.3536305904380761,0.05852417030852325,0.029262085154261624,0.001730625658084141,0.5636113376316412,0.003988136058676368,0.6624271723114653,-0.09881583467982413,15,paper_subset,exploratory
T004,6,0.5792093186649748,0.05852417030852325,0.029262085154261624,0.005205944242469297,0.5537316766841346,0.00411304968457437,0.6624271723114653,-0.10869549562733072,15,paper_subset,exploratory
T004,6,0.9486832980505137,0.05852417030852325,0.029262085154261624,0.01019808647932762,0.5402696256602294,0.004300808317066462,0.6624271723114653,-0.1221575466512359,15,paper_subset,exploratory
T004,6,1.5538424037693628,0.05852417030852325,0.029262085154261624,0.015374752967160062,0.5271408102542403,0.004499243535877553,0.6624271723114653,-0.135286362057225,15,paper_subset,exploratory
T004,6,2.5450286947322147,0.05852417030852325,0.029262085154261624,0.019754272118443397,0.5166357627780456,0.004666131469975714,0.6624271723114653,-0.14579140953341974,15,paper_subset,exploratory
T004,6,4.168486483119412,0.05852417030852325,0.029262085154261624,0.023020783346801698,0.5091323873297701,0.004788581429605841,0.6624271723114653,-0.15329478498169524,15,paper_subset,exploratory
T004,6,6.827537778224365,0.05852417030852325,0.029262085154261624,0.025275283226904078,0.5041095115546376,0.004871692090676837,0.6624271723114653,-0.15831766075682774,15,paper_subset,exploratory
T004,6,11.182781160944813,0.05852417030852325,0.029262085154261624,0.026758962470118667,0.5008706042643055,0.004925667480915966,0.6624271723114653,-0.1615565680471598,15,paper_subset,exploratory
T004,6,18.31620688975598,0.05852417030852325,0.029262085154261624,0.027707307833874095,0.49882730670757996,0.004959847002527727,0.6624271723114653,-0.16359986560388534,15,paper_subset,exploratory
T004,6,29.999999999999996,0.05852417030852325,0.029262085154261624,0.028302759894877325,0.4975549110059904,0.00498117515332254,0.6624271723114653,-0.1648722613054749,15,paper_subset,exploratory
T004,6,0.029999999999999995,0.08370865336048837,0.041854326680244185,1.3971969522354478e-16,0.6598419734660469,0.0025745467509030377,0.6624271723114653,-0.0025851988454184127,15,paper_subset,exploratory
T004,6,0.04913681120862191,0.08370865336048837,0.041854326680244185,6.07107040098604e-11,0.6598419732761427,0.0025745467515837553,0.6624271723114653,-0.002585199035322616,15,paper_subset,exploratory
T004,6,0.08048087385839177,0.08370865336048837,0.041854326680244185,1.680721470487268e-07,0.6598414477349389,0.0025745486405903363,0.6624271723114653,-0.0025857245765263936,15,paper_subset,exploratory
T004,6,0.1318191168228237,0.08370865336048837,0.041854326680244185,2.123811339223738e-05,0.6597755486557749,0.0025747860872129763,0.6624271723114653,-0.0026516236556903827,15,paper_subset,exploratory
T004,6,0.21590570190034555,0.08370865336048837,0.041854326680244185,0.00040760509778099956,0.658570013291908,0.0025793319530660465,0.6624271723114653,-0.003857159019557299,15,paper_subset,exploratory
T004,6,0.3536305904380761,0.08370865336048837,0.041854326680244185,0.0024753591985264647,0.6522094284885864,0.0026095374510648876,0.6624271723114653,-0.010217743822878878,15,paper_subset,exploratory
T004,6,0.5792093186649748,0.08370865336048837,0.041854326680244185,0.007446198377688522,0.6375188769329763,0.0027165433528779526,0.6624271723114653,-0.024908295378489043,15,paper_subset,exploratory
T004,6,0.9486832980505137,0.08370865336048837,0.041854326680244185,0.014586590147934037,0.6177774852168529,0.002929316004317269,0.6624271723114653,-0.04464968709461237,15,paper_subset,exploratory
T004,6,1.5538424037693628,0.08370865336048837,0.041854326680244185,0.021990911786471026,0.5988179839134452,0.003189023892243434,0.6624271723114653,-0.0636091883980201,15,paper_subset,exploratory
T004,6,2.5450286947322147,0.08370865336048837,0.041854326680244185,0.028255052714702283,0.5838470923145387,0.003420286210918305,0.6624271723114653,-0.07858007999692662,15,paper_subset,exploratory
T004,6,4.168486483119412,0.08370865336048837,0.041854326680244185,0.03292722926451603,0.5732587704188163,0.0035932829714325773,0.6624271723114653,-0.08916840189264896,15,paper_subset,exploratory
T004,6,6.827537778224365,0.08370865336048837,0.041854326680244185,0.03615189948145147,0.5662183758800086,0.0037113586020389696,0.6624271723114653,-0.09620879643145674,15,paper_subset,exploratory
T004,6,11.182781160944813,0.08370865336048837,0.041854326680244185,0.03827404475602215,0.5616984084089717,0.003788124847486674,0.6624271723114653,-0.10072876390249363,15,paper_subset,exploratory
T004,6,18.31620688975598,0.08370865336048837,0.041854326680244185,0.039630487964052864,0.558854879459764,0.003836727201629804,0.6624271723114653,-0.10357229285170133,15,paper_subset,exploratory
T004,6,29.999999999999996,0.08370865336048837,0.041854326680244185,0.04048217863996576,0.5570872478432416,0.003867042195446562,0.6624271723114653,-0.10533992446822371,15,paper_subset,exploratory
T004,6,0.029999999999999995,0.11973067897394704,0.05986533948697352,1.9984473890777168e-16,0.7559017089629863,0.0019658700615447344,0.6624271723114653,0.09347453665152095,15,paper_subset,exploratory
T004,6,0.04913681120862191,0.11973067897394704,0.05986533948697352,8.68361097721105e-11,0.7559017086949221,0.001965870058403918,0.6624271723114653,0.09347453638345682,15,paper_subset,exploratory
T004,6,0.08048087385839177,0.11973067897394704,0.05986533948697352,2.403979932169312e-07,0.7559009668792603,0.001965861363824765,0.6624271723114653,0.09347379456779503,15,paper_subset,exploratory
T004,6,0.1318191168228237,0.11973067897394704,0.05986533948697352,3.037742974585374e-05,0.7558079509913701,0.0019647722070479452,0.6624271723114653,0.0933807786799048,15,paper_subset,exploratory
T004,6,0.21590570190034555,0.11973067897394704,0.05986533948697352,0.0005830082452813267,0.7541072060978126,0.0019452293075285835,0.6624271723114653,0.09168003378634726,15,paper_subset,exploratory
T004,6,0.3536305904380761,0.11973067897394704,0.05986533948697352,0.0035405710837043843,0.7451604538472211,0.00185471010325544,0.6624271723114653,0.08273328153575576,15,paper_subset,exploratory
T004,6,0.5792093186649748,0.11973067897394704,0.05986533948697352,0.010650492532665303,0.7246635618087535,0.0017362397855179906,0.6624271723114653,0.06223638949728816,15,paper_subset,exploratory
T004,6,0.9486832980505137,0.11973067897394704,0.05986533948697352,0.0208635818665694,0.6974700456362775,0.001789903764829395,0.6624271723114653,0.03504287332481215,15,paper_subset,exploratory
T004,6,1.5538424037693628,0.11973067897394704,0.05986533948697352,0.03145417700260313,0.6717125964647601,0.0020317472851456757,0.6624271723114653,0.009285424153294808,15,paper_subset,exploratory
T004,6,2.5450286947322147,0.11973067897394704,0.05986533948697352,0.040413941810856925,0.6516110612022169,0.0023046294379179245,0.6624271723114653,-0.010816111109248405,15,paper_subset,exploratory
T004,6,4.168486483119412,0.11973067897394704,0.05986533948697352,0.047096678280004314,0.6375160912038124,0.0025221263590816303,0.6624271723114653,-0.024911081107652944,15,paper_subset,exploratory
T004,6,6.827537778224365,0.11973067897394704,0.05986533948697352,0.05170900853549241,0.6281987381248142,0.002673330456455647,0.6624271723114653,-0.03422843418665111,15,paper_subset,exploratory
T004,6,11.182781160944813,0.11973067897394704,0.05986533948697352,0.05474436849417539,0.6222396327631159,0.0027721699992715276,0.6624271723114653,-0.040187539548349416,15,paper_subset,exploratory
T004,6,18.31620688975598,0.11973067897394704,0.05986533948697352,0.056684524735701736,0.6184997401405542,0.002834841129622074,0.6624271723114653,-0.04392743217091111,15,paper_subset,exploratory
T004,6,29.999999999999996,0.11973067897394704,0.05986533948697352,0.05790272021262197,0.6161783837642202,0.002873943275302654,0.6624271723114653,-0.04624878854724512,15,paper_subset,exploratory
T004,6,0.029999999999999995,0.17125392551505172,0.08562696275752586,2.8584316337948396e-16,0.8454014952365134,0.002181588534345721,0.6624271723114653,0.18297432292504812,15,paper_subset,exploratory
T004,6,0.04913681120862191,0.17125392551505172,0.08562696275752586,1.2420396177796458e-10,0.8454014948938758,0.002181588528138281,0.6624271723114653,0.18297432258241053,15,paper_subset,exploratory
T004,6,0.08048087385839177,0.17125392551505172,0.08562696275752586,3.438475449830072e-07,0.8454005466531161,0.0021815713501556963,0.6624271723114653,0.18297337434165084,15,paper_subset,exploratory
T004,6,0.1318191168228237,0.17125392551505172,0.08562696275752586,4.344963325704638e-05,0.8452816485903385,0.0021794177444382896,0.6624271723114653,0.1828544762788732,15,paper_subset,exploratory
T004,6,0.21590570190034555,0.17125392551505172,0.08562696275752586,0.0008338919604205592,0.8431081378990827,0.0021401598209114924,0.6624271723114653,0.18068096558761737,15,paper_subset,exploratory
T004,6,0.3536305904380761,0.17125392551505172,0.08562696275752586,0.00506417153770082,0.8316891901156058,0.0019380045762115864,0.6624271723114653,0.16926201780414052,15,paper_subset,exploratory
T004,6,0.5792093186649748,0.17125392551505172,0.08562696275752586,0.015233678373147461,0.8056215818415838,0.0015176807157319225,0.6624271723114653,0.14319440953011853,15,paper_subset,exploratory
T004,6,0.9486832980505137,0.17125392551505172,0.08562696275752586,0.029841727496860895,0.7712386701628933,0.0011497095314116192,0.6624271723114653,0.10881149785142796,15,paper_subset,exploratory
T004,6,1.5538424037693628,0.17125392551505172,0.08562696275752586,0.04498973305507743,0.7388901124766065,0.0011654330088608155,0.6624271723114653,0.07646294016514121,15,paper_subset,exploratory
T004,6,2.5450286947322147,0.17125392551505172,0.08562696275752586,0.05780511928903469,0.7137992350486674,0.001412092997159083,0.6624271723114653,0.05137206273720207,15,paper_subset,exploratory
T004,6,4.168486483119412,0.17125392551505172,0.08562696275752586,0.06736361226119192,0.6962897455174353,0.0016518884712866844,0.6624271723114653,0.03386257320596997,15,paper_subset,exploratory
T004,6,6.827537778224365,0.17125392551505172,0.08562696275752586,0.07396074900837477,0.6847542889173112,0.001825861462615332,0.6624271723114653,0.022327116605845854,15,paper_subset,exploratory
T004,6,11.182781160944813,0.17125392551505172,0.08562696275752586,0.07830230384403035,0.6773931210404254,0.0019408690794470852,0.6624271723114653,0.014965948728960066,15,paper_subset,exploratory
T004,6,18.31620688975598,0.17125392551505172,0.08562696275752586,0.0810773601230164,0.6727799767254121,0.0020140254095537824,0.6624271723114653,0.010352804413946814,15,paper_subset,exploratory
T004,6,29.999999999999996,0.17125392551505172,0.08562696275752586,0.08281977701445212,0.6699191968720373,0.0020597100156899677,0.6624271723114653,0.007492024560571964,15,paper_subset,exploratory
T004,6,0.029999999999999995,0.24494897427831788,0.12247448713915894,4.088489619358848e-16,0.9159996161861371,0.0023102973406937456,0.6624271723114653,0.2535724438746718,15,paper_subset,exploratory
T004,6,0.04913681120862191,0.24494897427831788,0.12247448713915894,1.7765217905117074e-10,0.9159996158047722,0.0023102973351757615,0.6624271723114653,0.2535724434933069,15,paper_subset,exploratory
T004,6,0.08048087385839177,0.24494897427831788,0.12247448713915894,4.918141478999424e-07,0.9159985604109266,0.0023102820721114478,0.6624271723114653,0.25357138809946134,15,paper_subset,exploratory
T004,6,0.1318191168228237,0.24494897427831788,0.12247448713915894,6.214714825995143e-05,0.9158662217629832,0.0023083677814611757,0.6624271723114653,0.25343904945151785,15,paper_subset,exploratory
T004,6,0.21590570190034555,0.24494897427831788,0.12247448713915894,0.0011927375080578743,0.9134453211919917,0.0022732070324651132,0.6624271723114653,0.2510181488805264,15,paper_subset,exploratory
T004,6,0.3536305904380761,0.24494897427831788,0.12247448713915894,0.00724341716546662,0.900676206534509,0.002083799442185903,0.6624271723114653,0.23824903422304367,15,paper_subset,exploratory
T004,6,0.5792093186649748,0.24494897427831788,0.12247448713915894,0.02178912910034463,0.8712472458223817,0.00163191125152441,0.6624271723114653,0.20882007351091636,15,paper_subset,exploratory
T004,6,0.9486832980505137,0.24494897427831788,0.12247448713915894,0.04268340430191594,0.8319744423853881,0.0010482085063520737,0.6624271723114653,0.16954727007392278,15,paper_subset,exploratory
T004,6,1.5538424037693628,0.24494897427831788,0.12247448713915894,0.06434999333155707,0.7947118548178204,0.0006902824567330659,0.6624271723114653,0.13228468250635506,15,paper_subset,exploratory
T004,6,2.5450286947322147,0.24494897427831788,0.12247448713915894,0.08268017585757692,0.7656880888121784,0.0007751780484656194,0.6624271723114653,0.10326091650071312,15,paper_subset,exploratory
T004,6,4.168486483119412,0.24494897427831788,0.12247448713915894,0.09635193866321631,0.7454018174381448,0.0009969384268127114,0.6624271723114653,0.08297464512667951,15,paper_subset,exploratory
T004,6,6.827537778224365,0.24494897427831788,0.12247448713915894,0.10578799611145395,0.7320309161224695,0.0011757451408531817,0.6624271723114653,0.0696037438110042,15,paper_subset,exploratory
T004,6,11.182781160944813,0.24494897427831788,0.12247448713915894,0.11199783568487405,0.7234980509220624,0.0012965198814528349,0.6624271723114653,0.061070878610597124,15,paper_subset,exploratory
T004,6,18.31620688975598,0.24494897427831788,0.12247448713915894,0.1159670713509055,0.7181509378304229,0.0013737798492916551,0.6624271723114653,0.055723765518957635,15,paper_subset,exploratory
T004,6,29.999999999999996,0.24494897427831788,0.12247448713915894,0.1184592958592709,0.7148352340598131,0.001422106637047662,0.6624271723114653,0.05240806174834778,15,paper_subset,exploratory
T004,6,0.029999999999999995,0.35035693237132,0.17517846618566,5.847873767550396e-16,0.9609039002452047,0.001995923659566831,0.6624271723114653,0.29847672793373936,15,paper_subset,exploratory
T004,6,0.04913681120862191,0.35035693237132,0.17517846618566,2.5410056386163075e-10,0.9609038998882921,0.001995923657556792,0.6624271723114653,0.29847672757682675,15,paper_subset,exploratory
T004,6,0.08048087385839177,0.35035693237132,0.17517846618566,7.034546548427449e-07,0.9609029121673911,0.001995918095440938,0.6624271723114653,0.2984757398559258,15,paper_subset,exploratory
T004,6,0.1318191168228237,0.35035693237132,0.17517846618566,8.889069359907722e-05,0.9607790401543977,0.0019952190001712097,0.6624271723114653,0.29835186784293244,15,paper_subset,exploratory
T004,6,0.21590570190034555,0.35035693237132,0.17517846618566,0.0017060036919058828,0.9585064160391479,0.0019818604210462307,0.6624271723114653,0.2960792437276826,15,paper_subset,exploratory
T004,6,0.3536305904380761,0.35035693237132,0.17517846618566,0.010360449254607405,0.9463241422359069,0.001894741159182599,0.6624271723114653,0.2838969699244416,15,paper_subset,exploratory
T004,6,0.5792093186649748,0.35035693237132,0.17517846618566,0.031165561942567966,0.9171936949295123,0.0016078180182572052,0.6624271723114653,0.254766522618047,15,paper_subset,exploratory
T004,6,0.9486832980505137,0.35035693237132,0.17517846618566,0.061051190920246245,0.8766368518204533,0.0011070500852311158,0.6624271723114653,0.21420967950898795,15,paper_subset,exploratory
T004,6,1.5538424037693628,0.35035693237132,0.17517846618566,0.09204148059073905,0.8369697940306271,0.000609219960038456,0.6624271723114653,0.1745426217191618,15,paper_subset,exploratory
T004,6,2.5450286947322147,0.35035693237132,0.17517846618566,0.11825962066886694,0.8055447036831717,0.00040587228971959667,0.6624271723114653,0.14311753137170635,15,paper_subset,exploratory
T004,6,4.168486483119412,0.35035693237132,0.17517846618566,0.137814701031235,0.7833876561148145,0.0005320175444840603,0.6624271723114653,0.12096048380334923,15,paper_subset,exploratory
T004,6,6.827537778224365,0.35035693237132,0.17517846618566,0.151311341100802,0.7687179464529799,0.0006908133296021544,0.6624271723114653,0.10629077414151455,15,paper_subset,exploratory
T004,6,11.182781160944813,0.35035693237132,0.17517846618566,0.16019343725928376,0.7593337960531172,0.0008045357644944112,0.6624271723114653,0.09690662374165193,15,paper_subset,exploratory
T004,6,18.31620688975598,0.35035693237132,0.17517846618566,0.16587073897449534,0.7534454389697304,0.0008782864320024038,0.6624271723114653,0.09101826665826507,15,paper_subset,exploratory
T004,6,29.999999999999996,0.35035693237132,0.17517846618566,0.16943543295251298,0.7497913552411275,0.0009246160155706767,0.6624271723114653,0.08736418292966219,15,paper_subset,exploratory
T004,6,0.029999999999999995,0.5011246951423022,0.2505623475711511,8.364366987573979e-16,0.9831015056400346,0.0014472224360636374,0.6624271723114653,0.3206743333285693,15,paper_subset,exploratory
T004,6,0.04913681120862191,0.5011246951423022,0.2505623475711511,3.6344669060434566e-10,0.9831015053613326,0.001447222438218342,0.6624271723114653,0.32067433304986726,15,paper_subset,exploratory
T004,6,0.08048087385839177,0.5011246951423022,0.2505623475711511,1.006169614137656e-06,0.9831007340624273,0.0014472283973162496,0.6624271723114653,0.32067356175096196,15,paper_subset,exploratory
T004,6,0.1318191168228237,0.5011246951423022,0.2505623475711511,0.00012714268682891293,0.9830039676437112,0.0014479726972449075,0.6624271723114653,0.3205767953322459,15,paper_subset,exploratory
T004,6,0.21590570190034555,0.5011246951423022,0.2505623475711511,0.002440141755528057,0.9812160670640202,0.0014605747294018745,0.6624271723114653,0.3187888947525549,15,paper_subset,exploratory
T004,6,0.3536305904380761,0.5011246951423022,0.2505623475711511,0.014818821877198945,0.9712638643693343,0.0014973079691722015,0.6624271723114653,0.308836692057869,15,paper_subset,exploratory
T004,6,0.5792093186649748,0.5011246951423022,0.2505623475711511,0.04457691937676748,0.9455357240589426,0.0014260749022664567,0.6624271723114653,0.2831085517474773,15,paper_subset,exploratory
T004,6,0.9486832980505137,0.5011246951423022,0.2505623475711511,0.08732311711634141,0.9067853829241749,0.0011015090668142714,0.6624271723114653,0.24435821061270957,15,paper_subset,exploratory
T004,6,1.5538424037693628,0.5011246951423022,0.2505623475711511,0.13164933997251752,0.8669038534080519,0.000665588465983245,0.6624271723114653,0.20447668109658657,15,paper_subset,exploratory
T004,6,2.5450286947322147,0.5011246951423022,0.2505623475711511,0.16914983229879846,0.8344342618513002,0.0003276348112657839,0.6624271723114653,0.1720070895398349,15,paper_subset,exploratory
T004,6,4.168486483119412,0.5011246951423022,0.2505623475711511,0.19711997582856608,0.8112165884320038,0.0002488096792924106,0.6624271723114653,0.14878941612053853,15,paper_subset,exploratory
T004,6,6.827537778224365,0.5011246951423022,0.2505623475711511,0.21642457355560338,0.7957304703840665,0.00034761729786903574,0.6624271723114653,0.13330329807260122,15,paper_subset,exploratory
T004,6,11.182781160944813,0.5011246951423022,0.2505623475711511,0.22912886828588838,0.7857839299048923,0.00044082253371829845,0.6624271723114653,0.12335675759342701,15,paper_subset,exploratory
T004,6,18.31620688975598,0.5011246951423022,0.2505623475711511,0.2372492616002442,0.779528400984744,0.000504050231910127,0.6624271723114653,0.11710122867327866,15,paper_subset,exploratory
T004,6,29.999999999999996,0.5011246951423022,0.2505623475711511,0.24234793674538577,0.7756413113806455,0.0005442765718641186,0.6624271723114653,0.11321413906918021,15,paper_subset,exploratory
T004,6,0.029999999999999995,0.7167717743781181,0.35838588718905906,1.1963773139399335e-15,0.9918604463854553,0.0009582822203204011,0.6624271723114653,0.32943327407399003,15,paper_subset,exploratory
T004,6,0.04913681120862191,0.7167717743781181,0.35838588718905906,5.198473191235494e-10,0.9918604461937587,0.0009582822247745392,0.6624271723114653,0.3294332738822934,15,paper_subset,exploratory
T004,6,0.08048087385839177,0.7167717743781181,0.35838588718905906,1.4391507475918743e-06,0.9918599156994453,0.0009582945501065432,0.6624271723114653,0.32943274338798,15,paper_subset,exploratory
T004,6,0.1318191168228237,0.7167717743781181,0.35838588718905906,0.0001818555144477222,0.9917933179095961,0.0009598368392588553,0.6624271723114653,0.3293661455981308,15,paper_subset,exploratory
T004,6,0.21590570190034555,0.7167717743781181,0.35838588718905906,0.0034901986527471345,0.9905480894859092,0.0009869334806028808,0.6624271723114653,0.3281209171744439,15,paper_subset,exploratory
T004,6,0.3536305904380761,0.7167717743781181,0.35838588718905906,0.02119574899037247,0.9831819389659322,0.0010966486059913107,0.6624271723114653,0.3207547666544669,15,paper_subset,exploratory
T004,6,0.5792093186649748,0.7167717743781181,0.35838588718905906,0.06375953511714848,0.9618600322794223,0.0011701065163223275,0.6624271723114653,0.299432859967957,15,paper_subset,exploratory
T004,6,0.9486832980505137,0.7167717743781181,0.35838588718905906,0.12490054113564417,0.9263302602818705,0.000993358085871896,0.6624271723114653,0.2639030879704052,15,paper_subset,exploratory
T004,6,1.5538424037693628,0.7167717743781181,0.35838588718905906,0.18830149845441915,0.8874612723984583,0.0006605739186704133,0.6624271723114653,0.22503410008699298,15,paper_subset,exploratory
T004,6,2.5450286947322147,0.7167717743781181,0.35838588718905906,0.2419394346513743,0.8547884728768771,0.0003573129428497803,0.6624271723114653,0.19236130056541179,15,paper_subset,exploratory
T004,6,4.168486483119412,0.7167717743781181,0.35838588718905906,0.28194586339412303,0.8310387840659847,0.00017006581127429715,0.6624271723114653,0.16861161175451944,15,paper_subset,exploratory
T004,6,6.827537778224365,0.7167717743781181,0.35838588718905906,0.30955773505120643,0.8150597662879411,0.00014849943108235334,0.6624271723114653,0.15263259397647577,15,paper_subset,exploratory
T004,6,11.182781160944813,0.7167717743781181,0.35838588718905906,0.32772902049037866,0.8047476279139064,0.0002037552071157684,0.6624271723114653,0.1423204556024411,15,paper_subset,exploratory
T004,6,18.31620688975598,0.7167717743781181,0.35838588718905906,0.3393438316960532,0.7982446015388547,0.000250700647151679,0.6624271723114653,0.13581742922738937,15,paper_subset,exploratory
T004,6,29.999999999999996,0.7167717743781181,0.35838588718905906,0.34663660027478577,0.7941973524488234,0.00028196460699481395,0.6624271723114653,0.13177018013735808,15,paper_subset,exploratory
T004,6,0.029999999999999995,1.0252174389435444,0.5126087194717722,1.7112098015743239e-15,0.995131138995676,0.0006235863207901032,0.6624271723114653,0.33270396668421065,15,paper_subset,exploratory
T004,6,0.04913681120862191,1.0252174389435444,0.5126087194717722,7.435512337464931e-10,0.9951311388659353,0.0006235863251726269,0.6624271723114653,0.33270396655447,15,paper_subset,exploratory
T004,6,0.08048087385839177,1.0252174389435444,0.5126087194717722,2.0584550012170115e-06,0.9951307798092895,0.0006235984556507667,0.6624271723114653,0.33270360749782424,15,paper_subset,exploratory
T004,6,0.1318191168228237,1.0252174389435444,0.5126087194717722,0.00026011270455175754,0.9950856725894597,0.0006251171303923547,0.6624271723114653,0.3326585002779944,15,paper_subset,exploratory
T004,6,0.21590570190034555,1.0252174389435444,0.5126087194717722,0.004992122530603465,0.9942312180091829,0.0006520603894927603,0.6624271723114653,0.3318040456977176,15,paper_subset,exploratory
T004,6,0.3536305904380761,1.0252174389435444,0.5126087194717722,0.03031683483247282,0.9888367904128784,0.000768352554502642,0.6624271723114653,0.3264096181014131,15,paper_subset,exploratory
T004,6,0.5792093186649748,1.0252174389435444,0.5126087194717722,0.0911969327443839,0.9713156334214592,0.0008867210481274486,0.6624271723114653,0.3088884611099939,15,paper_subset,exploratory
T004,6,0.9486832980505137,1.0252174389435444,0.5126087194717722,0.17864851474773294,0.9390661451036556,0.0008000501464115434,0.6624271723114653,0.2766389727921903,15,paper_subset,exploratory
T004,6,1.5538424037693628,1.0252174389435444,0.5126087194717722,0.2693325642770524,0.9016020419455211,0.0005656339290928408,0.6624271723114653,0.23917486963405576,15,paper_subset,exploratory
T004,6,2.5450286947322147,1.0252174389435444,0.5126087194717722,0.3460523090323062,0.8690943099072685,0.0003365740494355367,0.6624271723114653,0.20666713759580324,15,paper_subset,exploratory
T004,6,4.168486483119412,1.0252174389435444,0.5126087194717722,0.4032745517085105,0.8450731495792728,0.00017397246619553128,0.6624271723114653,0.1826459772678075,15,paper_subset,exploratory
T004,6,6.827537778224365,1.0252174389435444,0.5126087194717722,0.4427685348097194,0.8287698899228828,8.954798285961841e-05,0.6624271723114653,0.1663427176114175,15,paper_subset,exploratory
T004,6,11.182781160944813,1.0252174389435444,0.5126087194717722,0.4687594002235027,0.8181978401674747,8.635787979194574e-05,0.6624271723114653,0.15577066785600935,15,paper_subset,exploratory
T004,6,18.31620688975598,1.0252174389435444,0.5126087194717722,0.4853723688471984,0.8115126669546198,0.00011138301652399879,0.6624271723114653,0.14908549464315446,15,paper_subset,exploratory
T004,6,29.999999999999996,1.0252174389435444,0.5126087194717722,0.495803406720562,0.8073454243804189,0.00013220698573349413,0.6624271723114653,0.1449182520689536,15,paper_subset,exploratory
T004,6,0.029999999999999995,1.466395350215744,0.733197675107872,2.447588190518845e-15,0.9965995569862647,0.0003943630421394008,0.6624271723114653,0.33417238467479937,15,paper_subset,exploratory
T004,6,0.04913681120862191,1.466395350215744,0.733197675107872,1.0635208009498938e-09,0.9965995568929208,0.0003943630453454098,0.6624271723114653,0.3341723845814555,15,paper_subset,exploratory
T004,6,0.08048087385839177,1.466395350215744,0.733197675107872,2.944262092852665e-06,0.9965992985594728,0.0003943719137546596,0.6624271723114653,0.3341721262480075,15,paper_subset,exploratory
T004,6,0.1318191168228237,1.466395350215744,0.733197675107872,0.00037204601287292675,0.9965668283097244,0.0003954825569960931,0.6624271723114653,0.3341396559982591,15,paper_subset,exploratory
T004,6,0.21590570190034555,1.466395350215744,0.733197675107872,0.0071403635838731445,0.9959458304185118,0.0004153094028767847,0.6624271723114653,0.3335186581070465,15,paper_subset,exploratory
T004,6,0.3536305904380761,1.466395350215744,0.733197675107872,0.043362962765643054,0.991825848951031,0.0005040814726989452,0.6624271723114653,0.3293986766395657,15,paper_subset,exploratory
T004,6,0.5792093186649748,1.466395350215744,0.733197675107872,0.13044136107176246,0.9771405425472292,0.0006094282841428668,0.6624271723114653,0.31471337023576385,15,paper_subset,exploratory
T004,6,0.9486832980505137,1.466395350215744,0.733197675107872,0.2555256488993943,0.9477022979533706,0.0005756188131345114,0.6624271723114653,0.28527512564190527,15,paper_subset,exploratory
T004,6,1.5538424037693628,1.466395350215744,0.733197675107872,0.38523341967781455,0.911599735816719,0.00042775424495487054,0.6624271723114653,0.24917256350525374,15,paper_subset,exploratory
T004,6,2.5450286947322147,1.466395350215744,0.733197675107872,0.4949676796556513,0.8793350510716512,0.00027206067677890556,0.6624271723114653,0.2169078787601859,15,paper_subset,exploratory
T004,6,4.168486483119412,1.466395350215744,0.733197675107872,0.5768141518301493,0.8551206206952308,0.0001551154474430803,0.6624271723114653,0.19269344838376545,15,paper_subset,exploratory
T004,6,6.827537778224365,1.466395350215744,0.733197675107872,0.6333034300858823,0.8385490681751544,8.215678258075644e-05,0.6624271723114653,0.1761218958636891,15,paper_subset,exploratory
T004,6,11.182781160944813,1.466395350215744,0.733197675107872,0.670478845508126,0.8277535344371386,5.1440611718048146e-05,0.6624271723114653,0.1653263621256733,15,paper_subset,exploratory
T004,6,18.31620688975598,1.466395350215744,0.733197675107872,0.6942408095732038,0.820909126857701,5.3487432950653306e-05,0.6624271723114653,0.1584819545462357,15,paper_subset,exploratory
T004,6,29.999999999999996,1.466395350215744,0.733197675107872,0.7091605962003087,0.8166360931632126,6.377479479712678e-05,0.6624271723114653,0.1542089208517473,15,paper_subset,exploratory
T004,6,0.029999999999999995,2.097423669802368,1.048711834901184,3.5008494837137104e-15,0.9974437569016755,0.00022851347869542327,0.6624271723114653,0.3350165845902102,15,paper_subset,exploratory
T004,6,0.04913681120862191,2.097423669802368,1.048711834901184,1.5211816519407907e-09,0.9974437568303366,0.0002285134807012902,0.6624271723114653,0.3350165845188713,15,paper_subset,exploratory
T004,6,0.08048087385839177,2.097423669802368,1.048711834901184,4.211255172585267e-06,0.9974435593897534,0.0002285190331224275,0.6624271723114653,0.33501638707828807,15,paper_subset,exploratory
T004,6,0.1318191168228237,2.097423669802368,1.048711834901184,0.0005321471549541298,0.9974187346566844,0.00022921458911292786,0.6624271723114653,0.3349915623452191,15,paper_subset,exploratory
T004,6,0.21590570190034555,2.097423669802368,1.048711834901184,0.010213049018197577,0.9969409688501099,0.00024169836905813387,0.6624271723114653,0.33451379653864455,15,paper_subset,exploratory
T004,6,0.3536305904380761,2.097423669802368,1.048711834901184,0.06202318118646336,0.9936592556169054,0.00029957744683501873,0.6624271723114653,0.3312320833054401,15,paper_subset,exploratory
T004,6,0.5792093186649748,2.097423669802368,1.048711834901184,0.18657369459941317,0.9810869406433775,0.0003797419741479566,0.6624271723114653,0.31865976833191223,15,paper_subset,exploratory
T004,6,0.9486832980505137,2.097423669802368,1.048711834901184,0.3654850270524574,0.9539845435860864,0.00038200494813270795,0.6624271723114653,0.2915573712746211,15,paper_subset,exploratory
T004,6,1.5538424037693628,2.097423669802368,1.048711834901184,0.5510094482448273,0.9190667915864256,0.00030071037136145996,0.6624271723114653,0.25663961927496026,15,paper_subset,exploratory
T004,6,2.5450286947322147,2.097423669802368,1.048711834901184,0.7079652338942425,0.886976785951748,0.00020108840493073582,0.6624271723114653,0.2245496136402827,15,paper_subset,exploratory
T004,6,4.168486483119412,2.097423669802368,1.048711834901184,0.8250323863530638,0.8625305835428382,0.00012139555460492917,0.6624271723114653,0.20010341123137287,15,paper_subset,exploratory
T004,6,6.827537778224365,2.097423669802368,1.048711834901184,0.9058304803228755,0.8456654019565238,6.871048957722931e-05,0.6624271723114653,0.18323822964505854,15,paper_subset,exploratory
T004,6,11.182781160944813,2.097423669802368,1.048711834901184,0.9590034505112207,0.8346297625082452,4.029678282305642e-05,0.6624271723114653,0.17220259019677986,15,paper_subset,exploratory
T004,6,18.31620688975598,2.097423669802368,1.048711834901184,0.9929908099663327,0.8276154972699288,3.220720084905405e-05,0.6624271723114653,0.16518832495846347,15,paper_subset,exploratory
T004,6,29.999999999999996,2.097423669802368,1.048711834901184,1.0143309714824522,0.8232300104595799,3.463918661097616e-05,0.6624271723114653,0.16080283814811458,15,paper_subset,exploratory
T004,6,0.029999999999999995,3.0,1.5,5.0073566930474975e-15,0.9980295406390974,0.00012101246705586105,0.6624271723114653,0.33560236832763213,15,paper_subset,exploratory
T004,6,0.04913681120862191,3.0,1.5,2.175785951844616e-09,0.9980295405830318,0.00012101246825980731,0.6624271723114653,0.33560236827156653,15,paper_subset,exploratory
T004,6,0.08048087385839177,3.0,1.5,6.023468553182788e-06,0.9980293854295549,0.00012101579795310959,0.6624271723114653,0.3356022131180896,15,paper_subset,exploratory
T004,6,0.1318191168228237,3.0,1.5,0.0007611440110298821,0.9980098728494825,0.00012143305492760135,0.6624271723114653,0.3355827005380172,15,paper_subset,exploratory
T004,6,0.21590570190034555,3.0,1.5,0.014607991459102652,0.9976325893197393,0.00012897254828882535,0.6624271723114653,0.335205417008274,15,paper_subset,exploratory
T004,6,0.3536305904380761,3.0,1.5,0.08871338024755042,0.9949697146548697,0.0001655530563844972,0.6624271723114653,0.3325425423434044,15,paper_subset,exploratory
T004,6,0.5792093186649748,3.0,1.5,0.26686124117736304,0.9841172520817093,0.0002258455706668668,0.6624271723114653,0.321690079770244,15,paper_subset,exploratory
T004,6,0.9486832980505137,3.0,1.5,0.5227628051230522,0.9590679540671956,0.0002444691046582653,0.6624271723114653,0.2966407817557303,15,paper_subset,exploratory
T004,6,1.5538424037693628,3.0,1.5,0.7881232430690746,0.9251594799668795,0.00019959045265998808,0.6624271723114653,0.2627323076554142,15,paper_subset,exploratory
T004,6,2.5450286947322147,3.0,1.5,1.0126212134732198,0.8930910322607185,0.0001356353249613911,0.6624271723114653,0.2306638599492532,15,paper_subset,exploratory
T004,6,4.168486483119412,3.0,1.5,1.1800654272641111,0.8682887892357244,8.356075783723277e-05,0.6624271723114653,0.20586161692425908,15,paper_subset,exploratory
T004,6,6.827537778224365,3.0,1.5,1.2956330569229655,0.8510425881656208,4.910057083577932e-05,0.6624271723114653,0.18861541585415553,15,paper_subset,exploratory
T004,6,11.182781160944813,3.0,1.5,1.3716877486200734,0.8397101005990485,2.949532896604224e-05,0.6624271723114653,0.17728292828758319,15,paper_subset,exploratory
T004,6,18.31620688975598,3.0,1.5,1.4203007588732395,0.8324904421388319,2.1283808193544734e-05,0.6624271723114653,0.17006326982736664,15,paper_subset,exploratory
T004,6,29.999999999999996,3.0,1.5,1.4508241507230089,0.8279705828411231,2.0054963113849284e-05,0.6624271723114653,0.16554341052965782,15,paper_subset,exploratory
